-- phpMyAdmin SQL Dump
-- version 5.1.3
-- https://www.phpmyadmin.net/
--
-- Host: 127.0.0.1
-- Generation Time: Sep 30, 2022 at 12:54 AM
-- Server version: 10.4.24-MariaDB
-- PHP Version: 7.4.29

SET SQL_MODE = "NO_AUTO_VALUE_ON_ZERO";
START TRANSACTION;
SET time_zone = "+00:00";


/*!40101 SET @OLD_CHARACTER_SET_CLIENT=@@CHARACTER_SET_CLIENT */;
/*!40101 SET @OLD_CHARACTER_SET_RESULTS=@@CHARACTER_SET_RESULTS */;
/*!40101 SET @OLD_COLLATION_CONNECTION=@@COLLATION_CONNECTION */;
/*!40101 SET NAMES utf8mb4 */;

--
-- Database: `bdgrupo4`
--

-- --------------------------------------------------------

--
-- Table structure for table `agentes_sectoriales`
--

CREATE TABLE `agentes_sectoriales` (
  `id` bigint(20) NOT NULL,
  `activo` bit(1) NOT NULL,
  `apellido` varchar(255) DEFAULT NULL,
  `nombre` varchar(255) DEFAULT NULL,
  `sector_territorial` bigint(20) NOT NULL
) ENGINE=InnoDB DEFAULT CHARSET=utf8mb4;

-- --------------------------------------------------------

--
-- Table structure for table `cantidades`
--

CREATE TABLE `cantidades` (
  `id` bigint(20) NOT NULL,
  `activo` bit(1) NOT NULL,
  `valor` double NOT NULL,
  `unidad` bigint(20) DEFAULT NULL
) ENGINE=InnoDB DEFAULT CHARSET=utf8mb4;

--
-- Dumping data for table `cantidades`
--

INSERT INTO `cantidades` (`id`, `activo`, `valor`, `unidad`) VALUES
(6919, b'1', 1, 6905),
(6922, b'1', 1, 6905),
(6925, b'1', 1, 6905),
(6928, b'1', 0, 6905),
(6931, b'1', 0, 6905),
(6934, b'1', 0, 6905),
(6937, b'1', 1, 6905),
(6940, b'1', 1, 6905),
(6943, b'1', 1, 6905),
(6946, b'1', 1, 6905),
(6949, b'1', 1, 6905),
(6957, b'1', 0.1, 6890),
(6959, b'1', 0.2, 6890),
(6961, b'1', 0.3, 6890),
(6965, b'1', 1, 6907),
(6968, b'1', 1, 6908),
(6971, b'1', 1, 6908),
(6974, b'1', 1, 6908),
(6977, b'1', 1, 6908),
(6980, b'1', 1, 6909),
(6983, b'1', 1, 6909),
(6986, b'1', 1, 6909),
(6989, b'1', 1, 6908),
(6992, b'1', 1, 6908),
(6995, b'1', 1, 6908),
(6998, b'1', 1, 6910),
(7004, b'1', 2, 6906);

-- --------------------------------------------------------

--
-- Table structure for table `combustibles`
--

CREATE TABLE `combustibles` (
  `id` bigint(20) NOT NULL,
  `activo` bit(1) NOT NULL,
  `tipo_combustible` int(11) DEFAULT NULL,
  `unidad` bigint(20) NOT NULL
) ENGINE=InnoDB DEFAULT CHARSET=utf8mb4;

--
-- Dumping data for table `combustibles`
--

INSERT INTO `combustibles` (`id`, `activo`, `tipo_combustible`, `unidad`) VALUES
(6951, b'1', 1, 6896);

-- --------------------------------------------------------

--
-- Table structure for table `contactos`
--

CREATE TABLE `contactos` (
  `id` bigint(20) NOT NULL,
  `activo` bit(1) NOT NULL,
  `apellido` varchar(255) DEFAULT NULL,
  `desea_recibir_por_mail` bit(1) DEFAULT NULL,
  `desea_recibir_por_whatsapp` bit(1) DEFAULT NULL,
  `email` varchar(255) DEFAULT NULL,
  `nombre` varchar(255) DEFAULT NULL,
  `telefono` varchar(255) DEFAULT NULL,
  `organizacion` bigint(20) NOT NULL
) ENGINE=InnoDB DEFAULT CHARSET=utf8mb4;

-- --------------------------------------------------------

--
-- Table structure for table `direcciones`
--

CREATE TABLE `direcciones` (
  `id` bigint(20) NOT NULL,
  `activo` bit(1) NOT NULL,
  `altura` varchar(255) DEFAULT NULL,
  `calle` varchar(255) DEFAULT NULL,
  `localidad` bigint(20) NOT NULL
) ENGINE=InnoDB DEFAULT CHARSET=utf8mb4;

--
-- Dumping data for table `direcciones`
--

INSERT INTO `direcciones` (`id`, `activo`, `altura`, `calle`, `localidad`) VALUES
(6953, b'1', '100', 'Scalabrini Ortiz', 3206),
(6954, b'1', '200', 'Scalabrini Ortiz', 3206),
(6955, b'1', '400', 'Scalabrini Ortiz', 3206),
(6956, b'1', '700', 'Scalabrini Ortiz', 3206),
(7007, b'1', '951', 'MEDRANO', 3172);

-- --------------------------------------------------------

--
-- Table structure for table `espacios`
--

CREATE TABLE `espacios` (
  `nombre` varchar(255) DEFAULT NULL,
  `tipo_espacio` int(11) DEFAULT NULL,
  `id` bigint(20) NOT NULL
) ENGINE=InnoDB DEFAULT CHARSET=utf8mb4;

--
-- Dumping data for table `espacios`
--

INSERT INTO `espacios` (`nombre`, `tipo_espacio`, `id`) VALUES
('Espacio TEST', 0, 7006);

-- --------------------------------------------------------

--
-- Table structure for table `factores_de_emision`
--

CREATE TABLE `factores_de_emision` (
  `id` bigint(20) NOT NULL,
  `activo` bit(1) NOT NULL,
  `cantidad` bigint(20) NOT NULL,
  `tipo_consumo` bigint(20) DEFAULT NULL,
  `tipo_medio_de_transporte` bigint(20) DEFAULT NULL
) ENGINE=InnoDB DEFAULT CHARSET=utf8mb4;

--
-- Dumping data for table `factores_de_emision`
--

INSERT INTO `factores_de_emision` (`id`, `activo`, `cantidad`, `tipo_consumo`, `tipo_medio_de_transporte`) VALUES
(6918, b'1', 6919, NULL, 6917),
(6921, b'1', 6922, NULL, 6920),
(6924, b'1', 6925, NULL, 6923),
(6927, b'1', 6928, NULL, 6926),
(6930, b'1', 6931, NULL, 6929),
(6933, b'1', 6934, NULL, 6932),
(6936, b'1', 6937, NULL, 6935),
(6939, b'1', 6940, NULL, 6938),
(6942, b'1', 6943, NULL, 6941),
(6945, b'1', 6946, NULL, 6944),
(6948, b'1', 6949, NULL, 6947),
(6964, b'1', 6965, 6963, NULL),
(6967, b'1', 6968, 6966, NULL),
(6970, b'1', 6971, 6969, NULL),
(6973, b'1', 6974, 6972, NULL),
(6976, b'1', 6977, 6975, NULL),
(6979, b'1', 6980, 6978, NULL),
(6982, b'1', 6983, 6981, NULL),
(6985, b'1', 6986, 6984, NULL),
(6988, b'1', 6989, 6987, NULL),
(6991, b'1', 6992, 6990, NULL),
(6994, b'1', 6995, 6993, NULL),
(6997, b'1', 6998, 6996, NULL);

-- --------------------------------------------------------

--
-- Table structure for table `hibernate_sequence`
--

CREATE TABLE `hibernate_sequence` (
  `next_val` bigint(20) DEFAULT NULL
) ENGINE=InnoDB DEFAULT CHARSET=utf8mb4;

--
-- Dumping data for table `hibernate_sequence`
--

INSERT INTO `hibernate_sequence` (`next_val`) VALUES
(7014);

-- --------------------------------------------------------

--
-- Table structure for table `localidades`
--

CREATE TABLE `localidades` (
  `id` bigint(20) NOT NULL,
  `activo` bit(1) NOT NULL,
  `id_segun_api` int(11) NOT NULL,
  `nombre` varchar(255) DEFAULT NULL,
  `codigo_postal` varchar(255) DEFAULT NULL,
  `municipio` bigint(20) NOT NULL
) ENGINE=InnoDB DEFAULT CHARSET=utf8mb4;

--
-- Dumping data for table `localidades`
--

INSERT INTO `localidades` (`id`, `activo`, `id_segun_api`, `nombre`, `codigo_postal`, `municipio`) VALUES
(4, b'1', 6207, 'SIN INFORMAR', '0', 3),
(6, b'1', 3279, 'CARHUE', '6430', 5),
(7, b'1', 3280, 'RIVERA', '6441', 5),
(8, b'1', 3281, 'VILLA MAZA', '6343', 5),
(9, b'1', 3282, 'ESPARTILLAR', '8171', 5),
(10, b'1', 3283, 'SAN MIGUEL ARCANGEL', '8185', 5),
(11, b'1', 3284, 'ESTEBAN AGUSTIN GASCON', '8185', 5),
(12, b'1', 3285, 'DELFIN HUERGO', '8185', 5),
(13, b'1', 3286, 'LA PALA', '6341', 5),
(14, b'1', 3287, 'THAMES', '6343', 5),
(15, b'1', 3288, 'YUTUYACO', '6443', 5),
(16, b'1', 6023, 'SIN INFORMAR', '6430', 5),
(18, b'1', 3289, 'ADOLFO GONZALES CHAVES', '7513', 17),
(19, b'1', 3290, 'DE LA GARMA', '7515', 17),
(20, b'1', 3291, 'JUAN EULOGIO BARRA', '7515', 17),
(21, b'1', 3292, 'VASQUEZ', '7500', 17),
(22, b'1', 3293, 'PARAJE ALZAGA', '7515', 17),
(23, b'1', 3294, 'PARAJE PEDRO PROSPERO LASALLE', '7515', 17),
(24, b'1', 6024, 'SIN INFORMAR', '7513', 17),
(26, b'1', 3295, 'ALBERTI', '1667', 25),
(27, b'1', 3296, 'MECHITA', '1667', 25),
(28, b'1', 3297, 'VILLA ORTIZ', '1667', 25),
(29, b'1', 3298, 'PLA', '1667', 25),
(30, b'1', 3299, 'CORONEL SEGUI', '1667', 25),
(31, b'1', 3300, 'VILLA GRISOLIA (EST. ACHUPALLAS)', '1667', 25),
(32, b'1', 3301, 'VILLA MARIA', '1667', 25),
(33, b'1', 6025, 'SIN INFORMAR', '1667', 25),
(34, b'1', 6314, 'PALANTE LEN', '1667', 25),
(35, b'1', 6316, 'CORONEL MOM', '1667', 25),
(37, b'1', 3302, 'ADROGUE', '1846', 36),
(38, b'1', 3303, 'BURZACO', '1852', 36),
(39, b'1', 3304, 'GLEW', '1856', 36),
(40, b'1', 3305, 'CLAYPOLE', '1849', 36),
(41, b'1', 3306, 'DON ORIONE', '1850', 36),
(42, b'1', 3307, 'RAFAEL CALZADA', '1847', 36),
(43, b'1', 3308, 'LONGCHAMPS', '1854', 36),
(44, b'1', 3309, 'MALVINAS ARGENTINAS', '1846', 36),
(45, b'1', 3310, 'JOSE MARMOL', '1846', 36),
(46, b'1', 3311, 'MINISTRO RIVADAVIA', '1854', 36),
(47, b'1', 3312, 'SAN JOSE', '1846', 36),
(48, b'1', 6026, 'SIN INFORMAR', '1846', 36),
(50, b'1', 3313, 'ARRECIFES', '2740', 49),
(51, b'1', 3314, 'TODD', '2754', 49),
(52, b'1', 3315, 'VIÑA', '2754', 49),
(53, b'1', 6027, 'SIN INFORMAR', '2740', 49),
(55, b'1', 3316, 'AREA RESERVA CINTURON ECOLOGICO', '1870', 54),
(56, b'1', 3317, 'AVELLANEDA', '1870', 54),
(57, b'1', 3318, 'CRUCECITA', '1872', 54),
(58, b'1', 3319, 'DOCK SUD', '1871', 54),
(59, b'1', 3320, 'GERLI', '1869', 54),
(60, b'1', 3321, 'PIÑEIRO', '1868', 54),
(61, b'1', 3322, 'SARANDI', '1872', 54),
(62, b'1', 3323, 'VILLA DOMINICO', '1874', 54),
(63, b'1', 3324, 'WILDE', '1875', 54),
(64, b'1', 6028, 'SIN INFORMAR', '1870', 54),
(66, b'1', 3325, 'AYACUCHO', '7150', 65),
(67, b'1', 3326, 'UDAQUIOLA', '7151', 65),
(68, b'1', 3327, 'LA CONSTANCIA', '7153', 65),
(69, b'1', 3328, 'SOLANET', '7151', 65),
(70, b'1', 3329, 'PARAJE CANGALLO', '7153', 65),
(71, b'1', 3330, 'PARAJE LANGUEYU', '7151', 65),
(72, b'1', 3331, 'PARAJE FAIR', '7153', 65),
(73, b'1', 6029, 'SIN INFORMAR', '7150', 65),
(75, b'1', 3332, 'AZUL', '7300', 74),
(76, b'1', 3333, 'CHILLAR', '7311', 74),
(77, b'1', 3334, 'CACHARI', '7214', 74),
(78, b'1', 3335, 'DIECISEIS DE JULIO', '7316', 74),
(79, b'1', 3336, 'ARIEL', '7301', 74),
(80, b'1', 3337, 'PABLO ACOSTA', '7301', 74),
(81, b'1', 3338, 'ARROYO DE LOS HUESOS', '7301', 74),
(82, b'1', 3339, 'LAZZARINO', '7300', 74),
(83, b'1', 3340, 'MARTIN FIERRO', '7311', 74),
(84, b'1', 3341, 'MIRAMONTE', '7214', 74),
(85, b'1', 3342, 'NIEVES', '7316', 74),
(86, b'1', 3343, 'PARISH Y SHAW', '7316', 74),
(87, b'1', 6030, 'SIN INFORMAR', '7300', 74),
(89, b'1', 3344, 'BAHIA BLANCA', '8000', 88),
(90, b'1', 3345, 'GRAL. CERRI', '8105', 88),
(91, b'1', 3346, 'CABILDO', '8118', 88),
(92, b'1', 3347, 'GRüNBEIN', '8000', 88),
(93, b'1', 3348, 'INGENIERO WHITE', '8103', 88),
(94, b'1', 3349, 'VILLA BORDEAU', '8000', 88),
(95, b'1', 3350, 'VILLA ESPORA - BASE AERONAVAL COMANDANTE ESPORA', '8000', 88),
(96, b'1', 3351, 'VILLA HARDING GREEN', '8101', 88),
(97, b'1', 3352, 'VILLA STELLA MARIS', '8000', 88),
(98, b'1', 3353, 'VILLA MITRE', '8000', 88),
(99, b'1', 3354, 'VILLA NUEVA', '8000', 88),
(100, b'1', 3355, 'ALFEREZ SAN MARTIN', '8117', 88),
(101, b'1', 3356, 'PAVON ARRIBA', '8122', 88),
(102, b'1', 6031, 'SIN INFORMAR', '8000', 88),
(104, b'1', 3357, 'SAN AGUSTIN', '7623', 103),
(105, b'1', 3358, 'LOS PINOS', '7623', 103),
(106, b'1', 3359, 'NAPALEOFU', '7007', 103),
(107, b'1', 3360, 'TRAHUNCURA', '8351', 103),
(108, b'1', 3361, 'RAMOS OTERO', '7621', 103),
(109, b'1', 3362, 'PEYRANO', '7620', 103),
(110, b'1', 6032, 'SIN INFORMAR', '7620', 103),
(112, b'1', 3363, 'BARADERO', '2942', 111),
(113, b'1', 3364, 'VILLA ALSINA (ESTACION ALSINA)', '2938', 111),
(114, b'1', 3365, 'IRINEO PORTELA', '5200', 111),
(115, b'1', 3366, 'SANTA COLOMA', '2943', 111),
(116, b'1', 6033, 'SIN INFORMAR', '2942', 111),
(118, b'1', 3367, 'BENITO JUAREZ', '7020', 117),
(119, b'1', 3368, 'VILLA CACIQUE (EST. ALFREDO FORTABAT)', '7005', 117),
(120, b'1', 3369, 'BARKER', '7005', 117),
(121, b'1', 3370, 'ESTACION LOPEZ', '7020', 117),
(122, b'1', 3371, 'TEDIN URIBURU', '7021', 117),
(123, b'1', 3372, 'EL LUCHADOR', '7313', 117),
(124, b'1', 3373, 'VILLA LA ANGOSTURA', '8407', 117),
(125, b'1', 3374, 'MARIANO ROLDAN', '7517', 117),
(126, b'1', 3375, 'ESTACION RICARDO GAVIÑA', '7313', 117),
(127, b'1', 6034, 'SIN INFORMAR', '7020', 117),
(129, b'1', 3376, 'BERAZATEGUI', '1884', 128),
(130, b'1', 3377, 'EL PATO', '1890', 128),
(131, b'1', 3378, 'HUDSON', '1885', 128),
(132, b'1', 3379, 'JUAN MARIA GUTIERREZ', '1885', 128),
(133, b'1', 3380, 'RANELAGH', '1885', 128),
(134, b'1', 3381, 'SOURIGUES', '1886', 128),
(135, b'1', 3382, 'PEREYRA', '1890', 128),
(136, b'1', 3383, 'PLATANOS', '1885', 128),
(137, b'1', 3384, 'VILLA ESPAÑA', '1885', 128),
(138, b'1', 6035, 'SIN INFORMAR', '1884', 128),
(140, b'1', 3385, 'BERISSO', '1923', 139),
(141, b'1', 3386, 'VILLA PORTEÑA', '1923', 139),
(142, b'1', 3387, 'VILLA PROGRESO', '1923', 139),
(143, b'1', 3388, 'VILLA SAN CARLOS', '1923', 139),
(144, b'1', 3389, 'BARRIO EL CARMEN ESTE', '1923', 139),
(145, b'1', 3390, 'VILLA DOLORES', '1923', 139),
(146, b'1', 3391, 'VILLA INDEPENDENCIA', '1923', 139),
(147, b'1', 3392, 'VILLA ARGüELLO', '1923', 139),
(148, b'1', 3393, 'VILLA ZULA', '1923', 139),
(149, b'1', 3394, 'GENERAL MOSCONI', '1923', 139),
(150, b'1', 3395, 'VILLA NUEVA', '1923', 139),
(151, b'1', 3396, 'RIO MAYO ', '2594', 139),
(152, b'1', 3397, 'LOS TALAS', '1923', 139),
(153, b'1', 3398, 'PALO BLANCO', '1923', 139),
(154, b'1', 3399, 'VILLA BANCO CONSTRUCTOR', '1923', 139),
(155, b'1', 3400, 'LOS CATORCE', '1923', 139),
(156, b'1', 3401, 'VILLA ESPAÑA', '1923', 139),
(157, b'1', 3402, 'LA BALANDRA', '1923', 139),
(158, b'1', 3403, 'JUAN.B.JUSTO', '1923', 139),
(159, b'1', 3404, 'BARRIO OBRERO', '1923', 139),
(160, b'1', 6036, 'SIN INFORMAR', '1923', 139),
(162, b'1', 3405, 'BOLIVAR', '6550', 161),
(163, b'1', 3406, 'URDAMPILLETA', '6553', 161),
(164, b'1', 3407, 'PIROVANO', '6551', 161),
(165, b'1', 3408, 'HALE', '6511', 161),
(166, b'1', 3409, 'JUAN F. IBARRA', '2587', 161),
(167, b'1', 3410, 'PAULA (EST. LA PAULA)', '2594', 161),
(168, b'1', 3411, 'MARIANO UNZUE', '6551', 161),
(169, b'1', 3412, 'VILLA LYNCH PUEYRREDON', '6553', 161),
(170, b'1', 3413, 'PARAJE VALLIMANCA', '6551', 161),
(171, b'1', 3414, 'PARAJE VILLA SANZ', '6551', 161),
(172, b'1', 6037, 'SIN INFORMAR', '6550', 161),
(174, b'1', 3415, 'BRAGADO', '6640', 173),
(175, b'1', 3416, 'General Eduardo OBrien', '6646', 173),
(176, b'1', 3417, 'MECHITA', '6648', 173),
(177, b'1', 3418, 'COMODORO PY', '6641', 173),
(178, b'1', 3419, 'WARNES', '6646', 173),
(179, b'1', 3420, 'IRALA', '6013', 173),
(180, b'1', 3421, 'OLASCOAGA', '6652', 173),
(181, b'1', 3422, 'MAXIMO FERNANDEZ', '6645', 173),
(182, b'1', 3423, 'LA LIMPIA', '6645', 173),
(183, b'1', 3424, 'PARAJE ASAMBLEA', '6640', 173),
(184, b'1', 6038, 'SIN INFORMAR', '6640', 173),
(186, b'1', 3425, 'BRANDSEN', '1980', 185),
(187, b'1', 3426, 'JEPPENER', '1980', 185),
(188, b'1', 3427, 'GOMEZ', '1980', 185),
(189, b'1', 3428, 'ALTAMIRANO', '1980', 185),
(190, b'1', 3429, 'BARRIO LAS GOLONDRINAS', '1980', 185),
(191, b'1', 3430, 'SAMBOROMBON', '1980', 185),
(192, b'1', 3431, 'OLIDEN', '1980', 185),
(193, b'1', 3432, 'BARRIO PARQUE LAS ACACIAS', '1980', 185),
(194, b'1', 3433, 'BARRIO LOS BOSQUECITOS', '1980', 185),
(195, b'1', 3434, 'DOYHENARD', '1980', 185),
(196, b'1', 3435, 'EL CHAJA', '1980', 185),
(197, b'1', 3436, 'GOBERNADOR OBLIGADO', '1980', 185),
(198, b'1', 3437, 'GOMEZ DE LA VEGA', '1980', 185),
(199, b'1', 3438, 'LA PARADA', '1980', 185),
(200, b'1', 3439, 'LA PEPITA', '1980', 185),
(201, b'1', 6039, 'SIN INFORMAR', '1980', 185),
(203, b'1', 3440, 'CAMPANA', '2804', 202),
(204, b'1', 3441, 'ALTO LOS CARDALES', '2812', 202),
(205, b'1', 3442, 'LOMAS DEL RIO LUJAN (EST. RIO LUJAN)', '2804', 202),
(206, b'1', 3443, 'CUARTEL IV: PARAJE EL MOREJON: CENTRAL TERMOELECTRICA MANUEL BELGRANO.', '2812', 202),
(207, b'1', 6040, 'SIN INFORMAR', '2804', 202),
(209, b'1', 3444, 'CAÑUELAS', '1814', 208),
(210, b'1', 3445, 'SANTA ROSA', '1867', 208),
(211, b'1', 3446, 'ALEJANDRO PETION', '1808', 208),
(212, b'1', 3447, 'MAXIMO PAZ', '1812', 208),
(213, b'1', 3448, 'URIBELARREA', '1815', 208),
(214, b'1', 3449, 'VICENTE CASARES', '1808', 208),
(215, b'1', 3450, 'GOBERNADOR UDAONDO', '7220', 208),
(216, b'1', 3451, 'EL TALADRO', '7220', 208),
(217, b'1', 6041, 'SIN INFORMAR', '7220', 208),
(219, b'1', 3452, 'CAPITAN SARMIENTO', '2752', 218),
(220, b'1', 3453, 'LA LUISA', '2752', 218),
(221, b'1', 6042, 'SIN INFORMAR', '2752', 218),
(223, b'1', 3454, 'CARLOS CASARES', '6530', 222),
(224, b'1', 3455, 'SMITH', '6531', 222),
(225, b'1', 3456, 'BELLOCQ', '6535', 222),
(226, b'1', 3457, 'MOCTEZUMA', '6531', 222),
(227, b'1', 3458, 'CADRET', '6535', 222),
(228, b'1', 3459, 'HORTENSIA', '6537', 222),
(229, b'1', 3460, 'ORDOQUI', '6537', 222),
(230, b'1', 3461, 'MAURICIO HIRSCH', '6531', 222),
(231, b'1', 3462, 'COLONIA MAURICIO', '6535', 222),
(232, b'1', 3463, 'LA SOFIA', '6535', 222),
(233, b'1', 3464, 'ALGARROBOS', '6531', 222),
(234, b'1', 3465, 'CENTENARIO', '6535', 222),
(235, b'1', 3466, 'ARIAS', '6531', 222),
(236, b'1', 3467, 'LA DORITA', '6538', 222),
(237, b'1', 3468, 'SANTO TOMAS', '6530', 222),
(238, b'1', 6043, 'SIN INFORMAR', '6530', 222),
(240, b'1', 3469, 'CARLOS TEJEDOR', '6455', 239),
(241, b'1', 3470, 'TRES ALGARROBOS', '6231', 239),
(242, b'1', 3471, 'COLONIA SERE', '6459', 239),
(243, b'1', 3472, 'TIMOTE', '6457', 239),
(244, b'1', 3473, 'CURARU', '6451', 239),
(245, b'1', 3474, 'DRYSDALE', '6455', 239),
(246, b'1', 3475, 'ENCINA', '6455', 239),
(247, b'1', 3476, 'ESTEBAN DE LUCA', '6475', 239),
(248, b'1', 3477, 'HEREFORD', '6233', 239),
(249, b'1', 3478, 'HUSARES', '6455', 239),
(250, b'1', 3479, 'INGENIERO BEAUGEY', '6457', 239),
(251, b'1', 3480, 'MARUCHA', '6457', 239),
(252, b'1', 3481, 'NECOL', '6457', 239),
(253, b'1', 3482, 'SANTA INES', '6459', 239),
(254, b'1', 6044, 'SIN INFORMAR', '6455', 239),
(256, b'1', 3483, 'CARMEN DE ARECO', '6725', 255),
(257, b'1', 3484, 'TRES SARGENTOS', '6727', 255),
(258, b'1', 3485, 'PUEBLO GOUIN', '6727', 255),
(259, b'1', 3486, 'PARAJE KENNY', '2745', 255),
(260, b'1', 3487, 'PARAJE TATAY', '6725', 255),
(261, b'1', 6045, 'SIN INFORMAR', '6725', 255),
(263, b'1', 3488, 'CASTELLI', '7114', 262),
(264, b'1', 3489, 'CENTRO GUERRERO', '7114', 262),
(265, b'1', 3490, 'PARAJE CERRO DE LA GLORIA', '7114', 262),
(266, b'1', 6046, 'SIN INFORMAR', '7114', 262),
(268, b'1', 3491, 'CHACABUCO', '6740', 267),
(269, b'1', 3492, 'RAWSON', '6734', 267),
(270, b'1', 3493, 'O\'HIGGINS', '6748', 267),
(271, b'1', 3494, 'CASTILLA', '6616', 267),
(272, b'1', 3495, 'LOS ANGELES', '6748', 267),
(273, b'1', 3496, 'COLIQUEO', '6743', 267),
(274, b'1', 3497, 'MEMBRILLAR', '6748', 267),
(275, b'1', 3498, 'CUCHA CUCHA', '6746', 267),
(276, b'1', 3499, 'GREGORIO VILLAFAÑE', '6743', 267),
(277, b'1', 3500, 'INGENIERO SILVEYRA', '6743', 267),
(278, b'1', 3501, 'SAN PATRICIO', '6734', 267),
(279, b'1', 3502, 'PARAJE SAN VICENTE', '6748', 267),
(280, b'1', 3503, 'PARAJE LOS SAUCES', '6748', 267),
(281, b'1', 6047, 'SIN INFORMAR', '6740', 267),
(283, b'1', 3504, 'CHASCOMUS', '7130', 282),
(284, b'1', 3505, 'MANUEL JOSE COBO (ESTACION LEZAMA)', '7116', 282),
(285, b'1', 3506, 'ATILIO PESSAGNO', '7116', 282),
(286, b'1', 3507, 'BARRIO PARQUE GIRADO', '7130', 282),
(287, b'1', 3508, 'COMANDANTE GIRIBONE', '7130', 282),
(288, b'1', 3509, 'DON CIPRIANO', '7130', 282),
(289, b'1', 3510, 'GANDARA', '7136', 282),
(290, b'1', 3511, 'LIBRES DEL SUD', '7130', 282),
(291, b'1', 3512, 'ADELA', '7136', 282),
(292, b'1', 3513, 'MONASTERIO', '7116', 282),
(293, b'1', 3514, 'PEDRO N. ESCRIBANO', '7130', 282),
(294, b'1', 3515, 'PARAJE EL DESTINO', '7116', 282),
(295, b'1', 6048, 'SIN INFORMAR', '7130', 282),
(297, b'1', 3516, 'CHIVILCOY', '6620', 296),
(298, b'1', 3517, 'MOQUEHUA', '6625', 296),
(299, b'1', 3518, 'GOROSTIAGA', '6632', 296),
(300, b'1', 3519, 'EMILIO AYARZA', '6628', 296),
(301, b'1', 3520, 'LA RICA', '6623', 296),
(302, b'1', 3521, 'SAN SEBASTIAN', '6623', 296),
(303, b'1', 3522, 'BENITEZ', '6632', 296),
(304, b'1', 3523, 'HENRY BELL', '6621', 296),
(305, b'1', 3524, 'INDACOCHEA', '6623', 296),
(306, b'1', 3525, 'PALEMON HUERGO', '6628', 296),
(307, b'1', 3526, 'RAMON BIAUS', '6627', 296),
(308, b'1', 6049, 'SIN INFORMAR', '6620', 296),
(310, b'1', 3527, 'COLON', '2720', 309),
(311, b'1', 3528, 'PEARSON', '2711', 309),
(312, b'1', 3529, 'SARASA', '2720', 309),
(313, b'1', 3530, 'EL ARBOLITO (VILLA MANUEL POMAR)', '2720', 309),
(314, b'1', 6050, 'SIN INFORMAR', '2720', 309),
(316, b'1', 3531, 'PUNTA ALTA', '8109', 315),
(317, b'1', 3532, 'VILLA GENERAL ARIAS', '8000', 315),
(318, b'1', 3533, 'BALNEARIO PEHUEN-CO', '8000', 315),
(319, b'1', 3534, 'VILLA DEL MAR', '8071', 315),
(320, b'1', 3535, 'BAJO HONDO', '8115', 315),
(321, b'1', 3536, 'PARAJE CALDERON', '8000', 315),
(322, b'1', 3537, 'PUERTO ROSALES', '8000', 315),
(323, b'1', 6051, 'SIN INFORMAR', '8000', 315),
(325, b'1', 3538, 'CORONEL DORREGO', '8150', 324),
(326, b'1', 3539, 'ORIENTE', '7509', 324),
(327, b'1', 3540, 'EL PERDIDO', '8156', 324),
(328, b'1', 3541, 'APARICIO', '8158', 324),
(329, b'1', 3542, 'SAN ROMAN', '8154', 324),
(330, b'1', 3543, 'BALNEARIO MARISOL', '7509', 324),
(331, b'1', 3544, 'IRENE', '7507', 324),
(332, b'1', 3545, 'FARO', '8150', 324),
(333, b'1', 3546, 'MONTE HERMOSO', '8150', 324),
(334, b'1', 6052, 'SIN INFORMAR', '8150', 324),
(336, b'1', 3547, 'CORONEL PRINGLES', '7530', 335),
(337, b'1', 3548, 'INDIO RICO', '7501', 335),
(338, b'1', 3549, 'LARTIGAU', '7531', 335),
(339, b'1', 3550, 'EL PENSAMIENTO', '7531', 335),
(340, b'1', 3551, 'EL DIVISORIO', '7531', 335),
(341, b'1', 3552, 'CORONEL FALCON', '7530', 335),
(342, b'1', 3553, 'KRABBE', '7530', 335),
(343, b'1', 3554, 'LAS MOSTAZAS', '7530', 335),
(344, b'1', 3555, 'PILLAHUINCO', '7530', 335),
(345, b'1', 3556, 'RESERVA', '7536', 335),
(346, b'1', 3557, 'STEGMANN', '7530', 335),
(347, b'1', 6053, 'SIN INFORMAR', '7530', 335),
(349, b'1', 3558, 'CORONEL SUAREZ', '7540', 348),
(350, b'1', 3559, 'HUANGUELEN', '7545', 348),
(351, b'1', 3560, 'SAN JOSE', '7541', 348),
(352, b'1', 3561, 'SANTA MARIA', '7541', 348),
(353, b'1', 3562, 'SANTA TRINIDAD', '7541', 348),
(354, b'1', 3563, 'VILLA ARCADIA', '7540', 348),
(355, b'1', 3564, 'PASMAN', '7547', 348),
(356, b'1', 3565, 'CURA MALAL', '7548', 348),
(357, b'1', 3566, 'D\'Orbigny', '7541', 348),
(358, b'1', 3567, 'CASCADA', '7547', 348),
(359, b'1', 3568, 'QUIÑIHUAL', '7533', 348),
(360, b'1', 3569, 'BATHURTS', '7540', 348),
(361, b'1', 3570, 'OMBU', '7545', 348),
(362, b'1', 3571, 'PRIMAVERA', '7545', 348),
(363, b'1', 3572, 'OTOÑO', '7545', 348),
(364, b'1', 3573, 'PIÑEYRO', '7548', 348),
(365, b'1', 3574, 'ZOILO', '7540', 348),
(366, b'1', 6054, 'SIN INFORMAR', '7540', 348),
(368, b'1', 3575, 'CUARTEL I: DAIREAUX', '6555', 367),
(369, b'1', 3576, 'CUARTEL III: ARBOLEDAS', '6555', 367),
(370, b'1', 3577, 'CUARTEL IV: LA COPETA', '6555', 367),
(371, b'1', 3578, 'CUARTEL V: LA LARGA  - LA MANUELA', '6555', 367),
(372, b'1', 3579, 'CUARTEL VI: ANDANT', '6555', 367),
(373, b'1', 3580, 'CUARTEL VIII: MOURAS, SALAZAR', '6471', 367),
(374, b'1', 3581, 'CUARTEL XI: FREYRE, ENRIQUE LAVALLE', '6467', 367),
(375, b'1', 6055, 'SIN INFORMAR', '6555', 367),
(377, b'1', 3582, 'DOLORES', '7100', 376),
(378, b'1', 3583, 'SEVIGNE', '7101', 376),
(379, b'1', 3584, 'LOS SAUQUITOS', '7100', 376),
(380, b'1', 3585, 'PARRAVICINI', '7100', 376),
(381, b'1', 3586, 'SOL DE MAYO', '7100', 376),
(382, b'1', 6056, 'SIN INFORMAR', '7100', 376),
(384, b'1', 3587, 'ENSENADA', '1925', 383),
(385, b'1', 6057, 'SIN INFORMAR', '1925', 383),
(387, b'1', 3588, 'BELEN DE ESCOBAR', '1625', 386),
(388, b'1', 3589, 'EL CAZADOR', '1625', 386),
(389, b'1', 3590, 'GARIN', '1625', 386),
(390, b'1', 3591, 'MASCHWITZ', '1623', 386),
(391, b'1', 3592, 'MATHEU', '1627', 386),
(392, b'1', 3593, 'MAQUINISTA F. SAVIO ESTE', '1620', 386),
(393, b'1', 3594, 'LOMA VERDE', '1625', 386),
(394, b'1', 3595, 'BARRIO 24 DE FEBRERO', '1625', 386),
(395, b'1', 3596, 'PUERTO PARANA', '1625', 386),
(396, b'1', 6058, 'SIN INFORMAR', '1625', 386),
(398, b'1', 3597, 'MONTE GRANDE', '1842', 397),
(399, b'1', 3598, 'EL JAGüEL', '1842', 397),
(400, b'1', 3599, 'LUIS GUILLON', '1838', 397),
(401, b'1', 3600, 'NUEVE DE ABRIL', '1839', 397),
(402, b'1', 3601, 'CANNING', '1804', 397),
(403, b'1', 6059, 'SIN INFORMAR', '1842', 397),
(405, b'1', 3602, 'CUARTEL 1º CAPILLA DEL SEÑOR', '2812', 404),
(406, b'1', 3603, 'CUARTEL 2º LOS CARDALES', '2812', 404),
(407, b'1', 3604, 'PAVON', '2812', 404),
(408, b'1', 3605, 'EL REMANSO', '2812', 404),
(409, b'1', 3606, 'CUARTEL 3º ARROYO DE LA CRUZ', '2812', 404),
(410, b'1', 3607, 'CUARTEL 4º PARADA ROBLES', '2812', 404),
(411, b'1', 3608, 'CUARTEL 5º PARADA LA LATA - LA LOMA', '2812', 404),
(412, b'1', 3609, 'CUARTEL 6º DIEGO GAYNOR', '6703', 404),
(413, b'1', 3610, 'CUARTEL 7º GOBERNADOR ANDONAEGUI', '2812', 404),
(414, b'1', 3611, 'CHENAUT', '2812', 404),
(415, b'1', 3612, 'ETCHEGOYEN', '6703', 404),
(416, b'1', 3613, 'PARADA ORLANDO', '2812', 404),
(417, b'1', 3614, 'CARLOS LEMEE: ESCUELA PRIMARIA N° 3 GABRIELA MISTRAL, RUTA 6 S/N', '2812', 404),
(418, b'1', 6060, 'SIN INFORMAR', '2812', 404),
(420, b'1', 3615, 'EZEIZA', '1804', 419),
(421, b'1', 3616, 'TRISTAN SUAREZ', '1806', 419),
(422, b'1', 3617, 'LA UNION', '1804', 419),
(423, b'1', 3618, 'CARLOS SPEGAZZINI', '1812', 419),
(424, b'1', 3619, 'AEROPUERTO INTERNACIONAL EZEIZA', '1802', 419),
(425, b'1', 6061, 'SIN INFORMAR', '1804', 419),
(426, b'1', 6235, 'CANNING', '1804', 419),
(428, b'1', 3620, 'BOSQUES', '1887', 427),
(429, b'1', 3621, 'ESTANISLAO SEVERO ZEBALLOS', '1887', 427),
(430, b'1', 3622, 'FLORENCIO VARELA', '1888', 427),
(431, b'1', 3623, 'GOBERNADOR JULIO A. COSTA', '1888', 427),
(432, b'1', 3624, 'INGENIERO JUAN ALLAN', '1891', 427),
(433, b'1', 3625, 'VILLA BROWN', '1888', 427),
(434, b'1', 3626, 'VILLA SAN LUIS', '1888', 427),
(435, b'1', 3627, 'VILLA SANTA ROSA', '1888', 427),
(436, b'1', 3628, 'VILLA VATTEONE', '1888', 427),
(437, b'1', 3629, 'LA CAPILLA', '1891', 427),
(438, b'1', 6062, 'SIN INFORMAR', '1888', 427),
(440, b'1', 3630, 'FLORENTINO AMEGHINO', '6064', 439),
(441, b'1', 3631, 'BLAQUIER', '6065', 439),
(442, b'1', 3632, 'PORVENIR', '6063', 439),
(443, b'1', 3633, 'PARAJE NUEVA SUIZA', '6064', 439),
(444, b'1', 3634, 'PARAJE PORVENIR', '6063', 439),
(445, b'1', 6063, 'SIN INFORMAR', '6064', 439),
(447, b'1', 3635, 'MIRAMAR', '7607', 446),
(448, b'1', 3636, 'MAR DEL SUR', '7607', 446),
(449, b'1', 3637, 'COMANDANTE NICANOR OTAMENDI', '7603', 446),
(450, b'1', 3638, 'MECHONGUE', '7605', 446),
(451, b'1', 3639, 'CENTINELA DEL MAR', '7607', 446),
(452, b'1', 6064, 'SIN INFORMAR', '7607', 446),
(454, b'1', 3640, 'GENERAL ALVEAR', '7263', 453),
(455, b'1', 6065, 'SIN INFORMAR', '7263', 453),
(457, b'1', 3641, 'GENERAL ARENALES', '6005', 456),
(458, b'1', 3642, 'ARRIBEÑOS', '6007', 456),
(459, b'1', 3643, 'ASCENSION', '6003', 456),
(460, b'1', 3644, 'ESTACION ARENALES', '6005', 456),
(461, b'1', 3645, 'FERRE', '6003', 456),
(462, b'1', 3646, 'LA ANGELITA', '6003', 456),
(463, b'1', 3647, 'LA TRINIDAD', '6003', 456),
(464, b'1', 3648, 'DELGADO', '6007', 456),
(465, b'1', 3649, 'HAM', '6005', 456),
(466, b'1', 3650, 'LA PINTA', '6007', 456),
(467, b'1', 6066, 'SIN INFORMAR', '6005', 456),
(469, b'1', 3651, 'GENERAL BELGRANO', '7223', 468),
(470, b'1', 3652, 'GORCHS', '7223', 468),
(471, b'1', 3653, 'BONNEMENT', '7223', 468),
(472, b'1', 3654, 'CHAS', '7223', 468),
(473, b'1', 3655, 'IBAÑEZ', '7223', 468),
(474, b'1', 3656, 'LA CHUMBIADA', '7223', 468),
(475, b'1', 3657, 'NEWTON', '7223', 468),
(476, b'1', 6067, 'SIN INFORMAR', '7223', 468),
(478, b'1', 3658, 'GENERAL GUIDO', '7118', 477),
(479, b'1', 3659, 'LABARDEN', '7161', 477),
(480, b'1', 3660, 'LA POSTA', '7112', 477),
(481, b'1', 3661, 'LA UNION', '7112', 477),
(482, b'1', 6068, 'SIN INFORMAR', '7118', 477),
(484, b'1', 3662, 'GENERAL MADARIAGA', '7163', 483),
(485, b'1', 6069, 'SIN INFORMAR', '7163', 483),
(487, b'1', 3663, 'GENERAL LA MADRID', '7406', 486),
(488, b'1', 3664, 'LA COLINA', '7408', 486),
(489, b'1', 3665, 'LIBANO', '7407', 486),
(490, b'1', 3666, 'LAS MARTINETAS', '7406', 486),
(491, b'1', 3667, 'PONTAUT', '7535', 486),
(492, b'1', 3668, 'PARAJE LASTRA', '7407', 486),
(493, b'1', 3669, 'PARAJE QUILCO', '7407', 486),
(494, b'1', 6070, 'SIN INFORMAR', '7406', 486),
(496, b'1', 3670, 'GENERAL LAS HERAS', '7220', 495),
(497, b'1', 3671, 'VILLARS', '1731', 495),
(498, b'1', 3672, 'GENERAL HORNOS', '7220', 495),
(499, b'1', 3673, 'PLOMER', '1733', 495),
(500, b'1', 3674, 'LA CHOZA', '7220', 495),
(501, b'1', 3675, 'LOZANO', '1741', 495),
(502, b'1', 3676, 'PARAJE RURAL ENRIQUE FYNN', '7220', 495),
(503, b'1', 6071, 'SIN INFORMAR', '7220', 495),
(505, b'1', 3677, 'GENERAL LAVALLE', '7103', 504),
(506, b'1', 3678, 'PAVON', '7103', 504),
(507, b'1', 3679, 'CHACRAS DE GRAL. LAVALLE', '7103', 504),
(508, b'1', 6072, 'SIN INFORMAR', '7103', 504),
(510, b'1', 3680, 'RANCHOS', '1987', 509),
(511, b'1', 3681, 'LOMA VERDE', '1987', 509),
(512, b'1', 3682, 'BARRIO RIO SALADO', '1987', 509),
(513, b'1', 3683, 'VILLANUEVA (APEADERO RIO SALADO)', '1987', 509),
(514, b'1', 6073, 'SIN INFORMAR', '1987', 509),
(516, b'1', 3684, 'GENERAL PINTO, CABECERA DISTRITAL', '6050', 515),
(517, b'1', 3685, 'GERMANIA (ESTACION MAYOR JOSE ORELLANO)', '6053', 515),
(518, b'1', 3686, 'VILLA FRANCIA (ESTACION CORONEL GRANADA)', '6062', 515),
(519, b'1', 3687, 'COLONIA SAN RICARDO (ESTACION IRIARTE)', '6050', 515),
(520, b'1', 3688, 'VILLA ROTH (ESTACION INGENIERO BALBIN)', '6051', 515),
(521, b'1', 3689, 'DOS HERMANOS', '6042', 515),
(522, b'1', 3690, 'DUSSAUD', '6050', 515),
(523, b'1', 3691, 'EL PEREGRINO', '6053', 515),
(524, b'1', 3692, 'GüNTHER', '6053', 515),
(525, b'1', 3693, 'LOS CALLEJONES', '6058', 515),
(526, b'1', 3694, 'PAZOS KANKI', '6058', 515),
(527, b'1', 6074, 'SIN INFORMAR', '6050', 515),
(529, b'1', 3695, 'MAR DEL PLATA', '7600', 528),
(530, b'1', 3696, 'SIERRA DE LOS PADRES', '7601', 528),
(531, b'1', 3697, 'LAGUNA DE LOS PADRES', '7601', 528),
(532, b'1', 3698, 'BATAN', '7601', 528),
(533, b'1', 3699, 'PJE. SAN FRANCISCO', '7601', 528),
(534, b'1', 3700, 'PJE. LOS ORTIZ', '7601', 528),
(535, b'1', 3701, 'PJE. LOMA ALTA', '7600', 528),
(536, b'1', 3702, 'BO. CHAPADMALAL', '7616', 528),
(537, b'1', 3703, 'PJE. EL TEJADO', '7612', 528),
(538, b'1', 3704, 'PJE. SANTA ISABEL', '7609', 528),
(539, b'1', 3705, 'BO. ESTACION CAMET', '7612', 528),
(540, b'1', 3706, 'BO. ESTACION CHAPADMALAL', '7605', 528),
(541, b'1', 3707, 'PJE. EL BOQUERON', '7601', 528),
(542, b'1', 3708, 'PJE. COLONIA BARRAGAN', '7600', 528),
(543, b'1', 3709, 'PJE. VALLE HERMOSO', '7600', 528),
(544, b'1', 3710, 'EL COYUNCO', '7601', 528),
(545, b'1', 3711, 'GLORIA DE LA PEREGRINA', '7601', 528),
(546, b'1', 3712, 'COLINAS VERDES', '7601', 528),
(547, b'1', 3713, 'EL DORADO', '7601', 528),
(548, b'1', 3714, 'SANTA PAULA', '7601', 528),
(549, b'1', 3715, 'LAS MARGARITAS', '7600', 528),
(550, b'1', 3716, 'BARRIO 2 DE ABRIL', '7600', 528),
(551, b'1', 3717, 'LA ADELA', '6533', 528),
(552, b'1', 3718, 'SANTA ANGELA', '7601', 528),
(553, b'1', 3719, 'EL SOSIEGO', '7612', 528),
(554, b'1', 3720, 'LOS ZORZALES', '7612', 528),
(555, b'1', 3721, 'LAS QUINTAS', '7601', 528),
(556, b'1', 3722, 'BO. LOS ACANTILADOS', '7609', 528),
(557, b'1', 3723, 'BO. SAN EDUARDO', '7783', 528),
(558, b'1', 6075, 'SIN INFORMAR', '7600', 528),
(560, b'1', 3724, 'GENERAL RODRIGUEZ', '1748', 559),
(561, b'1', 6076, 'SIN INFORMAR', '1748', 559),
(563, b'1', 3725, 'BARRIO PARQUE GENERAL SAN MARTIN', '1650', 562),
(564, b'1', 3726, 'BILLINGHURST', '1650', 562),
(565, b'1', 3727, 'CIUDAD DEL LIBERTADOR GENERAL JOSE DE SAN MARTIN', '1657', 562),
(566, b'1', 3728, 'CIUDAD JARDIN EL LIBERTADOR', '1650', 562),
(567, b'1', 3729, 'VILLA AYACUCHO', '1650', 562),
(568, b'1', 3730, 'VILLA BALLESTER', '1653', 562),
(569, b'1', 3731, 'CHILAVERT', '1653', 562),
(570, b'1', 3732, 'VILLA BERNARDO MONTEAGUDO', '1672', 562),
(571, b'1', 3733, 'VILLA CHACABUCO', '1672', 562),
(572, b'1', 3734, 'VILLA CORONEL JOSE M. ZAPIOLA', '1650', 562),
(573, b'1', 3735, 'VILLA GENERAL ANTONIO J. DE SUCRE', '1650', 562),
(574, b'1', 3736, 'VILLA GENERAL EUGENIO NECOCHEA', '1650', 562),
(575, b'1', 3737, 'VILLA GENERAL JOSE TOMAS GUIDO', '1650', 562),
(576, b'1', 3738, 'VILLA GENERAL JUAN G. LAS HERAS', '1650', 562),
(577, b'1', 3739, 'VILLA GODOY CRUZ', '1650', 562),
(578, b'1', 3740, 'VILLA GRANADEROS DE SAN MARTIN', '1650', 562),
(579, b'1', 3741, 'VILLA GREGORIA MATORRAS', '1650', 562),
(580, b'1', 3742, 'JOSE LEON SUAREZ', '1655', 562),
(581, b'1', 3743, 'VILLA JUAN MARTIN DE PUEYRREDON', '1650', 562),
(582, b'1', 3744, 'VILLA LIBERTAD', '1650', 562),
(583, b'1', 3745, 'VILLA LYNCH', '1672', 562),
(584, b'1', 3746, 'VILLA MAIPU', '1650', 562),
(585, b'1', 3747, 'VILLA MARIA IRENE DE LOS REMEDIOS DE ESCALADA', '1650', 562),
(586, b'1', 3748, 'VILLA MARQUES ALEJANDRO MARIA DE AGUADO', '1650', 562),
(587, b'1', 3749, 'VILLA PARQUE PRESIDENTE FIGUEROA ALCORTA', '1650', 562),
(588, b'1', 3750, 'VILLA PARQUE SAN LORENZO', '1650', 562),
(589, b'1', 3751, 'MALAVER', '1653', 562),
(590, b'1', 3752, 'SAN ANDRES', '1651', 562),
(591, b'1', 3753, 'VILLA YAPEYU', '1650', 562),
(592, b'1', 6077, 'SIN INFORMAR', '1650', 562),
(594, b'1', 3754, 'LOS TOLDOS', '6015', 593),
(595, b'1', 3755, 'BAIGORRITA', '6013', 593),
(596, b'1', 3756, 'ZAVALIA', '6018', 593),
(597, b'1', 3757, 'SAN EMILIO', '6017', 593),
(598, b'1', 3758, 'LA DELFINA', '6017', 593),
(599, b'1', 3759, 'CHANCAY', '6017', 593),
(600, b'1', 3760, 'QUIRNO COSTA', '6018', 593),
(601, b'1', 6078, 'SIN INFORMAR', '6015', 593),
(603, b'1', 3761, 'GENERAL VILLEGAS', '6230', 602),
(604, b'1', 3762, 'PIEDRITAS', '6249', 602),
(605, b'1', 3763, 'EMILIO V. BUNGE', '6241', 602),
(606, b'1', 3764, 'CORONEL CHARLONE (O FERNANDO MARTI)', '6223', 602),
(607, b'1', 3765, 'BANDERALO', '6244', 602),
(608, b'1', 3766, 'CAÑADA SECA', '6105', 602),
(609, b'1', 3767, 'VILLA SAUZE', '6233', 602),
(610, b'1', 3768, 'SANTA REGINA', '6105', 602),
(611, b'1', 3769, 'VILLA SABOYA', '6101', 602),
(612, b'1', 3770, 'SANTA ELEODORA', '6241', 602),
(613, b'1', 3771, 'MASSEY EST. ELORDI', '6242', 602),
(614, b'1', 3772, 'PICHINCHA', '6051', 602),
(615, b'1', 6079, 'SIN INFORMAR', '6230', 602),
(617, b'1', 3773, 'CASBAS', '6417', 616),
(618, b'1', 3774, 'GUAMINI', '6435', 616),
(619, b'1', 3775, 'LAGUNA ALSINA (ESTACION BONIFACIO)', '6439', 616),
(620, b'1', 3776, 'GARRE', '6411', 616),
(621, b'1', 3777, 'ARROYO VENADO', '6437', 616),
(622, b'1', 3778, 'HUANGUELEN', '7545', 616),
(623, b'1', 6080, 'SIN INFORMAR', '7540', 616),
(625, b'1', 3779, 'HENDERSON', '6465', 624),
(626, b'1', 3780, 'HERRERA VEGAS', '6557', 624),
(627, b'1', 6081, 'SIN INFORMAR', '6465', 624),
(629, b'1', 3781, 'HURLINGHAM', '1686', 628),
(630, b'1', 3782, 'WILLIAM C. MORRIS', '1686', 628),
(631, b'1', 3783, 'VILLA TESEI', '1688', 628),
(632, b'1', 3784, 'BARRIO SAN DAMIAN', '1686', 628),
(633, b'1', 6082, 'SIN INFORMAR', '1686', 628),
(635, b'1', 108, 'ZARATE', '2800', 634),
(636, b'1', 109, 'LIMA', '2806', 634),
(637, b'1', 110, 'BARRIO SAAVEDRA', '2800', 634),
(638, b'1', 111, 'COUNTRY CLUB EL CASCO', '2800', 634),
(639, b'1', 112, 'ESCALADA', '2800', 634),
(640, b'1', 113, 'PARAJE ORTIZ', '2800', 634),
(641, b'1', 114, 'PARAJE EL TATU', '2800', 634),
(642, b'1', 6083, 'SIN INFORMAR', '2800', 634),
(644, b'1', 115, 'PEDRO LURO', '8148', 643),
(645, b'1', 116, 'MEDANOS', '8132', 643),
(646, b'1', 117, 'MAYOR BURATOVICH (ANTES TRES CHAÑARES)', '8134', 643),
(647, b'1', 118, 'HILARIO ASCASUBI', '8142', 643),
(648, b'1', 119, 'JUAN COUSTE (EST. ALGARROBO)', '8134', 643),
(649, b'1', 120, 'TENIENTE ORIGONE', '8134', 643),
(650, b'1', 121, 'COLONIA SAN ADOLFO', '8134', 643),
(651, b'1', 122, 'ARGERICH', '8134', 643),
(652, b'1', 123, 'LAGUNA CHASICO', '8134', 643),
(653, b'1', 124, 'COLONIA MONTE LA PLATA', '8134', 643),
(654, b'1', 125, 'LA MASCOTA', '8134', 643),
(655, b'1', 126, 'MONTES DE OCA', '8136', 643),
(656, b'1', 127, 'NICOLAS LEVALLE', '8134', 643),
(657, b'1', 128, 'OMBUCTA', '8142', 643),
(658, b'1', 6084, 'SIN INFORMAR', '8134', 643),
(660, b'1', 129, 'MAR AZUL', '7165', 659),
(661, b'1', 130, 'MAR DE LAS PAMPAS', '7165', 659),
(662, b'1', 131, 'LAS GAVIOTAS', '7165', 659),
(663, b'1', 132, 'VILLA GESELL', '7165', 659),
(664, b'1', 6085, 'SIN INFORMAR', '7165', 659),
(666, b'1', 133, 'VICENTE LOPEZ', '1638', 665),
(667, b'1', 134, 'VILLA MARTELLI', '1603', 665),
(668, b'1', 135, 'FLORIDA', '1602', 665),
(669, b'1', 136, 'FLORIDA OESTE', '1602', 665),
(670, b'1', 137, 'MUNRO', '1605', 665),
(671, b'1', 138, 'OLIVOS', '1636', 665),
(672, b'1', 139, 'LA LUCILA', '1637', 665),
(673, b'1', 140, 'CARAPACHAY', '1606', 665),
(674, b'1', 141, 'VILLA ADELINA', '1607', 665),
(675, b'1', 6086, 'SIN INFORMAR', '1638', 665),
(677, b'1', 142, 'VEINTICINCO DE MAYO', '6660', 676),
(678, b'1', 143, 'NORBERTO DE LA RIESTRA', '6663', 676),
(679, b'1', 144, 'PEDERNALES', '6665', 676),
(680, b'1', 145, 'DEL VALLE', '6509', 676),
(681, b'1', 146, 'GOBERNADOR UGARTE ', '6621', 676),
(682, b'1', 147, 'VALDES', '6667', 676),
(683, b'1', 148, 'SAN ENRIQUE', '6661', 676),
(684, b'1', 149, 'AGUSTIN MOSCONI', '6667', 676),
(685, b'1', 150, 'ERNESTINA', '6665', 676),
(686, b'1', 151, 'LUCAS MONTEVERDE', '6661', 676),
(687, b'1', 152, 'PARAJE HUETEL (ESTACION FCGR)', '7400', 676),
(688, b'1', 153, 'PARAJE M.BERRAONDO (ESTACION FCGR)', '7400', 676),
(689, b'1', 6087, 'SIN INFORMAR', '6660', 676),
(691, b'1', 154, 'TRES LOMAS', '6409', 690),
(692, b'1', 155, 'INGENIERO THOMPSON (TAMBIEN DEMONINADA PEDRO M. MORENO)', '6337', 690),
(693, b'1', 6088, 'SIN INFORMAR', '6409', 690),
(695, b'1', 156, 'CASEROS', '1678', 694),
(696, b'1', 157, 'CHURRUCA', '1657', 694),
(697, b'1', 158, 'CIUDAD JARDIN LOMAS DEL PALOMAR', '1684', 694),
(698, b'1', 159, 'CIUDADELA', '1702', 694),
(699, b'1', 160, 'EL LIBERTADOR', '1657', 694),
(700, b'1', 161, 'JOSE INGENIEROS', '1702', 694),
(701, b'1', 162, 'LOMA HERMOSA ', '1657', 694),
(702, b'1', 163, 'MARTIN CORONADO', '1682', 694),
(703, b'1', 164, 'ONCE DE SEPTIEMBRE', '1657', 694),
(704, b'1', 165, 'PABLO PODESTA', '1657', 694),
(705, b'1', 166, 'REMEDIOS DE ESCALADA', '1826', 694),
(706, b'1', 167, 'SAENZ PEÑA', '1674', 694),
(707, b'1', 168, 'SANTOS LUGARES', '1675', 694),
(708, b'1', 169, 'VILLA BOSCH', '1682', 694),
(709, b'1', 170, 'VILLA RAFFO', '1674', 694),
(710, b'1', 6089, 'SIN INFORMAR', '1657', 694),
(712, b'1', 171, 'TRES ARROYOS', '7500', 711),
(713, b'1', 172, 'ORENSE', '7503', 711),
(714, b'1', 173, 'CLAROMECO', '7505', 711),
(715, b'1', 174, 'COPETONAS', '7511', 711),
(716, b'1', 175, 'MICAELA CASCALLARES EST. CASCALLARES', '7507', 711),
(717, b'1', 176, 'SAN FRANCISCO DE BELLOCQ', '7505', 711),
(718, b'1', 177, 'RETA', '7511', 711),
(719, b'1', 178, 'DUNAMAR', '7505', 711),
(720, b'1', 179, 'SAN MAYOL', '7519', 711),
(721, b'1', 180, 'LIN CALEL', '7505', 711),
(722, b'1', 181, 'BALNEARIO ORENSE', '7503', 711),
(723, b'1', 182, 'VILLA RODRIGUEZ EST. BARROW', '7500', 711),
(724, b'1', 6090, 'SIN INFORMAR', '7500', 711),
(726, b'1', 183, 'TRENQUE LAUQUEN', '6400', 725),
(727, b'1', 184, 'TREINTA DE AGOSTO', '6405', 725),
(728, b'1', 185, 'BERUTI', '6424', 725),
(729, b'1', 186, 'GIRODIAS', '6407', 725),
(730, b'1', 187, 'LA CARRETA', '6471', 725),
(731, b'1', 6091, 'SIN INFORMAR', '6400', 725),
(733, b'1', 188, 'BERRAONDO', '8124', 732),
(734, b'1', 189, 'CHOIQUE', '8117', 732),
(735, b'1', 190, 'ESTOMBA', '8118', 732),
(736, b'1', 191, 'GARCIA DEL RIO', '8162', 732),
(737, b'1', 192, 'NUEVA ROMA', '8160', 732),
(738, b'1', 193, 'PELICURA', '8117', 732),
(739, b'1', 194, 'TORNQUIST', '8160', 732),
(740, b'1', 195, 'SIERRA DE LA VENTANA', '8168', 732),
(741, b'1', 196, 'SALDUNGARAY', '8166', 732),
(742, b'1', 197, 'VILLA VENTANA', '8160', 732),
(743, b'1', 198, 'CHASICO', '8117', 732),
(744, b'1', 199, 'TRES PICOS', '8160', 732),
(745, b'1', 200, 'VILLA SERRANA LA GRUTA', '8160', 732),
(746, b'1', 6092, 'SIN INFORMAR', '8160', 732),
(748, b'1', 201, 'GENERAL CONESA', '7101', 747),
(749, b'1', 202, 'VILLA ROCH', '7101', 747),
(750, b'1', 203, 'ESQUINA DE CROTTO', '7101', 747),
(751, b'1', 6093, 'SIN INFORMAR', '7101', 747),
(753, b'1', 204, 'TIGRE', '1648', 752),
(754, b'1', 205, 'DON TORCUATO', '1611', 752),
(755, b'1', 3785, 'GENERAL PACHECO', '1617', 752),
(756, b'1', 3786, 'EL TALAR', '1618', 752),
(757, b'1', 3787, 'BENAVIDEZ', '1621', 752),
(758, b'1', 3788, 'DIQUE LUJAN', '1621', 752),
(759, b'1', 3789, 'NORDELTA', '1670', 752),
(760, b'1', 3790, 'RICARDO ROJAS', '1618', 752),
(761, b'1', 3791, 'RINCON DE MILBERG', '1648', 752),
(762, b'1', 3792, 'TRONCOS DEL TALAR', '1648', 752),
(763, b'1', 3793, 'DELTA', '1649', 752),
(764, b'1', 6094, 'SIN INFORMAR', '1648', 752),
(766, b'1', 3794, 'TAPALQUE', '7303', 765),
(767, b'1', 3795, 'CROTTO', '7307', 765),
(768, b'1', 3796, 'VELLOSO', '7305', 765),
(769, b'1', 6095, 'SIN INFORMAR', '7303', 765),
(771, b'1', 3797, 'TANDIL', '7000', 770),
(772, b'1', 3798, 'MARIA IGNACIA (ESTACION VELA)', '7003', 770),
(773, b'1', 3799, 'GARDEY', '7003', 770),
(774, b'1', 3800, 'DE LA CANAL', '7013', 770),
(775, b'1', 3801, 'DESVIO AGUIRRE', '7000', 770),
(776, b'1', 3802, 'FULTON', '7007', 770),
(777, b'1', 3803, 'LA PASTORA', '7001', 770),
(778, b'1', 3804, 'CERRO LEONES', '7000', 770),
(779, b'1', 3805, 'IRAOLA', '7009', 770),
(780, b'1', 3806, 'AZUCENA', '7005', 770),
(781, b'1', 3807, 'LA NUMANCIA', '7000', 770),
(782, b'1', 6096, 'SIN INFORMAR', '7000', 770),
(784, b'1', 3808, 'SUIPACHA', '6612', 783),
(785, b'1', 3809, 'GENERAL RIVAS', '6614', 783),
(786, b'1', 3810, 'PARAJE ROMAN BAEZ', '6612', 783),
(787, b'1', 6097, 'SIN INFORMAR', '6612', 783),
(789, b'1', 3811, 'SAN VICENTE.', '1865', 788),
(790, b'1', 3812, 'ALEJANDRO KORN', '1864', 788),
(791, b'1', 3813, 'DOMSELAAR', '1984', 788),
(792, b'1', 6098, 'SIN INFORMAR', '1865', 788),
(794, b'1', 3814, 'SAN PEDRO', '2930', 793),
(795, b'1', 3815, 'GOBERNADOR CASTRO', '2946', 793),
(796, b'1', 3816, 'SANTA LUCIA', '2935', 793),
(797, b'1', 3817, 'RIO TALA', '2944', 793),
(798, b'1', 3818, 'PUEBLO DOYLE', '2935', 793),
(799, b'1', 3819, 'OBLIGADO', '2930', 793),
(800, b'1', 3820, 'COLONIA VELAZ', '2933', 793),
(801, b'1', 3821, 'INGENIERO MONETA', '2935', 793),
(802, b'1', 3822, 'BELADRICH', '2930', 793),
(803, b'1', 3823, 'LA BUENA MOZA', '2930', 793),
(804, b'1', 6099, 'SIN INFORMAR', '2930', 793),
(806, b'1', 3824, 'CAMPOS SALLES', '2903', 805),
(807, b'1', 3825, 'CONESA', '2907', 805),
(808, b'1', 3826, 'EREZCANO', '2903', 805),
(809, b'1', 3827, 'GENERAL ROJO', '2905', 805),
(810, b'1', 3828, 'LA EMILIA', '2901', 805),
(811, b'1', 3829, 'SAN NICOLAS', '2900', 805),
(812, b'1', 3830, 'VILLA ESPERANZA', '2903', 805),
(813, b'1', 6100, 'SIN INFORMAR', '2900', 805),
(815, b'1', 3831, 'BELLA VISTA', '1663', 814),
(816, b'1', 3832, 'MUÑIZ', '1663', 814),
(817, b'1', 3833, 'CAMPO DE MAYO', '1663', 814),
(818, b'1', 3834, 'SAN MIGUEL', '1663', 814),
(819, b'1', 3835, 'SAN MIGUEL OESTE', '1663', 814),
(820, b'1', 6101, 'SIN INFORMAR', '1663', 814),
(822, b'1', 3836, 'ACASSUSO', '1641', 821),
(823, b'1', 3837, 'SAN ISIDRO', '1642', 821),
(824, b'1', 3838, 'BOULOGNE', '1609', 821),
(825, b'1', 3839, 'BECCAR', '1643', 821),
(826, b'1', 3840, 'MARTINEZ', '1640', 821),
(827, b'1', 3841, 'VILLA ADELINA', '1607', 821),
(828, b'1', 6102, 'SIN INFORMAR', '1642', 821),
(830, b'1', 3842, 'SAN FERNANDO', '1646', 829),
(831, b'1', 3843, 'VICTORIA', '1644', 829),
(832, b'1', 3844, 'VIRREYES', '1644', 829),
(833, b'1', 3845, 'ISLAS', '1646', 829),
(834, b'1', 6103, 'SIN INFORMAR', '1646', 829),
(836, b'1', 3846, 'CRISTIANO MUERTO', '7503', 835),
(837, b'1', 3847, 'EL CARRETERO', '7500', 835),
(838, b'1', 3848, 'LUMB', '7521', 835),
(839, b'1', 3849, 'DEFERRARI', '7521', 835),
(840, b'1', 3850, 'SAN CAYETANO', '7521', 835),
(841, b'1', 3851, 'OCHANDIO', '7521', 835),
(842, b'1', 3852, 'BALNEARIO SAN CAYETANO', '7521', 835),
(843, b'1', 6104, 'SIN INFORMAR', '7521', 835),
(845, b'1', 3853, 'SAN ANTONIO DE ARECO', '2760', 844),
(846, b'1', 3854, 'VILLA LIA (EL QUINTON)', '2761', 844),
(847, b'1', 3855, 'DUGGAN', '2764', 844),
(848, b'1', 3856, 'PARAJE VAGUES.', '2760', 844),
(849, b'1', 6105, 'SIN INFORMAR', '2760', 844),
(851, b'1', 3857, 'ESPORA', '6720', 850),
(852, b'1', 3858, 'HEAVY', '6723', 850),
(853, b'1', 3859, 'TUYUTI', '6721', 850),
(854, b'1', 3860, 'LA FLORIDA', '6720', 850),
(855, b'1', 3861, 'SAN ALBERTO', '6720', 850),
(856, b'1', 3862, 'BARRIO EL CANDIL', '6720', 850),
(857, b'1', 3863, 'LA ROSADA', '6720', 850),
(858, b'1', 3864, 'KM 108', '6720', 850),
(859, b'1', 3865, 'EL CONDOR', '6720', 850),
(860, b'1', 3866, 'SAN ANDRES DE GILES', '6720', 850),
(861, b'1', 3867, 'SOLIS', '2764', 850),
(862, b'1', 3868, 'VILLA RUIZ', '6705', 850),
(863, b'1', 3869, 'CUCULLU', '6723', 850),
(864, b'1', 3870, 'AZCUENAGA', '6721', 850),
(865, b'1', 3871, 'VILLA ESPIL', '6712', 850),
(866, b'1', 3872, 'FRANKLIN', '6614', 850),
(867, b'1', 6106, 'SIN INFORMAR', '6720', 850),
(869, b'1', 3873, 'MONROE', '2743', 868),
(870, b'1', 3874, 'CORONEL ISLEÑO', '2741', 868),
(871, b'1', 3875, 'SALTO', '2741', 868),
(872, b'1', 3876, 'ARROYO DULCE', '2743', 868),
(873, b'1', 3877, 'INES INDART', '2747', 868),
(874, b'1', 3878, 'GAHAN', '2745', 868),
(875, b'1', 3879, 'BERDIER', '2749', 868),
(876, b'1', 3880, 'LA INVENCIBLE', '2745', 868),
(877, b'1', 6107, 'SIN INFORMAR', '2741', 868),
(879, b'1', 3881, 'SALLIQUELO', '6339', 878),
(880, b'1', 3882, 'QUENUMA', '6335', 878),
(881, b'1', 3883, 'ESTACION GRACIARENA', '6335', 878),
(882, b'1', 6108, 'SIN INFORMAR', '6400', 878),
(884, b'1', 206, 'LA RAZON', '7260', 883),
(885, b'1', 207, 'LA MARGARITA', '7260', 883),
(886, b'1', 208, 'JUAN JOSE BLAQUIER', '7267', 883),
(887, b'1', 209, 'ESTHER', '7260', 883),
(888, b'1', 210, 'EMILIANO REYNOSO', '7260', 883),
(889, b'1', 211, 'SALADILLO NORTE', '7260', 883),
(890, b'1', 212, 'JOSE R. SOJO', '7260', 883),
(891, b'1', 213, 'SAN BLAS', '7260', 883),
(892, b'1', 214, 'GOBERNADOR ORTIZ DE ROSAS', '6660', 883),
(893, b'1', 215, 'SAN BENITO', '7261', 883),
(894, b'1', 216, 'SALADILLO CABECERA', '7260', 883),
(895, b'1', 217, 'DEL CARRIL', '7265', 883),
(896, b'1', 218, 'POLVAREDAS', '7267', 883),
(897, b'1', 219, 'CAZON', '7283', 883),
(898, b'1', 220, 'ALVAREZ DE TOLEDO', '7282', 883),
(899, b'1', 221, 'JUAN JOSE BLAQUIER ', '7267', 883),
(900, b'1', 3884, 'EL MANGRULLO', '7260', 883),
(901, b'1', 3885, 'LA BARRANCOSA', '7260', 883),
(902, b'1', 3886, 'LA CAMPANA', '7260', 883),
(903, b'1', 3887, 'LA MASCOTA', '7260', 883),
(904, b'1', 6109, 'SIN INFORMAR', '7260', 883),
(906, b'1', 222, 'ALTA VISTA', '8181', 905),
(907, b'1', 223, 'COLONIA SAN PEDRO', '7540', 905),
(908, b'1', 224, 'DUCOS', '8170', 905),
(909, b'1', 225, 'PIGüE', '7540', 905),
(910, b'1', 226, 'SAAVEDRA', '8174', 905),
(911, b'1', 227, 'ESPARTILLAR', '7540', 905),
(912, b'1', 228, 'GOYENA', '8175', 905),
(913, b'1', 229, 'ARROYO CORTO', '8172', 905),
(914, b'1', 230, 'DUFAUR', '8164', 905),
(915, b'1', 231, 'COLONIA SAN MARTIN', '7540', 905),
(916, b'1', 6110, 'SIN INFORMAR', '7540', 905),
(918, b'1', 232, 'OCHO CUARTELES', '7245', 917),
(919, b'1', 233, 'CARLOS BEGUERIE', '7247', 917),
(920, b'1', 234, 'ROQUE PEREZ', '7245', 917),
(921, b'1', 6111, 'SIN INFORMAR', '7245', 917),
(923, b'1', 235, 'GUIDO SPANO', '2707', 922),
(924, b'1', 236, 'HUNTER', '2707', 922),
(925, b'1', 237, 'SOL DE MAYO', '2705', 922),
(926, b'1', 238, 'ROJAS', '2705', 922),
(927, b'1', 239, 'CARABELAS', '2703', 922),
(928, b'1', 240, 'RAFAEL OBLIGADO', '6001', 922),
(929, b'1', 241, 'LOS INDIOS', '2709', 922),
(930, b'1', 242, 'LA BEBA', '6003', 922),
(931, b'1', 243, 'VILLA MANUEL POMAR', '2705', 922),
(932, b'1', 244, 'ROBERTO CANO', '2703', 922),
(933, b'1', 6112, 'SIN INFORMAR', '2705', 922),
(935, b'1', 245, 'BADANO', '6403', 934),
(936, b'1', 246, 'CERRITO', '6237', 934),
(937, b'1', 247, 'CONDARCO', '6237', 934),
(938, b'1', 248, 'VADANO', '6401', 934),
(939, b'1', 249, 'VALENTIN GOMEZ', '6403', 934),
(940, b'1', 250, 'VILLA SENA', '6403', 934),
(941, b'1', 251, 'AMERICA', '6237', 934),
(942, b'1', 252, 'GONZALEZ MORENO', '6239', 934),
(943, b'1', 253, 'FORTIN OLAVARRIA', '6403', 934),
(944, b'1', 254, 'SANSINENA', '6233', 934),
(945, b'1', 255, 'ROOSEVELT', '6403', 934),
(946, b'1', 256, 'SUNDBLAD', '6401', 934),
(947, b'1', 257, 'MIRA PAMPA', '6403', 934),
(948, b'1', 258, 'SAN MAURICIO', '6403', 934),
(949, b'1', 6113, 'SIN INFORMAR', '6237', 934),
(951, b'1', 259, 'RAUCH', '7203', 950),
(952, b'1', 260, 'MIRANDA', '7201', 950),
(953, b'1', 261, 'EGAÑA', '7013', 950),
(954, b'1', 262, 'COLMAN', '7201', 950),
(955, b'1', 6114, 'SIN INFORMAR', '7203', 950),
(957, b'1', 263, 'RAMALLO', '2915', 956),
(958, b'1', 264, 'EL PARAISO', '2916', 956),
(959, b'1', 265, 'PEREZ MILLAN', '2933', 956),
(960, b'1', 266, 'VILLA RAMALLO', '2914', 956),
(961, b'1', 267, 'VILLA GENERAL SAVIO', '2912', 956),
(962, b'1', 6115, 'SIN INFORMAR', '2915', 956),
(964, b'1', 268, 'BERNAL', '1876', 963),
(965, b'1', 269, 'DON BOSCO', '1876', 963),
(966, b'1', 270, 'EZPELETA', '1882', 963),
(967, b'1', 271, 'QUILMES', '1878', 963),
(968, b'1', 272, 'SAN FRANCISCO SOLANO', '1881', 963),
(969, b'1', 273, 'VILLA LA FLORIDA', '1881', 963),
(970, b'1', 6116, 'SIN INFORMAR', '1879', 963),
(972, b'1', 274, 'VERONICA', '1917', 971),
(973, b'1', 275, 'PIPINAS', '1917', 971),
(974, b'1', 276, 'PUNTA DEL INDIO', '1917', 971),
(975, b'1', 277, 'ALVAREZ JONTE', '1917', 971),
(976, b'1', 278, 'LAS TAHONAS', '1917', 971),
(977, b'1', 279, 'MONTE VELOZ', '1917', 971),
(978, b'1', 6117, 'SIN INFORMAR', '1917', 971),
(980, b'1', 280, 'AZOPARDO', '8181', 979),
(981, b'1', 281, 'BORDENAVE', '8187', 979),
(982, b'1', 282, 'DARREGUEIRA', '8183', 979),
(983, b'1', 283, 'ESTELA', '8127', 979),
(984, b'1', 284, 'FELIPE SOLA', '8129', 979),
(985, b'1', 285, 'LOPEZ LECUBE', '8117', 979),
(986, b'1', 286, 'PUAN', '8180', 979),
(987, b'1', 287, 'RIVADEO', '8127', 979),
(988, b'1', 288, 'RONDEAU', '7540', 979),
(989, b'1', 289, 'SAN GERMAN', '8124', 979),
(990, b'1', 290, 'TRES CUERVOS', '8183', 979),
(991, b'1', 291, 'VIBORAS', '8183', 979),
(992, b'1', 292, 'VILLA CASTELAR (ERIZE)', '8181', 979),
(993, b'1', 293, 'VILLA DURCUDOY (17 DE AGOSTO)', '8129', 979),
(994, b'1', 294, 'VILLA IRIS', '7540', 979),
(995, b'1', 6118, 'SIN INFORMAR', '7540', 979),
(997, b'1', 295, 'GUERNICA', '1862', 996),
(998, b'1', 296, 'AMERICA UNIDA', '1862', 996),
(999, b'1', 297, 'VILLA NUMANCIA', '1862', 996),
(1000, b'1', 6119, 'SIN INFORMAR', '1862', 996),
(1002, b'1', 298, 'PINAMAR', '7167', 1001),
(1003, b'1', 299, 'OSTENDE', '7167', 1001),
(1004, b'1', 300, 'VALERIA DEL MAR', '7167', 1001),
(1005, b'1', 301, 'CARILO', '7167', 1001),
(1006, b'1', 302, 'MONTECARLO', '7167', 1001),
(1007, b'1', 6120, 'SIN INFORMAR', '7167', 1001),
(1009, b'1', 303, 'DEL VISO', '1669', 1008),
(1010, b'1', 304, 'FATIMA', '1633', 1008),
(1011, b'1', 305, 'LA LONJA', '1629', 1008),
(1012, b'1', 306, 'MANUEL ALBERTI', '1667', 1008),
(1013, b'1', 307, 'MANZANARES', '1629', 1008),
(1014, b'1', 308, 'PILAR', '1629', 1008),
(1015, b'1', 309, 'PRESIDENTE DERQUI', '1635', 1008),
(1016, b'1', 310, 'VILLA ASTOLFI', '1635', 1008),
(1017, b'1', 311, 'VILLA ROSA', '1631', 1008),
(1018, b'1', 312, 'ZELAYA', '1627', 1008),
(1019, b'1', 313, 'LOS CACHORROS', '1669', 1008),
(1020, b'1', 314, 'MANZONE', '1629', 1008),
(1021, b'1', 315, 'MAQUINISTA F. SAVIO (OESTE)', '1629', 1008),
(1022, b'1', 316, 'SANTA TERESA', '1629', 1008),
(1023, b'1', 317, 'BARRIO PARQUE ALMIRANTE IRIZAR', '1629', 1008),
(1024, b'1', 318, 'CLUB DE CAMPO LARENA - LOS QUINCHOS', '1629', 1008),
(1025, b'1', 319, 'COUNTRY CLUB EL JAGüEL', '1629', 1008),
(1026, b'1', 6121, 'SIN INFORMAR', '1629', 1008),
(1027, b'1', 6232, 'LAGOMARSINO', '1929', 1008),
(1029, b'1', 320, 'PILA', '7116', 1028),
(1030, b'1', 321, 'CASALINS', '7116', 1028),
(1031, b'1', 322, 'LA FLORIDA', '7116', 1028),
(1032, b'1', 323, 'LA LUZ', '7116', 1028),
(1033, b'1', 324, 'LA VICTORIA', '7116', 1028),
(1034, b'1', 325, 'REAL AUDIENCIA', '7116', 1028),
(1035, b'1', 6122, 'SIN INFORMAR', '7116', 1028),
(1037, b'1', 326, 'PERGAMINO', '2700', 1036),
(1038, b'1', 327, 'ACEVEDO', '2717', 1036),
(1039, b'1', 328, 'MANUEL OCAMPO', '2713', 1036),
(1040, b'1', 329, 'VILLA ANGELICA my_localidad', '2718', 1036),
(1041, b'1', 330, 'JUAN ANCHORENA my_localidad', '2718', 1036),
(1042, b'1', 331, 'LA VIOLETA', '2751', 1036),
(1043, b'1', 332, 'MARIANO H. ALFONZO', '2718', 1036),
(1044, b'1', 333, 'GUERRICO', '2717', 1036),
(1045, b'1', 334, 'RANCAGUA', '2704', 1036),
(1046, b'1', 335, 'PINZON', '2703', 1036),
(1047, b'1', 336, 'FONTEZUELA', '2700', 1036),
(1048, b'1', 337, 'J.A. DE LA PEÑA', '2700', 1036),
(1049, b'1', 338, 'MARIANO BENITEZ', '2701', 1036),
(1050, b'1', 339, 'VILLA SAN JOSE', '2718', 1036),
(1051, b'1', 340, 'FRANCISCO AYERZA', '2700', 1036),
(1052, b'1', 341, 'ORTIZ BASUALDO', '2703', 1036),
(1053, b'1', 342, 'MAGUIRRE', '2718', 1036),
(1054, b'1', 343, 'VILLA DAFONTE', '2718', 1036),
(1055, b'1', 344, 'MANANTIALES GRANDE', '2700', 1036),
(1056, b'1', 345, 'MANANTIALES CHICO', '2700', 1036),
(1057, b'1', 346, 'PUJOL', '2907', 1036),
(1058, b'1', 347, 'COLONIA BUENA VISTA', '2700', 1036),
(1059, b'1', 348, 'TAMBO NUEVO', '2700', 1036),
(1060, b'1', 349, 'ARROYO DEL MEDIO', '2113', 1036),
(1061, b'1', 350, 'COLONIA SANTA ROSA', '2700', 1036),
(1062, b'1', 6123, 'SIN INFORMAR', '2700', 1036),
(1063, b'1', 6238, 'EL SOCORRO', '2715', 1036),
(1065, b'1', 351, 'PELLEGRINI', '6346', 1064),
(1066, b'1', 352, 'DE BARY', '6347', 1064),
(1067, b'1', 353, 'BOCAYUVA', '6348', 1064),
(1068, b'1', 6124, 'SIN INFORMAR', '6346', 1064),
(1070, b'1', 354, 'PEHUAJO', '6450', 1069),
(1071, b'1', 355, 'JUAN JOSE PASO', '6474', 1069),
(1072, b'1', 356, 'MONES CAZON', '6469', 1069),
(1073, b'1', 357, 'FRANCISCO MADERO', '6472', 1069),
(1074, b'1', 358, 'SAN BERNARDO DE PEHUAJO', '6476', 1069),
(1075, b'1', 359, 'MAGDALA', '6451', 1069),
(1076, b'1', 360, 'NUEVA PLATA', '6451', 1069),
(1077, b'1', 361, 'CHICLANA', '6476', 1069),
(1078, b'1', 362, 'CAPITAN CASTRO', '6461', 1069),
(1079, b'1', 363, 'ABEL', '6450', 1069),
(1080, b'1', 364, 'ALAGON', '6463', 1069),
(1081, b'1', 365, 'ALBARIÑO', '6405', 1069),
(1082, b'1', 366, 'ANCON', '6451', 1069),
(1083, b'1', 367, 'ASTURIAS', '6451', 1069),
(1084, b'1', 368, 'EL RECADO', '6474', 1069),
(1085, b'1', 369, 'GIRONDO', '6451', 1069),
(1086, b'1', 370, 'GNECCO', '6451', 1069),
(1087, b'1', 371, 'INOCENCIO SOSA', '6451', 1069),
(1088, b'1', 372, 'LA COTORRA', '6461', 1069),
(1089, b'1', 373, 'LARRAMENDY', '6451', 1069),
(1090, b'1', 374, 'LAS JUANITAS', '6476', 1069),
(1091, b'1', 375, 'PEDRO GAMEN', '6451', 1069),
(1092, b'1', 6125, 'SIN INFORMAR', '6450', 1069),
(1094, b'1', 376, 'BAHIA SAN BLAS', '8506', 1093),
(1095, b'1', 377, 'CARDENAL CAGLIERO', '8506', 1093),
(1096, b'1', 378, 'CARMEN DE PATAGONES', '8504', 1093),
(1097, b'1', 379, 'JOSE B. CASAS', '8506', 1093),
(1098, b'1', 380, 'JUAN A. PRADERE', '8000', 1093),
(1099, b'1', 381, 'STROEDER', '8000', 1093),
(1100, b'1', 382, 'VILLALONGA', '7400', 1093),
(1101, b'1', 6126, 'SIN INFORMAR', '8000', 1093),
(1103, b'1', 383, 'DURAÑONA', '7401', 1102),
(1104, b'1', 384, 'ITURREGUI', '6557', 1102),
(1105, b'1', 385, 'LA PROVIDENCIA', '7403', 1102),
(1106, b'1', 386, 'MAPIS', '6557', 1102),
(1107, b'1', 387, 'CERRO SOTUYO', '7403', 1102),
(1108, b'1', 388, 'MUÑOZ', '7404', 1102),
(1109, b'1', 389, 'COLONIA LAS CARMELITAS', '7403', 1102),
(1110, b'1', 390, 'POURTALE', '7404', 1102),
(1111, b'1', 391, 'ROCHA', '7404', 1102),
(1112, b'1', 392, 'VILLA MONICA', '7318', 1102),
(1113, b'1', 393, 'SIERRAS BAYAS', '7403', 1102),
(1114, b'1', 394, 'VILLA ALFREDO FORTABAT', '7403', 1102),
(1115, b'1', 395, 'SIERRA CHICA', '7421', 1102),
(1116, b'1', 396, 'HINOJO', '7318', 1102),
(1117, b'1', 397, 'COLONIA HINOJO', '7318', 1102),
(1118, b'1', 398, 'COLONIA SAN MIGUEL', '7429', 1102),
(1119, b'1', 399, 'ESPIGAS', '6561', 1102),
(1120, b'1', 400, 'RECALDE', '6559', 1102),
(1121, b'1', 401, 'VILLA LA SERRANIA', '7403', 1102),
(1122, b'1', 402, 'VILLA ARRIETA', '7403', 1102),
(1123, b'1', 403, 'SANTA LUISA', '7401', 1102),
(1124, b'1', 404, 'BLANCAGRANDE', '6561', 1102),
(1125, b'1', 405, 'COLONIA NIEVAS', '7403', 1102),
(1126, b'1', 6127, 'SIN INFORMAR', '7400', 1102),
(1127, b'1', 6298, 'OLAVARRIA', '7400', 1102),
(1129, b'1', 406, 'NUEVE DE JULIO', '6501', 1128),
(1130, b'1', 407, 'DUDIGNAC', '6505', 1128),
(1131, b'1', 408, 'ALFREDO DEMARCHI', '6533', 1128),
(1132, b'1', 409, 'MANUEL B. GONNET', '1897', 1128),
(1133, b'1', 410, 'PATRICIOS', '6503', 1128),
(1134, b'1', 411, 'LA AURORA', '6513', 1128),
(1135, b'1', 412, 'CARLOS MARIA NAON', '6515', 1128),
(1136, b'1', 413, 'VILLA GENERAL FOURNIER', '6500', 1128),
(1137, b'1', 414, 'MOREA', '6507', 1128),
(1138, b'1', 415, 'DOCE DE OCTUBRE', '6502', 1128),
(1139, b'1', 416, 'MARCELINO UGARTE', '2741', 1128),
(1140, b'1', 417, 'NORUMBEGA', '6501', 1128),
(1141, b'1', 418, 'BACACAY', '6516', 1128),
(1142, b'1', 419, 'FAUZON', '6505', 1128),
(1143, b'1', 6128, 'SIN INFORMAR', '6500', 1128),
(1145, b'1', 420, 'NECOCHEA', '7630', 1144),
(1146, b'1', 421, 'QUEQUEN', '7631', 1144),
(1147, b'1', 422, 'JUAN NEPOMUCENO FERNANDEZ', '7011', 1144),
(1148, b'1', 423, 'CLARAZ', '7005', 1144),
(1149, b'1', 424, 'RAMON SANTAMARINA', '7641', 1144),
(1150, b'1', 425, 'LA DULCE', '7637', 1144),
(1151, b'1', 426, 'LOS ANGELES', '7630', 1144),
(1152, b'1', 427, 'COSTA BONITA', '7631', 1144),
(1153, b'1', 428, 'ENERGIA', '7641', 1144),
(1154, b'1', 6129, 'SIN INFORMAR', '7630', 1144),
(1156, b'1', 429, 'NAVARRO', '6605', 1155),
(1157, b'1', 430, 'VILLA MOLL', '6620', 1155),
(1158, b'1', 431, 'LAS MARIANAS', '6607', 1155),
(1159, b'1', 432, 'JOSE JUAN ALMEYRA', '6605', 1155),
(1160, b'1', 6130, 'SIN INFORMAR', '6605', 1155),
(1162, b'1', 433, 'MORON', '1708', 1161),
(1163, b'1', 434, 'CASTELAR', '1712', 1161),
(1164, b'1', 435, 'HAEDO', '1706', 1161),
(1165, b'1', 436, 'EL PALOMAR', '1684', 1161),
(1166, b'1', 437, 'VILLA SARMIENTO', '1706', 1161),
(1167, b'1', 6131, 'SIN INFORMAR', '1708', 1161),
(1169, b'1', 438, 'MORENO', '1744', 1168),
(1170, b'1', 439, 'LA REJA', '1744', 1168),
(1171, b'1', 440, 'FRANCISCO ALVAREZ', '1746', 1168),
(1172, b'1', 441, 'CUARTEL V', '1744', 1168),
(1173, b'1', 442, 'TRUJUI', '1744', 1168),
(1174, b'1', 443, 'PASO DEL REY', '1742', 1168),
(1175, b'1', 444, 'CRUCE CASTELAR', '1744', 1168),
(1176, b'1', 445, 'PARQUE LELOIR', '1713', 1168),
(1177, b'1', 6132, 'SIN INFORMAR', '1744', 1168),
(1179, b'1', 446, 'MONTE HERMOSO', '8153', 1178),
(1180, b'1', 447, 'BALNEARIO SAUCE GRANDE ', '8153', 1178),
(1181, b'1', 6133, 'SIN INFORMAR', '8153', 1178),
(1183, b'1', 448, 'SAN MIGUEL DEL MONTE', '7220', 1182),
(1184, b'1', 449, 'ABBOTT', '7228', 1182),
(1185, b'1', 450, 'ZENON VIDELA DORNA', '7226', 1182),
(1186, b'1', 6134, 'SIN INFORMAR', '7220', 1182),
(1188, b'1', 451, 'CIUDAD DE SAN ANTONIO DE PADUA', '1718', 1187);
INSERT INTO `localidades` (`id`, `activo`, `id_segun_api`, `nombre`, `codigo_postal`, `municipio`) VALUES
(1189, b'1', 452, 'CIUDAD DE LIBERTAD', '1716', 1187),
(1190, b'1', 453, 'CIUDAD DE PONTEVEDRA', '1761', 1187),
(1191, b'1', 6135, 'SIN INFORMAR', '1722', 1187),
(1192, b'1', 6231, 'MARIANO ACOSTA', '1723', 1187),
(1193, b'1', 6233, 'LIBERTAD', '1722', 1187),
(1194, b'1', 6315, 'MERLO', '1722', 1187),
(1196, b'1', 454, 'MERCEDES', '6600', 1195),
(1197, b'1', 6136, 'SIN INFORMAR', '6600', 1195),
(1199, b'1', 455, 'MARCOS PAZ', '1727', 1198),
(1200, b'1', 6137, 'SIN INFORMAR', '1727', 1198),
(1202, b'1', 456, 'CORONEL VIDAL', '7174', 1201),
(1203, b'1', 457, 'SANTA CLARA DEL MAR', '7609', 1201),
(1204, b'1', 458, 'ATLANTIDA', '7807', 1201),
(1205, b'1', 459, 'CAMET NORTE', '7803', 1201),
(1206, b'1', 460, 'FRENTE MAR', '7802', 1201),
(1207, b'1', 461, 'GENERAL PIRAN', '7172', 1201),
(1208, b'1', 462, 'VIVORATA', '7612', 1201),
(1209, b'1', 463, 'MAR DE COBO', '7788', 1201),
(1210, b'1', 464, 'LA BALIZA', '7785', 1201),
(1211, b'1', 465, 'LA CALETA', '7797', 1201),
(1212, b'1', 466, 'MAR CHIQUITA', '7609', 1201),
(1213, b'1', 467, 'LA ARMONIA', '7612', 1201),
(1214, b'1', 468, 'CALFUCURA', '7613', 1201),
(1215, b'1', 469, 'NAHUEL RUCA', '7613', 1201),
(1216, b'1', 470, 'BALNEARIO PARQUE MAR CHIQUITA', '7609', 1201),
(1217, b'1', 6138, 'SIN INFORMAR', '7609', 1201),
(1219, b'1', 471, 'GRAND BOURG', '1615', 1218),
(1220, b'1', 472, 'LOS POLVORINES', '1613', 1218),
(1221, b'1', 473, 'VILLA DE MAYO', '1614', 1218),
(1222, b'1', 474, 'TORTUGUITAS', '1667', 1218),
(1223, b'1', 475, 'INGENIERO PABLO NOGUES', '1613', 1218),
(1224, b'1', 476, 'INGENIERO ADOLFO SOURDEAUX', '1612', 1218),
(1225, b'1', 477, 'AREA DE PROMOCION EL TRIANGULO', '1615', 1218),
(1226, b'1', 478, 'MALVINAS ARGENTINAS', '1614', 1218),
(1227, b'1', 479, 'TIERRAS ALTAS', '1615', 1218),
(1228, b'1', 6139, 'SIN INFORMAR', '1614', 1218),
(1230, b'1', 480, 'MAIPU', '7160', 1229),
(1231, b'1', 481, 'LAS ARMAS', '7172', 1229),
(1232, b'1', 482, 'SANTO DOMINGO', '7160', 1229),
(1233, b'1', 483, 'SEGUROLA', '7119', 1229),
(1234, b'1', 484, 'MONSALVO', '7119', 1229),
(1235, b'1', 6140, 'SIN INFORMAR', '7160', 1229),
(1237, b'1', 485, 'EMPALME', '1913', 1236),
(1238, b'1', 486, 'ARDITI', '1911', 1236),
(1239, b'1', 487, 'MAGDALENA', '1913', 1236),
(1240, b'1', 488, 'GENERAL MANSILLA', '1911', 1236),
(1241, b'1', 489, 'ATALAYA', '1913', 1236),
(1242, b'1', 490, 'VIEYTES', '1911', 1236),
(1243, b'1', 491, 'ROBERTO J. PAYRO', '1911', 1236),
(1244, b'1', 6141, 'SIN INFORMAR', '1913', 1236),
(1246, b'1', 492, 'CORTINES', '6712', 1245),
(1247, b'1', 493, 'JOSE MARIA JAUREGUI', '6706', 1245),
(1248, b'1', 494, 'LUJAN', '6700', 1245),
(1249, b'1', 495, 'OLIVERA', '6608', 1245),
(1250, b'1', 496, 'OPEN DOOR', '6708', 1245),
(1251, b'1', 497, 'CARLOS KEEN', '6701', 1245),
(1252, b'1', 498, 'TORRES', '6703', 1245),
(1253, b'1', 6142, 'SIN INFORMAR', '6700', 1245),
(1255, b'1', 499, 'LOMAS DE ZAMORA', '1836', 1254),
(1256, b'1', 500, 'BANFIELD', '1828', 1254),
(1257, b'1', 501, 'LLAVALLOL', '1836', 1254),
(1258, b'1', 502, 'TEMPERLEY', '1834', 1254),
(1259, b'1', 503, 'SAN JOSE', '1834', 1254),
(1260, b'1', 504, 'TURDERA', '1833', 1254),
(1261, b'1', 505, 'VILLA FIORITO', '1832', 1254),
(1262, b'1', 506, 'VILLA CENTENARIO', '1828', 1254),
(1263, b'1', 6143, 'SIN INFORMAR', '1832', 1254),
(1265, b'1', 507, 'ANTONIO CARBONI', '7243', 1264),
(1266, b'1', 508, 'ELVIRA', '7243', 1264),
(1267, b'1', 509, 'JOSE SANTOS AREVALO', '7243', 1264),
(1268, b'1', 510, 'LOBOS', '7240', 1264),
(1269, b'1', 511, 'EMPALME LOBOS', '7249', 1264),
(1270, b'1', 512, 'LAS CHACRAS', '5880', 1264),
(1271, b'1', 513, 'SALVADOR MARIA', '7241', 1264),
(1272, b'1', 514, 'ZAPIOLA', '7249', 1264),
(1273, b'1', 6144, 'SIN INFORMAR', '7240', 1264),
(1275, b'1', 515, 'EL LENGUARAZ', '7635', 1274),
(1276, b'1', 516, 'EL MORO', '7623', 1274),
(1277, b'1', 517, 'LAS NUTRIAS', '7623', 1274),
(1278, b'1', 518, 'LOBERIA', '7635', 1274),
(1279, b'1', 519, 'SAN MANUEL', '7007', 1274),
(1280, b'1', 520, 'TAMANGUEYU', '7633', 1274),
(1281, b'1', 521, 'LICENCIADO MATIENZO', '7007', 1274),
(1282, b'1', 522, 'PIERES', '7633', 1274),
(1283, b'1', 523, 'ARENAS VERDES', '7630', 1274),
(1284, b'1', 6145, 'SIN INFORMAR', '7630', 1274),
(1286, b'1', 524, 'BALSA', '6070', 1285),
(1287, b'1', 525, 'FORTIN VIGILANCIA', '6073', 1285),
(1288, b'1', 526, 'TRIUNVIRATO.', '6071', 1285),
(1289, b'1', 527, 'LINCOLN', '6070', 1285),
(1290, b'1', 528, 'ROBERTS', '6075', 1285),
(1291, b'1', 529, 'PASTEUR', '6077', 1285),
(1292, b'1', 530, 'EL TRIUNFO', '6073', 1285),
(1293, b'1', 531, 'ARENAZA', '6075', 1285),
(1294, b'1', 532, 'CORONEL MARTINEZ DE HOZ', '6533', 1285),
(1295, b'1', 533, 'BAYAUCA', '6078', 1285),
(1296, b'1', 534, 'LAS TOSCAS', '6453', 1285),
(1297, b'1', 535, 'CARLOS SALAS', '6453', 1285),
(1298, b'1', 536, 'BERMUDEZ', '6071', 1285),
(1299, b'1', 6146, 'SIN INFORMAR', '6070', 1285),
(1301, b'1', 537, 'TRIGALES', '6053', 1300),
(1302, b'1', 538, 'PERKINS', '6032', 1300),
(1303, b'1', 539, 'VEDIA', '6030', 1300),
(1304, b'1', 540, 'JUAN BAUTISTA ALBERDI', '6034', 1300),
(1305, b'1', 541, 'LEANDRO N. ALEM', '6032', 1300),
(1306, b'1', 542, 'ALBERDI VIEJO (COLONIA ALBERDI)', '6034', 1300),
(1307, b'1', 543, 'EL DORADO', '6031', 1300),
(1308, b'1', 544, 'FORTIN ACHA', '6031', 1300),
(1309, b'1', 6147, 'SIN INFORMAR', '6032', 1300),
(1311, b'1', 545, 'LAS FLORES', '7200', 1310),
(1312, b'1', 546, 'PARDO', '7212', 1310),
(1313, b'1', 547, 'EL TRIGO', '7207', 1310),
(1314, b'1', 548, 'CORONEL BOERR', '7208', 1310),
(1315, b'1', 549, 'ROSAS', '7205', 1310),
(1316, b'1', 550, 'PLAZA MONTERO', '7201', 1310),
(1317, b'1', 551, 'EL GUALICHU', '7200', 1310),
(1318, b'1', 552, 'LA PORTEÑA', '7207', 1310),
(1319, b'1', 553, 'VILELA', '7208', 1310),
(1320, b'1', 554, 'EL MOSQUITO', '7200', 1310),
(1321, b'1', 555, 'HAROSTEGUY', '7212', 1310),
(1322, b'1', 556, 'ESTRUGAMOU', '7207', 1310),
(1323, b'1', 557, 'PAGO DE ORO', '7200', 1310),
(1324, b'1', 558, 'EL DESPUNTE', '7200', 1310),
(1325, b'1', 559, 'EL TROPEZON', '1888', 1310),
(1326, b'1', 560, 'SOL DE MAYO', '7200', 1310),
(1327, b'1', 561, 'EL TORO', '7200', 1310),
(1328, b'1', 6148, 'SIN INFORMAR', '7200', 1310),
(1330, b'1', 562, 'COLONIA ARTALEJO', '7414', 1329),
(1331, b'1', 563, 'LAS HERMANAS', '7412', 1329),
(1332, b'1', 564, 'PARAGüIL', '7412', 1329),
(1333, b'1', 565, 'SANTA ELENA', '7414', 1329),
(1334, b'1', 566, 'VOLUNTAD', '7412', 1329),
(1335, b'1', 567, 'LAPRIDA', '7414', 1329),
(1336, b'1', 568, 'PUEBLO SAN JORGE', '7404', 1329),
(1337, b'1', 569, 'PUEBLO NUEVO', '7414', 1329),
(1338, b'1', 6149, 'SIN INFORMAR', '7414', 1329),
(1340, b'1', 570, 'GERLI', '1823', 1339),
(1341, b'1', 571, 'LANUS ESTE', '1824', 1339),
(1342, b'1', 572, 'LANUS OESTE', '1824', 1339),
(1343, b'1', 573, 'MONTE CHINGOLO', '1825', 1339),
(1344, b'1', 574, 'REMEDIOS DE ESCALADA', '1826', 1339),
(1345, b'1', 575, 'VALENTIN ALSINA', '1822', 1339),
(1346, b'1', 576, 'VILLA CARAZA.', '1822', 1339),
(1347, b'1', 577, 'VILLA DIAMANTE.', '1822', 1339),
(1348, b'1', 578, 'VILLA GENERAL PAZ.', '1826', 1339),
(1349, b'1', 579, 'VILLA SARMIENTO', '1824', 1339),
(1350, b'1', 580, 'VILLA OBRERA.', '1826', 1339),
(1351, b'1', 581, 'BARRIO SANTA TERESITA.', '1824', 1339),
(1352, b'1', 582, 'VILLA DE LOS INDUSTRIALES', '1824', 1339),
(1353, b'1', 583, 'VILLA JARDIN', '1822', 1339),
(1354, b'1', 584, 'EL BARRIO Y SIN HORARIO', '1824', 1339),
(1355, b'1', 6150, 'SIN INFORMAR', '1824', 1339),
(1357, b'1', 585, 'ABASTO', '1900', 1356),
(1358, b'1', 586, 'CITY BELL', '1896', 1356),
(1359, b'1', 587, 'ETCHEVERRY', '1900', 1356),
(1360, b'1', 588, 'ARTURO SEGUI', '1894', 1356),
(1361, b'1', 589, 'EL PELIGRO', '1896', 1356),
(1362, b'1', 590, 'GORINA', '1897', 1356),
(1363, b'1', 591, 'IGNACIO CORREAS', '1900', 1356),
(1364, b'1', 592, 'ISLA MARTIN GARCIA', '1900', 1356),
(1365, b'1', 593, 'JOSE HERNANDEZ', '1900', 1356),
(1366, b'1', 594, 'LA PLATA', '1900', 1356),
(1367, b'1', 595, 'MANUEL B. GONNET', '1897', 1356),
(1368, b'1', 596, 'MELCHOR ROMERO', '1900', 1356),
(1369, b'1', 597, 'LISANDRO OLMOS', '1900', 1356),
(1370, b'1', 598, 'LOS HORNOS', '1900', 1356),
(1371, b'1', 599, 'RINGUELET', '1900', 1356),
(1372, b'1', 600, 'SAN CARLOS', '1900', 1356),
(1373, b'1', 601, 'SAN LORENZO', '1900', 1356),
(1374, b'1', 602, 'TOLOSA', '1901', 1356),
(1375, b'1', 603, 'VILLA ELISA', '1894', 1356),
(1376, b'1', 604, 'VILLA ELVIRA', '1900', 1356),
(1377, b'1', 605, 'VILLA GARIBALDI', '1900', 1356),
(1378, b'1', 606, 'VILLA MONTORO', '1900', 1356),
(1379, b'1', 6151, 'SIN INFORMAR', '1900', 1356),
(1381, b'1', 607, 'ALDO BONZI', '1770', 1380),
(1382, b'1', 608, 'CIUDAD EVITA', '1778', 1380),
(1383, b'1', 609, 'GONZALEZ CATAN', '1759', 1380),
(1384, b'1', 610, 'GREGORIO DE LAFERRERE', '1757', 1380),
(1385, b'1', 611, 'ISIDRO CASANOVA', '1765', 1380),
(1386, b'1', 612, 'LA TABLADA', '1766', 1380),
(1387, b'1', 613, 'LOMAS DEL MIRADOR', '1752', 1380),
(1388, b'1', 614, 'RAFAEL CASTILLO', '1755', 1380),
(1389, b'1', 615, 'RAMOS MEJIA', '1704', 1380),
(1390, b'1', 6152, 'SIN INFORMAR', '1757', 1380),
(1391, b'1', 616, 'SAN JUSTO', '1754', 1380),
(1392, b'1', 617, 'TAPIALES', '1770', 1380),
(1393, b'1', 618, 'VEINTE DE JUNIO', '1754', 1380),
(1394, b'1', 619, 'VILLA CELINA', '1772', 1380),
(1395, b'1', 620, 'VILLA EDUARDO MADERO', '1768', 1380),
(1396, b'1', 621, 'VILLA LUZURIAGA', '1754', 1380),
(1397, b'1', 622, 'VIRREY DEL PINO', '1763', 1380),
(1398, b'1', 6324, 'LOS CEIBOS', '1759', 1380),
(1400, b'1', 6153, 'SIN INFORMAR', '7165', 1399),
(1401, b'1', 623, 'AGUAS VERDES', '7112', 1399),
(1402, b'1', 624, 'COSTA AZUL', '7112', 1399),
(1403, b'1', 625, 'COSTA CHICA', '7106', 1399),
(1404, b'1', 626, 'COSTA DEL ESTE', '7108', 1399),
(1405, b'1', 627, 'COSTA ESMERALDA', '7165', 1399),
(1406, b'1', 628, 'LA LUCILA DEL MAR', '7113', 1399),
(1407, b'1', 629, 'LAS TONINAS', '7106', 1399),
(1408, b'1', 630, 'MAR DE AJO', '7109', 1399),
(1409, b'1', 631, 'MAR DEL TUYU', '7108', 1399),
(1410, b'1', 632, 'NUEVA ATLANTIS', '7109', 1399),
(1411, b'1', 633, 'PINAR DEL SOL', '7165', 1399),
(1412, b'1', 634, 'PLAYA GRANDE', '7165', 1399),
(1413, b'1', 635, 'SAN CLEMENTE DEL TUYU', '7105', 1399),
(1414, b'1', 636, 'SANTA TERESITA', '7107', 1399),
(1415, b'1', 637, 'SAN BERNARDO DEL TUYU', '7111', 1399),
(1417, b'1', 6154, 'SIN INFORMAR', '6000', 1416),
(1418, b'1', 638, 'BLANDENGUES', '6032', 1416),
(1419, b'1', 639, 'LA AGRARIA', '6022', 1416),
(1420, b'1', 640, 'LA ORIENTAL', '6022', 1416),
(1421, b'1', 641, 'LAS PARVAS', '6022', 1416),
(1422, b'1', 642, 'JUNIN', '6000', 1416),
(1423, b'1', 643, 'MORSE', '6013', 1416),
(1424, b'1', 644, 'AGUSTIN ROCA - CORONEL MARCOS PAZ', '6001', 1416),
(1425, b'1', 645, 'FORTIN TIBURCIO', '6001', 1416),
(1426, b'1', 646, 'SAFORCADA', '6022', 1416),
(1427, b'1', 647, 'AGUSTINA', '6001', 1416),
(1428, b'1', 648, 'LAPLACETTE', '6013', 1416),
(1429, b'1', 649, 'BALNEARIO LAGUNA DE GOME', '6001', 1416),
(1431, b'1', 6155, 'SIN INFORMAR', '1665', 1430),
(1432, b'1', 650, 'JOSE C. PAZ', '1665', 1430),
(1434, b'1', 6156, 'SIN INFORMAR', '1714', 1433),
(1435, b'1', 651, 'PARQUE LELOIR', '1713', 1433),
(1436, b'1', 652, 'EL PILAR', '1714', 1433),
(1437, b'1', 653, 'VILLA ARIZA', '1714', 1433),
(1438, b'1', 654, 'VILLA ALBERDI', '1712', 1433),
(1439, b'1', 655, 'SAN ALBERTO', '1714', 1433),
(1440, b'1', 656, 'PARQUE SAN ANTONIO', '1712', 1433),
(1441, b'1', 657, 'IPARRAGUIRRE', '1714', 1433),
(1442, b'1', 658, 'LAS NACIONES', '1714', 1433),
(1443, b'1', 659, 'VILLA LEON', '1714', 1433),
(1444, b'1', 660, 'ITUZAINGO', '1714', 1433),
(1445, b'1', 661, 'VILLA UDAONDO', '1713', 1433),
(1448, b'1', 6208, 'SIN INFORMAR', '0', 1447),
(1450, b'1', 6157, 'SIN INFORMAR', '4711', 1449),
(1451, b'1', 662, 'CHUCHUCARUANA ', '4711', 1449),
(1452, b'1', 663, 'COLPES ', '4711', 1449),
(1453, b'1', 664, 'EL BOLSON ', '4711', 1449),
(1454, b'1', 665, 'EL RODEO ', '4715', 1449),
(1455, b'1', 666, 'HUAYCAMA ', '4711', 1449),
(1456, b'1', 667, 'LA PUERTA ', '4711', 1449),
(1457, b'1', 668, 'LAS CHACRITAS ', '4711', 1449),
(1458, b'1', 669, 'LAS JUNTAS ', '4715', 1449),
(1459, b'1', 670, 'LOS CASTILLOS ', '4711', 1449),
(1460, b'1', 671, 'LOS TALAS ', '4711', 1449),
(1461, b'1', 672, 'LOS VARELA ', '4711', 1449),
(1462, b'1', 673, 'SINGUIL ', '4711', 1449),
(1463, b'1', 674, 'CERCO DEL PALO', '4711', 1449),
(1464, b'1', 675, 'CHAVARRIA', '4711', 1449),
(1465, b'1', 676, 'EL CHORRO', '4711', 1449),
(1466, b'1', 677, 'EL FALDEO', '4711', 1449),
(1467, b'1', 678, 'EL PARQUE', '4711', 1449),
(1468, b'1', 679, 'EL POLEAR', '4711', 1449),
(1469, b'1', 680, 'EL TABIQUE', '4711', 1449),
(1470, b'1', 681, 'HUMAYA NORTE', '4711', 1449),
(1471, b'1', 682, 'HUMAYA SUR', '4711', 1449),
(1472, b'1', 683, 'LA AGUADA', '4711', 1449),
(1473, b'1', 684, 'LA ISLA', '4711', 1449),
(1474, b'1', 685, 'LA QUEBRADA', '4711', 1449),
(1475, b'1', 686, 'LA QUEBRADITA', '4711', 1449),
(1476, b'1', 687, 'LA RINCONADA', '4711', 1449),
(1477, b'1', 688, 'LAS AGüITAS', '4711', 1449),
(1478, b'1', 689, 'LAS BURRAS', '4711', 1449),
(1479, b'1', 690, 'LAS CAÑADAS', '4711', 1449),
(1480, b'1', 691, 'LAS HIGUERAS', '4719', 1449),
(1481, b'1', 692, 'LAS PIEDRAS BLANCAS', '4715', 1449),
(1482, b'1', 693, 'LOMA CORTADA', '4700', 1449),
(1483, b'1', 694, 'LOMA DE LAS TORDILLAS', '4715', 1449),
(1484, b'1', 695, 'LOS NARVAEZ', '4711', 1449),
(1485, b'1', 696, 'LOS NAVARROS', '4711', 1449),
(1486, b'1', 697, 'LOS POTRERILLOS', '4711', 1449),
(1487, b'1', 698, 'PUESTO EL MEDIO', '4711', 1449),
(1488, b'1', 699, 'PUESTO GRACIAN', '4711', 1449),
(1489, b'1', 700, 'PUESTO MASCAREÑO', '4711', 1449),
(1490, b'1', 701, 'PUESTO SERAFIN', '4711', 1449),
(1491, b'1', 702, 'RIO DE LAS CASAS VIEJAS', '4711', 1449),
(1492, b'1', 703, 'RODEO GRANDE', '4711', 1449),
(1493, b'1', 704, 'VILLA EL ALTO', '4235', 1449),
(1495, b'1', 1611, 'VILLA LA ANGOSTURA', '8407', 1494),
(1496, b'1', 1612, 'NAVAGUIN', '4701', 1494),
(1497, b'1', 1613, 'ORQUERA', '4701', 1494),
(1498, b'1', 1614, 'PIEDRA PARADA', '4701', 1494),
(1499, b'1', 1615, 'PUESTO LA MORADA', '4701', 1494),
(1500, b'1', 1616, 'PUESTO MI REFUGIO', '4701', 1494),
(1501, b'1', 1617, 'PUESTO SIN NOMBRE', '4701', 1494),
(1502, b'1', 1618, 'SAN ANTONIO', '4701', 1494),
(1503, b'1', 1619, 'SAN FRANCISCO', '4701', 1494),
(1504, b'1', 1620, 'SAN JOSE', '4701', 1494),
(1505, b'1', 1621, 'SAUCE HUACHO', '4701', 1494),
(1506, b'1', 1622, 'TACANA', '4701', 1494),
(1507, b'1', 1623, 'TRES SAUCES', '4701', 1494),
(1508, b'1', 1624, 'VILLA REAL', '4701', 1494),
(1509, b'1', 1625, 'YERBA BUENA', '4701', 1494),
(1510, b'1', 1626, 'ANCASTI', '4701', 1494),
(1511, b'1', 1627, 'ANQUINCILA', '4701', 1494),
(1512, b'1', 1628, 'LA CANDELARIA', '4701', 1494),
(1513, b'1', 1629, 'LA MAJADA', '4701', 1494),
(1514, b'1', 6158, 'SIN INFORMAR', '4701', 1494),
(1515, b'1', 705, 'ACOSTILLA', '4701', 1494),
(1516, b'1', 706, 'ALLEGAS', '4701', 1494),
(1517, b'1', 707, 'ANCASTILLO', '4701', 1494),
(1518, b'1', 708, 'CAÑADA DE IPIZCA', '4701', 1494),
(1519, b'1', 709, 'CAÑADA DE PAEZ', '4701', 1494),
(1520, b'1', 710, 'CAÑADA LARGA', '4701', 1494),
(1521, b'1', 711, 'CAÑADA VERDE', '4701', 1494),
(1522, b'1', 712, 'CASA QUEMADA', '4701', 1494),
(1523, b'1', 713, 'CASAS VIEJAS', '4701', 1494),
(1524, b'1', 714, 'CHIQUERO VIEJO', '4701', 1494),
(1525, b'1', 715, 'CIENAGA DE ABAJO', '4701', 1494),
(1526, b'1', 716, 'CONDOR HUASI', '4701', 1494),
(1527, b'1', 717, 'CORRAL DE PIEDRA', '4701', 1494),
(1528, b'1', 718, 'EL ALGARROBITO', '4701', 1494),
(1529, b'1', 719, 'EL ARBOLITO', '4701', 1494),
(1530, b'1', 720, 'EL CHAÑARAL', '4701', 1494),
(1531, b'1', 721, 'EL CHORRITO', '4701', 1494),
(1532, b'1', 722, 'EL CHORRO', '4701', 1494),
(1533, b'1', 723, 'EL COMEDERO', '4701', 1494),
(1534, b'1', 724, 'EL HUAYCO', '4701', 1494),
(1535, b'1', 725, 'EL MOJON', '4701', 1494),
(1536, b'1', 726, 'EL MOLLAR', '4701', 1494),
(1537, b'1', 727, 'EL PIQUILLIN', '4701', 1494),
(1538, b'1', 728, 'EL POTRERO', '4701', 1494),
(1539, b'1', 729, 'EL QUEBRACHAL', '4701', 1494),
(1540, b'1', 730, 'EL SALADITO', '4701', 1494),
(1541, b'1', 731, 'EL SAUCE', '4701', 1494),
(1542, b'1', 732, 'EL SAUCESITO', '4701', 1494),
(1543, b'1', 733, 'EL TACO', '4701', 1494),
(1544, b'1', 734, 'EL TALITA', '4701', 1494),
(1545, b'1', 735, 'EL TRIGUITO', '4701', 1494),
(1546, b'1', 736, 'HIGUERA EL ALUMBRE', '4701', 1494),
(1547, b'1', 737, 'IPIZCA', '4701', 1494),
(1548, b'1', 738, 'LA BREA', '4701', 1494),
(1549, b'1', 739, 'PAVON ARRIBA', '4701', 1494),
(1550, b'1', 740, 'LA ESTANCIA', '4701', 1494),
(1551, b'1', 741, 'LA HIGUERITA', '4701', 1494),
(1552, b'1', 742, 'LA TIGRA', '4701', 1494),
(1553, b'1', 743, 'TRAHUNCURA', '8351', 1494),
(1554, b'1', 744, 'LA VALENTINA', '4701', 1494),
(1555, b'1', 745, 'PEYRANO', '4701', 1494),
(1556, b'1', 746, 'LAS CAÑADAS', '4701', 1494),
(1557, b'1', 747, 'LAS CHACRITAS', '4701', 1494),
(1558, b'1', 748, 'LAS MALVINAS', '5200', 1494),
(1559, b'1', 749, 'LAS MESADAS', '4701', 1494),
(1560, b'1', 750, 'LAS RUDITAS', '4701', 1494),
(1561, b'1', 751, 'LOS MAIDANAS', '4701', 1494),
(1562, b'1', 752, 'LOS MEMBRILLOS', '4701', 1494),
(1563, b'1', 753, 'LOS MISTOLES', '4701', 1494),
(1564, b'1', 754, 'LOS MOGOTES', '4701', 1494),
(1565, b'1', 755, 'LOS PIQUILLINES', '4701', 1494),
(1567, b'1', 1630, 'ACONQUIJA', '4743', 1566),
(1568, b'1', 1631, 'ALTO DE LAS JUNTAS', '4743', 1566),
(1569, b'1', 1632, 'GENERAL MOSCONI', '4740', 1566),
(1570, b'1', 1633, 'AMANAO', '4741', 1566),
(1571, b'1', 1634, 'RIO MAYO ', '2594', 1566),
(1572, b'1', 1635, 'CHAQUIAGO', '4742', 1566),
(1573, b'1', 1636, 'CHOYA', '4741', 1566),
(1574, b'1', 1637, 'EL ALAMITO', '4743', 1566),
(1575, b'1', 1638, 'EL LINDERO', '4743', 1566),
(1576, b'1', 1639, 'EL POTRERO', '4741', 1566),
(1577, b'1', 1640, 'LA AGUADA', '4740', 1566),
(1578, b'1', 1641, 'LA MESADA', '4740', 1566),
(1579, b'1', 1642, 'AGUA DE LAS PALOMAS ', '4741', 1566),
(1580, b'1', 1643, 'AGUA VERDE ', '4743', 1566),
(1581, b'1', 1644, 'CAMPO EL PUCARA ', '4743', 1566),
(1582, b'1', 1645, 'CIENAGA EL POZO ', '4741', 1566),
(1583, b'1', 1646, 'CONDOR HUASI ', '4711', 1566),
(1584, b'1', 1647, 'EL ARBOLITO ', '2587', 1566),
(1585, b'1', 1648, 'EL DURAZNO ', '2594', 1566),
(1586, b'1', 1649, 'EL ESPINILLO ', '4743', 1566),
(1587, b'1', 1650, 'EL LAMPAZO ', '4743', 1566),
(1588, b'1', 1651, 'EL PANTANITO ', '4743', 1566),
(1589, b'1', 1652, 'FINCA JUAN J.GIL ', '4741', 1566),
(1590, b'1', 1653, 'LA GUADITA ', '4740', 1566),
(1591, b'1', 1654, 'LAS PALMITAS ', '4740', 1566),
(1592, b'1', 1655, 'LAS ROSAS ', '4740', 1566),
(1593, b'1', 1656, 'OJO DE AGUA ', '4740', 1566),
(1594, b'1', 1657, 'RIO POTRERO ', '4743', 1566),
(1595, b'1', 1658, 'TACO YACU ', '4740', 1566),
(1596, b'1', 1659, 'VILLA VIL ', '4741', 1566),
(1597, b'1', 6159, 'SIN INFORMAR', '4740', 1566),
(1599, b'1', 1660, 'AGUA CALIENTE', '4705', 1598),
(1600, b'1', 1661, 'AGUAS BLANCAS', '4705', 1598),
(1601, b'1', 1662, 'BARRIALTO', '4705', 1598),
(1602, b'1', 1663, 'CALASTE', '4705', 1598),
(1603, b'1', 1664, 'CORRAL GRANDE', '4705', 1598),
(1604, b'1', 1665, 'EL JOTE', '4705', 1598),
(1605, b'1', 1666, 'INCAHUASI', '4705', 1598),
(1606, b'1', 1667, 'LA CORTADERITA', '4705', 1598),
(1607, b'1', 1668, 'LAGUNA GRANDE', '4705', 1598),
(1608, b'1', 1669, 'LOS COLORADOS', '4705', 1598),
(1609, b'1', 1670, 'MARIGUACA', '4705', 1598),
(1610, b'1', 1671, 'PAYCUQUI', '4705', 1598),
(1611, b'1', 1672, 'VEGA DE LA LAGUNA', '4705', 1598),
(1612, b'1', 1673, 'ANTOFAGASTA DE LA SIERRA ', '4705', 1598),
(1613, b'1', 1674, 'EL PEÑON ', '4705', 1598),
(1614, b'1', 1675, 'LOS NACIMIENTOS ', '4705', 1598),
(1615, b'1', 1676, 'ANTOFALLA ', '4705', 1598),
(1616, b'1', 6160, 'SIN INFORMAR', '4705', 1598),
(1618, b'1', 1677, 'BARRANCA LARGA ', '4751', 1617),
(1619, b'1', 1678, 'BELEN ', '4750', 1617),
(1620, b'1', 1679, 'CONDOR HUASI ', '4751', 1617),
(1621, b'1', 1680, 'CORRAL QUEMADO ', '4751', 1617),
(1622, b'1', 1681, 'EL DURAZNO ', '4751', 1617),
(1623, b'1', 1682, 'FARALLON NEGRO ', '4751', 1617),
(1624, b'1', 1683, 'HUALFIN ', '4751', 1617),
(1625, b'1', 1684, 'JACIPUNCO ', '4751', 1617),
(1626, b'1', 1685, 'LA PUNTILLA ', '4751', 1617),
(1627, b'1', 1686, 'LAS JUNTAS ', '4751', 1617),
(1628, b'1', 1687, 'LONDRES ', '4753', 1617),
(1629, b'1', 1688, 'LOS NACIMIENTOS ', '4751', 1617),
(1630, b'1', 1689, 'PUERTA DE CORRAL QUEMADO ', '4751', 1617),
(1631, b'1', 1690, 'PUERTA DE SAN JOSE ', '4751', 1617),
(1632, b'1', 1691, 'VILLA VIL ', '4751', 1617),
(1633, b'1', 1692, 'AGUA CALIENTE', '4751', 1617),
(1634, b'1', 1693, 'AGUA COLORADA', '4751', 1617),
(1635, b'1', 1694, 'AGUA DEL MONTE', '4751', 1617),
(1636, b'1', 1695, 'AGUA QUEMADA', '4751', 1617),
(1637, b'1', 1696, 'ANGOSTURA', '4751', 1617),
(1638, b'1', 1697, 'ASAMPAY', '4751', 1617),
(1639, b'1', 1698, 'BARRIO ARTAZA', '4751', 1617),
(1640, b'1', 1699, 'BARRIO EL MOLINO', '4750', 1617),
(1641, b'1', 1700, 'CABRA CIENAGA', '4751', 1617),
(1642, b'1', 1701, 'CHAUPIYACO', '4751', 1617),
(1643, b'1', 1702, 'CHUSCO', '4751', 1617),
(1644, b'1', 1703, 'CIENAGA LARGA', '4751', 1617),
(1645, b'1', 1704, 'COLORADO', '4751', 1617),
(1646, b'1', 1705, 'CONEJO', '4751', 1617),
(1647, b'1', 1706, 'CUEVA AMARILLA', '4751', 1617),
(1648, b'1', 1707, 'CULAMPAJA', '4751', 1617),
(1649, b'1', 1708, 'EL CORRAL', '4751', 1617),
(1650, b'1', 1709, 'EL EJE', '4751', 1617),
(1651, b'1', 1710, 'EL PUESTO', '4751', 1617),
(1652, b'1', 1711, 'EL QUIMIVIL', '4751', 1617),
(1653, b'1', 1712, 'EL RODEO', '4751', 1617),
(1654, b'1', 1713, 'EL SHINCAL', '4751', 1617),
(1655, b'1', 1714, 'EL SOSIEGO', '4751', 1617),
(1656, b'1', 1715, 'EL SUNCHO', '4751', 1617),
(1657, b'1', 1716, 'EL TOTORAL', '4751', 1617),
(1658, b'1', 1717, 'EL ZAPALLAR', '4751', 1617),
(1659, b'1', 1718, 'GRUMI', '4751', 1617),
(1660, b'1', 1719, 'HUASAYACO', '4751', 1617),
(1661, b'1', 1720, 'HUASI CIENAGA', '4751', 1617),
(1662, b'1', 1721, 'HUNQUILLAR', '4751', 1617),
(1663, b'1', 1722, 'LA AGUADA', '4751', 1617),
(1664, b'1', 6161, 'SIN INFORMAR', '4751', 1617),
(1665, b'1', 756, 'LA BANDA', '4751', 1617),
(1666, b'1', 757, 'LA CIENAGA DE ABAJO', '4751', 1617),
(1667, b'1', 758, 'LA CIENAGA DE ARRIBA', '4751', 1617),
(1668, b'1', 759, 'LA CUESTA', '4751', 1617),
(1669, b'1', 760, 'LA ESQUINA', '4751', 1617),
(1670, b'1', 761, 'LA ESTANCIA', '4751', 1617),
(1671, b'1', 762, 'LA FALDA', '4751', 1617),
(1672, b'1', 763, 'LA LOMITA', '4751', 1617),
(1673, b'1', 764, 'O\'HIGGINS', '4751', 1617),
(1674, b'1', 765, 'LA OVEJERIA', '4751', 1617),
(1675, b'1', 766, 'LA PIEDRA LARGA', '4751', 1617),
(1676, b'1', 767, 'LA POSICION', '4751', 1617),
(1677, b'1', 768, 'LA PUERTA', '4751', 1617),
(1678, b'1', 769, 'LA RAMADA', '4751', 1617),
(1679, b'1', 770, 'LA SARNOSA', '4751', 1617),
(1680, b'1', 771, 'LA TOMA', '4751', 1617),
(1681, b'1', 772, 'LA ZARZA', '4751', 1617),
(1682, b'1', 773, 'LAS BARRANCAS', '4751', 1617),
(1683, b'1', 774, 'LAS CUEVAS', '4751', 1617),
(1684, b'1', 775, 'LAS GRANADILLAS', '4751', 1617),
(1685, b'1', 776, 'LAS LOMAS', '4751', 1617),
(1686, b'1', 777, 'LAS MORCILLAS', '4751', 1617),
(1687, b'1', 778, 'LOCONTE', '4751', 1617),
(1688, b'1', 779, 'LOMA BOLA', '4751', 1617),
(1689, b'1', 780, 'OJO DE AGUA', '4751', 1617),
(1690, b'1', 781, 'PALOMA YACO', '4751', 1617),
(1691, b'1', 782, 'PAMPA CIENAGA', '4751', 1617),
(1692, b'1', 783, 'PAPACHACRA', '4751', 1617),
(1693, b'1', 784, 'PENA', '4751', 1617),
(1694, b'1', 785, 'POZO DE LA PIEDRA', '4751', 1617),
(1695, b'1', 786, 'PUESTO HELADO', '4751', 1617),
(1696, b'1', 787, 'PUMA HUASI', '4751', 1617),
(1697, b'1', 788, 'QUEBRADA BELEN', '4750', 1617),
(1698, b'1', 789, 'SALCITO', '4751', 1617),
(1699, b'1', 790, 'SAN FERNANDO', '4751', 1617),
(1700, b'1', 791, 'TRAPICHE', '4751', 1617),
(1701, b'1', 792, 'TRAS RIO', '4751', 1617),
(1702, b'1', 793, 'VALLECITO', '4751', 1617),
(1703, b'1', 794, 'VICUÑA ORCO', '4751', 1617),
(1705, b'1', 6162, 'SIN INFORMAR', '4726', 1704),
(1706, b'1', 795, 'ADOLFO E. CARRANZA ', '5263', 1704),
(1707, b'1', 796, 'BALDE DE LA PUNTA ', '4728', 1704),
(1708, b'1', 797, 'CAPAYAN ', '4726', 1704),
(1709, b'1', 798, 'CHUMBICHA ', '4728', 1704),
(1710, b'1', 799, 'COLONIA DEL VALLE ', '4726', 1704),
(1711, b'1', 800, 'COLONIA NUEVA CONETA ', '4724', 1704),
(1712, b'1', 801, 'CONCEPCION ', '4726', 1704),
(1713, b'1', 802, 'CONETA ', '4724', 1704),
(1714, b'1', 803, 'EL BAÑADO ', '4726', 1704),
(1715, b'1', 804, 'HUILLAPIMA ', '4726', 1704),
(1716, b'1', 805, 'LOS ANGELES ', '4724', 1704),
(1717, b'1', 806, 'MIRAFLORES ', '4724', 1704),
(1718, b'1', 807, 'SAN MARTIN ', '5263', 1704),
(1719, b'1', 808, 'SAN PABLO ', '4726', 1704),
(1720, b'1', 809, 'SAN PEDRO ', '4726', 1704),
(1721, b'1', 810, 'AGUA BLANCA ', '4728', 1704),
(1722, b'1', 811, 'CHAÑARITO ', '4726', 1704),
(1723, b'1', 812, 'EL DESCANSO ', '4726', 1704),
(1724, b'1', 813, 'EL MEDANO ', '4726', 1704),
(1725, b'1', 814, 'EL POTRERO ', '4726', 1704),
(1726, b'1', 815, 'EL QUEMADO ', '4726', 1704),
(1727, b'1', 816, 'EL ROSARIO ', '4726', 1704),
(1728, b'1', 817, 'LA CARRETA ', '4726', 1704),
(1729, b'1', 818, 'LA ESTRELLA ', '4726', 1704),
(1730, b'1', 819, 'LA LIBERTAD ', '4726', 1704),
(1731, b'1', 820, 'LA MONTOZA ', '4726', 1704),
(1732, b'1', 821, 'LAS BREAS ', '4726', 1704),
(1733, b'1', 822, 'LAS PALMAS ', '4726', 1704),
(1734, b'1', 823, 'LOS CANO ', '4724', 1704),
(1735, b'1', 824, 'LOS DIVISADEROS ', '4724', 1704),
(1736, b'1', 825, 'LOS RAIGONES ', '4724', 1704),
(1737, b'1', 826, 'NUEVA CONETA ', '4724', 1704),
(1738, b'1', 827, 'POZO LINDO ', '4724', 1704),
(1739, b'1', 828, 'POZO TIGRE ', '4724', 1704),
(1740, b'1', 829, 'PUESTO CARRIZO ', '4724', 1704),
(1741, b'1', 830, 'PUESTO NUEVO ', '4724', 1704),
(1742, b'1', 831, 'PUESTOS CAPAYAN ', '4726', 1704),
(1743, b'1', 832, 'PUESTOS DE CONCEPCION ', '4726', 1704),
(1744, b'1', 833, 'SAN GABRIEL ', '4726', 1704),
(1745, b'1', 834, 'SAN GERONIMO ', '4726', 1704),
(1746, b'1', 835, 'SANTA ANA ', '4726', 1704),
(1747, b'1', 836, 'SISI HUASI ', '4726', 1704),
(1748, b'1', 837, 'TELARITOS ', '5263', 1704),
(1749, b'1', 838, 'TRAMPASACHA ', '4728', 1704),
(1750, b'1', 839, 'VACAS MUERTAS ', '4728', 1704),
(1751, b'1', 840, 'VILLA CAPAYAN ', '4726', 1704),
(1753, b'1', 6163, 'SIN INFORMAR', '4700', 1752),
(1754, b'1', 841, 'BARRIO BANCARIO ', '4700', 1752),
(1755, b'1', 842, 'SAN FERNANDO DEL VALLE DE CATAMARCA ', '4700', 1752),
(1756, b'1', 843, 'EL PANTANILLO ', '4700', 1752),
(1757, b'1', 844, 'BAJO HONDO ', '4700', 1752),
(1758, b'1', 845, 'EL CALVARIO ', '4700', 1752),
(1759, b'1', 846, 'EL CARRIZAL ', '4700', 1752),
(1760, b'1', 847, 'LA AGUADA ', '4700', 1752),
(1761, b'1', 848, 'LA CALERA ', '4700', 1752),
(1762, b'1', 849, 'LA SOMBRILLA ', '4700', 1752),
(1763, b'1', 850, 'LA VIÑITA ', '4700', 1752),
(1764, b'1', 851, 'LOMA CORTADA ', '4700', 1752),
(1765, b'1', 852, 'PTO. FERNANDEZ ', '4700', 1752),
(1767, b'1', 6164, 'SIN INFORMAR', '4235', 1766),
(1768, b'1', 853, 'EL ALTO ', '4235', 1766),
(1769, b'1', 854, 'GUAYAMBA ', '4235', 1766),
(1770, b'1', 855, 'INFANZON ', '4235', 1766),
(1771, b'1', 856, 'LOS CORRALES ', '4235', 1766),
(1772, b'1', 857, 'TAPSO ', '4235', 1766),
(1773, b'1', 858, 'VILISMAN ', '4235', 1766),
(1774, b'1', 859, 'ACHALCO ', '4235', 1766),
(1775, b'1', 860, 'ALBIGASTA ', '4235', 1766),
(1776, b'1', 861, 'AYAPASO ', '4235', 1766),
(1777, b'1', 862, 'BAJO HONDO ', '4235', 1766),
(1778, b'1', 863, 'CALERA DEL SAUCE ', '4235', 1766),
(1779, b'1', 864, 'CANA CRUZ ', '4235', 1766),
(1780, b'1', 865, 'CHAÑAR LAGUNA ', '4235', 1766),
(1781, b'1', 866, 'CHOYA VIEJO ', '4235', 1766),
(1782, b'1', 867, 'COLLAGASTA ', '4235', 1766),
(1783, b'1', 868, 'COLONIA DE ACHALCO ', '4235', 1766),
(1784, b'1', 869, 'CORPUS YACO ', '4235', 1766),
(1785, b'1', 870, 'CORRALITO ', '4235', 1766),
(1786, b'1', 871, 'EL CHUAPI ', '4235', 1766),
(1787, b'1', 872, 'EL DURAZNO ', '4235', 1766),
(1788, b'1', 873, 'EL HORNITO ', '4235', 1766),
(1789, b'1', 874, 'EL LINDERO ', '4235', 1766),
(1790, b'1', 875, 'EL MOLINO ', '4235', 1766),
(1791, b'1', 876, 'EL PANTANILLO ', '4235', 1766),
(1792, b'1', 877, 'EL PUESTITO ', '4235', 1766),
(1793, b'1', 878, 'EL ROSARIO ', '4235', 1766),
(1794, b'1', 879, 'ESTANCIA DE JEREZ ', '4235', 1766),
(1795, b'1', 880, 'FRANCISCO LORENZO ', '4235', 1766),
(1796, b'1', 881, 'GUANASCHI ', '4235', 1766),
(1797, b'1', 882, 'HUAICO HONCO ', '4235', 1766),
(1798, b'1', 883, 'ICHIPUCA ', '4235', 1766),
(1799, b'1', 884, 'ILOGA ', '4235', 1766),
(1800, b'1', 885, 'INACILLO ', '4235', 1766),
(1801, b'1', 886, 'LA BEBIDA ', '4235', 1766),
(1802, b'1', 887, 'LA CALERA ', '4235', 1766),
(1803, b'1', 888, 'LA CHILCA ', '4235', 1766),
(1804, b'1', 889, 'LA COSTA ', '4235', 1766),
(1805, b'1', 890, 'LA HIGUERA ', '4235', 1766),
(1806, b'1', 891, 'LA HUERTA ', '4235', 1766),
(1807, b'1', 892, 'LA QUEBRADA ', '4235', 1766),
(1808, b'1', 893, 'LA QUEBRADA HONDA ', '4235', 1766),
(1809, b'1', 894, 'LA TUNA ', '4235', 1766),
(1810, b'1', 895, 'LAS CANANAS ', '4235', 1766),
(1811, b'1', 896, 'LAS CUESTECILLAS ', '4235', 1766),
(1812, b'1', 897, 'LAS ENCRUCIJADAS ', '4235', 1766),
(1813, b'1', 898, 'LAS JUNTAS ', '4235', 1766),
(1814, b'1', 899, 'LAS PIEDRITAS ', '4235', 1766),
(1815, b'1', 900, 'LOS ALAMOS ', '4235', 1766),
(1816, b'1', 901, 'LOS ALGARROBOS ', '4235', 1766),
(1817, b'1', 902, 'LOS MERTECOS ', '4235', 1766),
(1818, b'1', 903, 'LOS POZOS ', '4235', 1766),
(1819, b'1', 904, 'LOS SAUCES ', '4235', 1766),
(1820, b'1', 905, 'LOS TARQUITOS ', '4235', 1766),
(1821, b'1', 906, 'OJO DE AGUA ', '4235', 1766),
(1822, b'1', 907, 'OYOLA ', '4235', 1766),
(1823, b'1', 908, 'POZO GRANDE ', '4235', 1766),
(1824, b'1', 909, 'PUERTA DE MOLLE YACO ', '4235', 1766),
(1825, b'1', 910, 'PUESTO DE NAZAR ', '4235', 1766),
(1826, b'1', 911, 'PUESTO PONCE ', '4235', 1766),
(1827, b'1', 912, 'RIO LOS MORTEROS ', '4235', 1766),
(1828, b'1', 913, 'RODEO CHIQUITO ', '4235', 1766),
(1829, b'1', 914, 'SAN FRANCISCO ', '4235', 1766),
(1830, b'1', 915, 'SAN JERONIMO ', '4235', 1766),
(1831, b'1', 916, 'SAN MARTIN ', '4235', 1766),
(1832, b'1', 917, 'SAUCE HUACHO ', '4235', 1766),
(1833, b'1', 918, 'SIMOGASTA ', '4235', 1766),
(1834, b'1', 919, 'TABIGASTA ', '4235', 1766),
(1835, b'1', 920, 'TACO YACO ', '4235', 1766),
(1836, b'1', 921, 'TALASI ', '4235', 1766),
(1837, b'1', 922, 'TINTIGASTA ', '4235', 1766),
(1838, b'1', 923, 'VILLA EL ALTO ', '4235', 1766),
(1839, b'1', 924, 'VILLA ISABEL ', '4235', 1766),
(1840, b'1', 925, 'VILLAPA DE ARRIBA ', '4235', 1766),
(1841, b'1', 926, 'YACO YACI ', '4235', 1766),
(1843, b'1', 6165, 'SIN INFORMAR', '4709', 1842),
(1844, b'1', 927, 'COLLAGASTA ', '4709', 1842),
(1845, b'1', 928, 'LA CARRERA ', '4709', 1842),
(1846, b'1', 929, 'EL HUECO ', '4709', 1842),
(1847, b'1', 930, 'LA FALDA DE SAN ANTONIO ', '4709', 1842),
(1848, b'1', 931, 'LA TERCENA ', '4709', 1842),
(1849, b'1', 932, 'POMANCILLO ESTE ', '4709', 1842),
(1850, b'1', 933, 'POMANCILLO OESTE ', '4709', 1842),
(1851, b'1', 934, 'SAN ANTONIO ', '4709', 1842),
(1852, b'1', 935, 'SAN JOSE ', '4709', 1842),
(1853, b'1', 936, 'VILLA LAS PIRQUITAS ', '4713', 1842),
(1854, b'1', 937, 'AGUA COLORADA ', '4709', 1842),
(1855, b'1', 938, 'CAPILLA DEL ROSARIO ', '4709', 1842),
(1856, b'1', 939, 'CLUB CAZA Y PESCA ', '4709', 1842),
(1857, b'1', 940, 'LA TERCERA ', '4709', 1842),
(1858, b'1', 941, 'PAYAHUAICO ', '4709', 1842),
(1859, b'1', 942, 'QUEBRADA EL CURA ', '4709', 1842),
(1861, b'1', 1000, 'PALO SANTO ', '5265', 1860),
(1862, b'1', 1001, 'PICHINGA ', '5265', 1860),
(1863, b'1', 1002, 'POZO DE LA ORILLA ', '5265', 1860),
(1864, b'1', 1003, 'POZO EL MISTOL ', '5265', 1860),
(1865, b'1', 1004, 'POZOS CAVADOS ', '5265', 1860),
(1866, b'1', 1005, 'PUESTO DE LEIVA ', '5265', 1860),
(1867, b'1', 1006, 'PUESTO DE MIRANDA ', '5265', 1860),
(1868, b'1', 1007, 'PUESTO DE SIMAN ', '5265', 1860),
(1869, b'1', 1008, 'PUESTO DE VERA ', '5265', 1860),
(1870, b'1', 1009, 'PUESTO SABATEA ', '5265', 1860),
(1871, b'1', 1010, 'PUESTO SANTA ROSA ', '5265', 1860),
(1872, b'1', 1011, 'RIO CHICO,RIO DE LA PUERTA ', '5260', 1860),
(1873, b'1', 1012, 'SAN AGUSTIN,SAN BERNARDO ', '5260', 1860),
(1874, b'1', 1013, 'SAN CARLOS ', '5264', 1860),
(1875, b'1', 1014, 'SAN JOSE ', '5264', 1860),
(1876, b'1', 1015, 'SAN LORENZO ', '5264', 1860),
(1877, b'1', 1016, 'SAN NICOLAS ', '5264', 1860),
(1878, b'1', 1017, 'SAN SALVADOR ', '5264', 1860),
(1879, b'1', 1018, 'SANTO DOMINGO ', '5264', 1860),
(1880, b'1', 1019, 'SINCHA ', '5264', 1860),
(1881, b'1', 1020, 'SOL DE MAYO. ', '5264', 1860),
(1882, b'1', 6166, 'SIN INFORMAR', '5264', 1860),
(1883, b'1', 943, 'CASA DE PIEDRA ', '5261', 1860),
(1884, b'1', 944, 'EL AYBAL ', '5261', 1860),
(1885, b'1', 945, 'EL BAÑADO ', '5261', 1860),
(1886, b'1', 946, 'EL DIVISADERO ', '5261', 1860),
(1887, b'1', 947, 'EL QUIMILO ', '5261', 1860),
(1888, b'1', 948, 'ESQUIU ', '5261', 1860),
(1889, b'1', 949, 'ICAÑO ', '5265', 1860),
(1890, b'1', 950, 'LA DORADA ', '5265', 1860),
(1891, b'1', 951, 'LAS ESQUINAS ', '5265', 1860),
(1892, b'1', 952, 'LA GUARDIA ', '5265', 1860),
(1893, b'1', 953, 'LAS PALMITAS ', '5265', 1860),
(1894, b'1', 954, 'QUIROS ', '5266', 1860),
(1895, b'1', 955, 'RAMBLONES ', '5266', 1860),
(1896, b'1', 956, 'RECREO ', '5260', 1860),
(1897, b'1', 957, 'SAN ANTONIO ', '5264', 1860),
(1898, b'1', 958, 'ANJULI ', '5261', 1860),
(1899, b'1', 959, 'CABALLA ', '5261', 1860),
(1900, b'1', 960, 'CANTERA CERRITO ', '5261', 1860),
(1901, b'1', 961, 'CANTERA LA ESPERANZA ', '5261', 1860),
(1902, b'1', 962, 'CANTERAS ESQUIU,CHAFI ', '5261', 1860),
(1903, b'1', 963, 'EL BAJO ', '5261', 1860),
(1904, b'1', 964, 'EL BARREAL ', '5261', 1860),
(1905, b'1', 965, 'EL BARREALITO ', '5261', 1860),
(1906, b'1', 966, 'EL BELLO ', '5261', 1860),
(1907, b'1', 967, 'EL BOSQUESILLO ', '5261', 1860),
(1908, b'1', 968, 'EL CERCADO ', '5261', 1860),
(1909, b'1', 969, 'EL CHAGUARAL ', '5261', 1860),
(1910, b'1', 970, 'EL CHAÑAL ', '5261', 1860),
(1911, b'1', 971, 'EL DIQUE ', '5261', 1860),
(1912, b'1', 972, 'EL EMPALME ', '5261', 1860),
(1913, b'1', 973, 'EL JUMEAL ', '5261', 1860),
(1914, b'1', 974, 'EL MILAGRO ', '5261', 1860),
(1915, b'1', 975, 'EL MORENO ', '5261', 1860),
(1916, b'1', 976, 'EL QUEBRACHO ', '5261', 1860),
(1917, b'1', 977, 'EL ROSARIO ', '5261', 1860),
(1918, b'1', 978, 'EL SILO ', '5261', 1860),
(1919, b'1', 979, 'EL VALLECITO ', '5261', 1860),
(1920, b'1', 980, 'EMPALME RUTAS 157 Y 60 ', '5261', 1860),
(1921, b'1', 981, 'ESTANCIA ALBIGASTA ', '5261', 1860),
(1922, b'1', 982, 'GARAY ', '5261', 1860),
(1923, b'1', 983, 'JABALA ', '5265', 1860),
(1924, b'1', 984, 'KM 969 ', '5265', 1860),
(1925, b'1', 985, 'KM 1017 ', '5265', 1860),
(1926, b'1', 986, 'LA BARROZA ', '5265', 1860),
(1927, b'1', 987, 'LA BOMBA ', '5265', 1860),
(1928, b'1', 988, 'LA GRANJA ', '5265', 1860),
(1929, b'1', 989, 'LA HORQUETA DE ABAJO ', '5265', 1860),
(1930, b'1', 990, 'LA ISLA,LA JORNADA ', '5265', 1860),
(1931, b'1', 991, 'LA MONTOSA ', '5265', 1860),
(1932, b'1', 992, 'LA PARADA ', '5265', 1860),
(1933, b'1', 993, 'LA QUINTA ', '5265', 1860),
(1934, b'1', 994, 'LA TOMA ', '5265', 1860),
(1935, b'1', 995, 'LOS MISTOLES ', '5265', 1860),
(1936, b'1', 996, 'LOS MORALES ', '5265', 1860),
(1937, b'1', 997, 'MARIA ELENA ', '5265', 1860),
(1938, b'1', 998, 'MONTE REDONDO ', '5265', 1860),
(1939, b'1', 999, 'OLTA ', '5265', 1860),
(1941, b'1', 1021, 'ATRAVESADA ', '4716', 1940),
(1942, b'1', 1022, 'BALCOZNA ', '4719', 1940),
(1943, b'1', 1023, 'BALCOZNA AFUERA ', '4719', 1940),
(1944, b'1', 1024, 'EL BASTIDOR ', '4719', 1940),
(1945, b'1', 1025, 'EL CEBIL ', '4719', 1940),
(1946, b'1', 1026, 'EL PERO ', '4719', 1940),
(1947, b'1', 1027, 'EL PINTADO ', '4719', 1940),
(1948, b'1', 1028, 'EL TAJAMAR ', '4722', 1940),
(1949, b'1', 1029, 'HUACRA ', '4722', 1940),
(1950, b'1', 1030, 'LA FALDA ', '4719', 1940),
(1951, b'1', 1031, 'LA PASTORA ', '4718', 1940),
(1952, b'1', 1032, 'LA POSTA ', '4718', 1940),
(1953, b'1', 1033, 'LAS HUERTAS ', '4718', 1940),
(1954, b'1', 1034, 'PACLIN ', '4718', 1940),
(1955, b'1', 1035, 'PUESTO DE ACEVEDO ', '4716', 1940),
(1956, b'1', 1036, 'PUESTO LA VIUDA ', '4716', 1940),
(1957, b'1', 1037, 'PUESTO SIN NOMBRE ', '4716', 1940),
(1958, b'1', 1038, 'SUMAMPA ', '4722', 1940),
(1959, b'1', 1039, 'TALAGUADA ', '4719', 1940),
(1960, b'1', 1040, 'TIERRA VERDE ', '4719', 1940),
(1961, b'1', 1041, 'VILLA COLLANTES ', '4719', 1940),
(1962, b'1', 1042, 'VILLA LOS CORDEROS ', '4719', 1940),
(1963, b'1', 1043, 'AMADORES ', '4716', 1940),
(1964, b'1', 1044, 'EL ROSARIO ', '4719', 1940),
(1965, b'1', 1045, 'LA BAJADA ', '4719', 1940),
(1966, b'1', 1046, 'LA HIGUERA ', '4719', 1940),
(1967, b'1', 1047, 'LA MERCED ', '4718', 1940),
(1968, b'1', 1048, 'LA VIÑA ', '4722', 1940),
(1969, b'1', 1049, 'LAS LAJAS ', '4718', 1940),
(1970, b'1', 1050, 'MONTE POTRERO ', '4718', 1940),
(1971, b'1', 1051, 'PALO LABRADO ', '4716', 1940),
(1972, b'1', 1052, 'SAN ANTONIO (PACLIN) ', '4719', 1940),
(1973, b'1', 1053, 'VILLA DE BALCOZNA ', '4719', 1940),
(1974, b'1', 6167, 'SIN INFORMAR', '4719', 1940),
(1976, b'1', 1054, 'MUTQUIN ', '5317', 1975),
(1977, b'1', 1055, 'SAUJIL ', '5321', 1975),
(1978, b'1', 1056, 'COLPES ', '5319', 1975),
(1979, b'1', 1057, 'SAN JOSE ', '5317', 1975),
(1980, b'1', 1058, 'JOYANGO ', '5319', 1975),
(1981, b'1', 1059, 'SAN MIGUEL ', '5317', 1975),
(1982, b'1', 1060, 'LAS CASITAS ', '5319', 1975),
(1983, b'1', 1061, 'RINCON ', '5317', 1975),
(1984, b'1', 1062, 'MICHANGO ', '5319', 1975),
(1985, b'1', 1063, 'SIJAN ', '5321', 1975),
(1986, b'1', 1064, 'APOYACO ', '5319', 1975),
(1987, b'1', 1065, 'VILLA DE POMAN ', '5315', 1975),
(1988, b'1', 1066, 'ROSARIO DE COLANA ', '5317', 1975),
(1989, b'1', 1067, 'RETIRO DE COLANA ', '5317', 1975),
(1990, b'1', 1068, 'EL PAJONAL (EST. POMAN) ', '5319', 1975),
(1991, b'1', 6168, 'SIN INFORMAR', '5321', 1975),
(1993, b'1', 1069, 'ANDALHUALA ', '4139', 1992),
(1994, b'1', 1070, 'CASA DE PIEDRA ', '4139', 1992),
(1995, b'1', 1071, 'CASPICHANGO ', '4139', 1992),
(1996, b'1', 1072, 'CHAÑAR PUNCO ', '4139', 1992),
(1997, b'1', 1073, 'EL CAJON ', '4139', 1992),
(1998, b'1', 1074, 'EL CERRITO ', '4139', 1992),
(1999, b'1', 1075, 'EL DESMONTE ', '4139', 1992),
(2000, b'1', 1076, 'EL PUESTO ', '4139', 1992),
(2001, b'1', 1077, 'FAMATANCA ', '4139', 1992),
(2002, b'1', 1078, 'FUERTE QUEMADO ', '4139', 1992),
(2003, b'1', 1079, 'LA HOYADA ', '4139', 1992),
(2004, b'1', 1080, 'LA LOMA ', '4139', 1992),
(2005, b'1', 1081, 'LA PUNTILLA ', '4139', 1992),
(2006, b'1', 1082, 'LAMPACITO ', '4139', 1992),
(2007, b'1', 1083, 'LAS MOJARRAS ', '4139', 1992),
(2008, b'1', 1084, 'LORO HUASI ', '4139', 1992),
(2009, b'1', 1085, 'MEDANITOS ', '4139', 1992),
(2010, b'1', 1086, 'PALO SECO ', '4139', 1992),
(2011, b'1', 1087, 'PUNTA DE BALASTO ', '4139', 1992),
(2012, b'1', 1088, 'SAN JOSE ', '4139', 1992),
(2013, b'1', 1089, 'SAN JOSE BANDA ', '4139', 1992),
(2014, b'1', 1090, 'SAN JOSE NORTE ', '4139', 1992),
(2015, b'1', 1091, 'SAN JOSE VILLA ', '4139', 1992),
(2016, b'1', 1092, 'SANTA MARIA ', '4139', 1992),
(2017, b'1', 1093, 'YAPES ', '4139', 1992),
(2018, b'1', 1094, 'AGUA AMARILLA ', '4139', 1992),
(2019, b'1', 1095, 'ALTO VERDE ', '4139', 1992),
(2020, b'1', 1096, 'AMPAJANGO ', '4139', 1992),
(2021, b'1', 1097, 'AMPAJANGO BANDA ', '4139', 1992),
(2022, b'1', 1098, 'CASA DE ABAJO ', '4139', 1992),
(2023, b'1', 1099, 'CASA EL MEDIO ', '4139', 1992),
(2024, b'1', 1100, 'CERRO COLORADO ', '4139', 1992),
(2025, b'1', 1101, 'CHINOCAN ', '4139', 1992),
(2026, b'1', 1102, 'EL BAJO ', '4139', 1992),
(2027, b'1', 1103, 'EL MISHITO ', '4139', 1992),
(2028, b'1', 1104, 'EL PEÑON ', '4139', 1992),
(2029, b'1', 1105, 'EL RICON ', '4139', 1992),
(2030, b'1', 1106, 'EL SUNCHAL ', '4139', 1992),
(2031, b'1', 1107, 'EL TESORO DE ABAJO ', '4139', 1992),
(2032, b'1', 1108, 'ENCRUCIJADA ', '4139', 1992),
(2033, b'1', 1109, 'ENTRE RIOS ', '4139', 1992),
(2034, b'1', 1110, 'GUAY CONDOR ', '4139', 1992),
(2035, b'1', 1111, 'HURITO HUASI ', '4139', 1992),
(2036, b'1', 1112, 'LA CIENAGA ', '4139', 1992),
(2037, b'1', 1113, 'LA MARAVILLA ', '4139', 1992),
(2038, b'1', 1114, 'LA PATILLA ', '4139', 1992),
(2039, b'1', 1115, 'LA QUEBRADA ', '4139', 1992),
(2040, b'1', 1116, 'LAGUNITA ', '4139', 1992),
(2041, b'1', 1117, 'LAS JUNTAS ', '4139', 1992),
(2042, b'1', 1118, 'PAJANGUILLO ', '4139', 1992),
(2043, b'1', 1119, 'PALOMA YACO ', '4139', 1992),
(2044, b'1', 1120, 'PECANITAS ', '4139', 1992),
(2045, b'1', 1121, 'PICHANAL ', '4139', 1992),
(2046, b'1', 1122, 'PIEDRA PINTADA ', '4139', 1992),
(2047, b'1', 1123, 'PUESTO GRANDE ', '4139', 1992),
(2048, b'1', 1124, 'QUEBRADA DE JUJUY ', '4139', 1992),
(2049, b'1', 1125, 'TALCUTAN ', '4139', 1992),
(2050, b'1', 1126, 'TOTORILLA ', '4139', 1992),
(2051, b'1', 6169, 'SIN INFORMAR', '4139', 1992),
(2053, b'1', 1127, 'ALIJILAN ', '4723', 2052),
(2054, b'1', 1128, 'BAÑADO DE OVANTA ', '4723', 2052),
(2055, b'1', 1129, 'LAS CAÑAS ', '4723', 2052),
(2056, b'1', 1130, 'LAVALLE ', '4723', 2052),
(2057, b'1', 1131, 'LOS ALTOS ', '4723', 2052),
(2058, b'1', 1132, 'MANANTIALES ', '4723', 2052),
(2059, b'1', 1133, 'SAN PEDRO ', '4723', 2052),
(2060, b'1', 1134, 'AMAUCALA ', '4723', 2052),
(2061, b'1', 1135, 'AMPOLLA ', '4723', 2052),
(2062, b'1', 1136, 'BUENA VISTA ', '4723', 2052),
(2063, b'1', 1137, 'CASA SANTA ', '4723', 2052),
(2064, b'1', 1138, 'COLONIA ALIJILAN ', '4723', 2052),
(2065, b'1', 1139, 'CORTADERAS ', '4723', 2052),
(2066, b'1', 1140, 'CUCHINOQUE ', '4723', 2052),
(2067, b'1', 1141, 'DOS POCITOS ', '4723', 2052),
(2068, b'1', 1142, 'EL ABRA ', '4723', 2052),
(2069, b'1', 1143, 'EL EMPALME ', '4723', 2052),
(2070, b'1', 1144, 'EL POTRERO ', '4723', 2052),
(2071, b'1', 1145, 'EL QUEBRACHAL ', '4723', 2052),
(2072, b'1', 1146, 'EL QUEBRACHITO ', '4723', 2052),
(2073, b'1', 1147, 'EL RETIRO ', '4723', 2052),
(2074, b'1', 1148, 'EL RODEITO ', '4723', 2052),
(2075, b'1', 1149, 'EL TALARCITO ', '4723', 2052),
(2076, b'1', 1150, 'FORMOSA ', '4723', 2052),
(2077, b'1', 1151, 'LA ABRONCHA ', '4723', 2052),
(2078, b'1', 1152, 'LA BAJADA ', '4723', 2052),
(2079, b'1', 1153, 'LA CAÑADA ', '4723', 2052),
(2080, b'1', 1154, 'LA CARPINTERIA ', '4723', 2052),
(2081, b'1', 1155, 'LA PORFIA ', '4723', 2052),
(2082, b'1', 1156, 'LA RITA ', '4723', 2052),
(2083, b'1', 1157, 'LA TUSCA ', '4723', 2052),
(2084, b'1', 1158, 'LAS HIGUERITAS ', '4723', 2052),
(2085, b'1', 1159, 'LAS TUNAS ', '4723', 2052),
(2086, b'1', 1160, 'LOS BASTIDORES ', '4723', 2052),
(2087, b'1', 1161, 'LOS MOLLES ', '4723', 2052),
(2088, b'1', 1162, 'LOS ORTICES ', '4723', 2052),
(2089, b'1', 1163, 'LOS TRONCOS ', '4723', 2052),
(2090, b'1', 1164, 'MONTE REDONDO ', '4723', 2052),
(2091, b'1', 1165, 'OJO DE AGUA ', '4723', 2052),
(2092, b'1', 1166, 'OVANTA ', '4723', 2052),
(2093, b'1', 1167, 'PALERMO ', '4723', 2052),
(2094, b'1', 1168, 'POTROPIANA ', '4723', 2052),
(2095, b'1', 1169, 'POZO DE ABAJO ', '4723', 2052),
(2096, b'1', 1170, 'PUERTA GRANDE ', '4723', 2052),
(2097, b'1', 1171, 'PUESTO DEL MEDIO ', '4723', 2052),
(2098, b'1', 1172, 'PUESTO EL 24 ', '4723', 2052),
(2099, b'1', 1173, 'PUESTO LA CRUZ ', '4723', 2052),
(2100, b'1', 1174, 'PUESTO LOS CARRIZOS ', '4723', 2052),
(2101, b'1', 1175, 'PUESTO RUMINOQUE ', '4723', 2052),
(2102, b'1', 1176, 'QUEBRACHOS BLANCOS ', '4723', 2052),
(2103, b'1', 1177, 'SALAUCA ', '4723', 2052),
(2104, b'1', 1178, 'SAN FRANCISCO ', '4723', 2052),
(2105, b'1', 1179, 'SAN NICOLAS ', '4723', 2052),
(2106, b'1', 1180, 'SAN RAMON ', '4723', 2052),
(2107, b'1', 1181, 'SUMAMPA ', '4723', 2052),
(2108, b'1', 1182, 'TASCANA ', '4723', 2052),
(2109, b'1', 6170, 'SIN INFORMAR', '4723', 2052),
(2111, b'1', 1183, 'ANILLACO ', '5341', 2110),
(2112, b'1', 1184, 'ANTINACO ', '5341', 2110),
(2113, b'1', 1185, 'BANDA DE LUCERO ', '5333', 2110),
(2114, b'1', 1186, 'CERRO NEGRO ', '5333', 2110),
(2115, b'1', 1187, 'COPACABANA ', '5333', 2110),
(2116, b'1', 1188, 'CORDOBITA ', '5333', 2110),
(2117, b'1', 1189, 'COSTA DE REYES ', '5341', 2110),
(2118, b'1', 1190, 'EL PUEBLITO ', '5331', 2110),
(2119, b'1', 1191, 'EL PUESTO ', '5331', 2110),
(2120, b'1', 1192, 'EL SALADO ', '5341', 2110),
(2121, b'1', 1193, 'FIAMBALA ', '5345', 2110),
(2122, b'1', 1194, 'LA PUNTILLA ', '5331', 2110),
(2123, b'1', 1195, 'LA RAMADITA ', '5341', 2110),
(2124, b'1', 1196, 'LOS BALVERDI ', '5341', 2110),
(2125, b'1', 1197, 'MEDANITOS ', '5341', 2110),
(2126, b'1', 1198, 'PALO BLANCO ', '5341', 2110),
(2127, b'1', 1199, 'PAMPA BLANCA ', '5341', 2110),
(2128, b'1', 1200, 'PUNTA DEL AGUA ', '5341', 2110),
(2129, b'1', 1201, 'SAUJIL ', '5341', 2110),
(2130, b'1', 1202, 'TATON ', '5341', 2110),
(2131, b'1', 1203, 'TINOGASTA ', '5340', 2110),
(2132, b'1', 1204, 'ALGARROBAL ', '5341', 2110),
(2133, b'1', 1205, 'BARRIO LAS LOMAS ', '5333', 2110),
(2134, b'1', 1206, 'BARRIO LOS NACIMIENTOS ', '5333', 2110),
(2135, b'1', 1207, 'BUENA VISTA ', '5333', 2110),
(2136, b'1', 1208, 'CHUQUISACA ', '5333', 2110),
(2137, b'1', 1209, 'CIENAGA GRANDE ', '5333', 2110),
(2138, b'1', 1210, 'EL ALTO ', '5341', 2110),
(2139, b'1', 1211, 'EL ANGOSTO ', '5341', 2110),
(2140, b'1', 1212, 'EL BRACHO ', '5341', 2110),
(2141, b'1', 1213, 'EL BREAL ', '5341', 2110),
(2142, b'1', 1214, 'EL CACHIYUYO ', '5341', 2110),
(2143, b'1', 1215, 'EL MOLINO ', '5341', 2110),
(2144, b'1', 1216, 'EL PARANA ', '5341', 2110),
(2145, b'1', 1217, 'EL PUESTO ', '5331', 2110),
(2146, b'1', 1218, 'EL RETIRO ', '5331', 2110),
(2147, b'1', 1219, 'EL RINCON ', '5331', 2110),
(2148, b'1', 1220, 'GUACHIN ', '5345', 2110),
(2149, b'1', 1221, 'LA AGUADITA ', '5345', 2110),
(2150, b'1', 1222, 'LA CIENAGA ', '5345', 2110),
(2151, b'1', 1223, 'LA CIENAGUITA ', '5345', 2110),
(2152, b'1', 1224, 'LA COSTA ', '5345', 2110),
(2153, b'1', 1225, 'LA FALDA ', '5341', 2110),
(2154, b'1', 1226, 'LA FLORIDA ', '5341', 2110),
(2155, b'1', 1227, 'LA ISLA ', '5341', 2110),
(2156, b'1', 1228, 'LA MESADA DE ZARATE ', '5341', 2110),
(2157, b'1', 1229, 'LA CUESTA DE TATON ', '5341', 2110),
(2158, b'1', 1230, 'LA QUEBRADA DEL CERCO ', '5331', 2110),
(2159, b'1', 1231, 'LAS LAJAS ', '5341', 2110),
(2160, b'1', 1232, 'LAS TERMAS ', '5341', 2110),
(2161, b'1', 1233, 'LOMA PELADA ', '5341', 2110),
(2162, b'1', 1234, 'LOS BARRIONUEVO ', '5341', 2110),
(2163, b'1', 1235, 'LOS HOYITOS ', '5341', 2110),
(2164, b'1', 1236, 'LOS QUINTEROS ', '5341', 2110),
(2165, b'1', 1237, 'LOS RANCHILLOS ', '5341', 2110),
(2166, b'1', 1238, 'LOS ROBLEDOS ', '5340', 2110),
(2167, b'1', 1239, 'PUESTO EL LEONCITO ', '5341', 2110),
(2168, b'1', 1240, 'RIO COLORADO ', '5341', 2110),
(2169, b'1', 1241, 'SAN PEDRO ', '5341', 2110),
(2170, b'1', 1242, 'SANTA CRUZ ', '5341', 2110),
(2171, b'1', 1243, 'SANTO TOMAS ', '5341', 2110),
(2172, b'1', 1244, 'VILLA LUJAN ', '5340', 2110),
(2173, b'1', 1245, 'ZANJON DE APOCANGO ', '5340', 2110),
(2174, b'1', 6171, 'SIN INFORMAR', '5341', 2110),
(2176, b'1', 1246, 'EL BAÑADO ', '4707', 2175),
(2177, b'1', 1247, 'EL PORTEZUELO ', '4707', 2175),
(2178, b'1', 1248, 'HUAYCAMA ', '4707', 2175),
(2179, b'1', 1249, 'LAS TEJAS ', '4707', 2175),
(2180, b'1', 1250, 'POZO DEL MISTOL ', '4707', 2175),
(2181, b'1', 1251, 'POLCOS ', '4707', 2175),
(2182, b'1', 1252, 'SAN ISIDRO ', '4707', 2175),
(2183, b'1', 1253, 'SANTA CRUZ ', '4707', 2175),
(2184, b'1', 1254, 'SANTA ROSA ', '4707', 2175),
(2185, b'1', 1255, 'SUMALAO ', '4707', 2175),
(2186, b'1', 1256, 'VILLA DOLORES ', '4707', 2175),
(2187, b'1', 1257, 'ANTAPOCA ', '4707', 2175),
(2188, b'1', 1258, 'CAMPO GARRIGA ', '4707', 2175),
(2189, b'1', 1259, 'COLONIA JOJOBA ', '4707', 2175),
(2190, b'1', 1260, 'EL LINDERO ', '4707', 2175),
(2191, b'1', 1261, 'LA SALA ', '4707', 2175),
(2192, b'1', 1262, 'LAS ESQUINAS ', '4707', 2175),
(2193, b'1', 1263, 'PUESTO LOS MOLINOS ', '4707', 2175),
(2194, b'1', 1264, 'RUTA 13 ', '4707', 2175),
(2195, b'1', 6172, 'SIN INFORMAR', '4707', 2175),
(2198, b'1', 6209, 'SIN INFORMAR', '0', 2197),
(2200, b'1', 1265, 'CONCEPCION DEL BERMEJO ', '3708', 2199),
(2201, b'1', 1266, 'LOS FRENTONES ', '3712', 2199),
(2202, b'1', 1267, 'PAMPA DEL INFIERNO ', '3708', 2199),
(2203, b'1', 1268, 'TACO POZO ', '3714', 2199),
(2204, b'1', 6173, 'SIN INFORMAR', '3500', 2199),
(2206, b'1', 1269, 'GENERAL VEDIA ', '3522', 2205),
(2207, b'1', 1270, 'ISLA DEL CERRITO ', '3505', 2205),
(2208, b'1', 1271, 'LA LEONESA ', '3518', 2205),
(2209, b'1', 1272, 'LAS PALMAS ', '3518', 2205),
(2210, b'1', 1273, 'PUERTO BERMEJO ', '3524', 2205),
(2211, b'1', 1274, 'PUERTO EVA PERON ', '3524', 2205),
(2212, b'1', 6174, 'SIN INFORMAR', '3524', 2205),
(2214, b'1', 1275, 'CHARATA ', '3730', 2213),
(2215, b'1', 6175, 'SIN INFORMAR', '3524', 2213),
(2217, b'1', 1276, 'PRESIDENCIA ROQUE SAENZ PEÑA', '3700', 2216),
(2218, b'1', 6176, 'SIN INFORMAR', '3500', 2216),
(2220, b'1', 1277, 'GANCEDO ', '3734', 2219),
(2221, b'1', 1278, 'GENERAL CAPDEVILA ', '3734', 2219),
(2222, b'1', 1279, 'GENERAL PINEDO ', '3732', 2219),
(2223, b'1', 6177, 'SIN INFORMAR', '3500', 2219),
(2225, b'1', 1280, 'HERMOSO CAMPO ', '3733', 2224),
(2226, b'1', 6178, 'SIN INFORMAR', '3500', 2224),
(2228, b'1', 1281, 'CHOROTIS ', '3733', 2227),
(2229, b'1', 1282, 'SANTA SYLVINA ', '3541', 2227),
(2230, b'1', 6179, 'SIN INFORMAR', '3500', 2227),
(2232, b'1', 1283, 'CORZUELA ', '3718', 2231),
(2233, b'1', 6180, 'SIN INFORMAR', '3500', 2231),
(2235, b'1', 1284, 'LA ESCONDIDA ', '3514', 2234),
(2236, b'1', 1285, 'LA VERDE ', '3514', 2234),
(2237, b'1', 1286, 'LAPACHITO ', '3514', 2234),
(2238, b'1', 1287, 'MAKALLE ', '3514', 2234),
(2239, b'1', 6181, 'SIN INFORMAR', '3514', 2234),
(2241, b'1', 1288, 'EL SAUZALITO ', '3705', 2240),
(2242, b'1', 1289, 'FUERTE ESPERANZA ', '3705', 2240),
(2243, b'1', 1290, 'JUAN JOSE CASTELLI ', '3705', 2240),
(2244, b'1', 1291, 'MIRAFLORES ', '3705', 2240),
(2245, b'1', 1292, 'MISION NUEVA POMPEYA ', '3705', 2240),
(2246, b'1', 1293, 'VILLA RIO BERMEJITO ', '3703', 2240),
(2247, b'1', 1294, 'PARAJE EL CEBILAR', '3705', 2240),
(2248, b'1', 6182, 'SIN INFORMAR', '3500', 2240),
(2250, b'1', 1295, 'AVIA TERAI ', '3706', 2249),
(2251, b'1', 1296, 'CAMPO LARGO ', '3716', 2249),
(2252, b'1', 1297, 'NAPENAY ', '3706', 2249),
(2253, b'1', 6183, 'SIN INFORMAR', '3500', 2249),
(2255, b'1', 1298, 'COLONIA POPULAR ', '3505', 2254),
(2256, b'1', 1299, 'LAGUNA BLANCA ', '3514', 2254),
(2257, b'1', 1300, 'PUERTO TIROL ', '3505', 2254),
(2258, b'1', 6184, 'SIN INFORMAR', '3505', 2254),
(2260, b'1', 1301, 'CIERVO PETISO ', '3515', 2259),
(2261, b'1', 1302, 'GENERAL JOSE DE SAN MARTIN ', '3509', 2259),
(2262, b'1', 1303, 'LA EDUVIGIS ', '3507', 2259),
(2263, b'1', 1304, 'LAGUNA LIMPIA ', '3515', 2259),
(2264, b'1', 1305, 'PAMPA ALMIRON ', '3507', 2259),
(2265, b'1', 1306, 'PAMPA DEL INDIO ', '3531', 2259),
(2266, b'1', 1307, 'PRESIDENCIA ROCA. ', '3511', 2259),
(2267, b'1', 6185, 'SIN INFORMAR', '3509', 2259),
(2269, b'1', 1308, 'TRES ISLETAS ', '3703', 2268),
(2270, b'1', 6186, 'SIN INFORMAR', '3500', 2268),
(2272, b'1', 1309, 'CORONEL DU GRATY ', '3541', 2271),
(2273, b'1', 1310, 'ENRIQUE URIEN ', '3543', 2271),
(2274, b'1', 1311, 'VILLA ANGELA ', '3540', 2271),
(2275, b'1', 6187, 'SIN INFORMAR', '3500', 2271),
(2277, b'1', 1312, 'LAS BREÑAS ', '3722', 2276),
(2278, b'1', 6188, 'SIN INFORMAR', '3500', 2276),
(2280, b'1', 1313, 'LA CLOTILDE ', '3701', 2279),
(2281, b'1', 1314, 'LA TIGRA ', '3701', 2279),
(2282, b'1', 1315, 'SAN BERNARDO ', '3701', 2279),
(2283, b'1', 6189, 'SIN INFORMAR', '3500', 2279),
(2285, b'1', 1316, 'PRESIDENCIA DE LA PLAZA', '3536', 2284),
(2286, b'1', 6190, 'SIN INFORMAR', '3536', 2284),
(2288, b'1', 1317, 'COLONIA BENITEZ ', '3505', 2287),
(2289, b'1', 1318, 'MARGARITA BELEN ', '3505', 2287),
(2290, b'1', 6191, 'SIN INFORMAR', '3505', 2287),
(2292, b'1', 1319, 'QUITILIPI', '3530', 2291),
(2293, b'1', 6192, 'SIN INFORMAR', '3500', 2291),
(2295, b'1', 1320, 'BARRANQUERAS ', '3503', 2294),
(2296, b'1', 1321, 'BASAIL ', '3516', 2294),
(2297, b'1', 1322, 'FONTANA ', '3514', 2294),
(2298, b'1', 1323, 'PUERTO VILELAS ', '3503', 2294),
(2299, b'1', 1324, 'RESISTENCIA ', '3500', 2294),
(2300, b'1', 6193, 'SIN INFORMAR', '3500', 2294);
INSERT INTO `localidades` (`id`, `activo`, `id_segun_api`, `nombre`, `codigo_postal`, `municipio`) VALUES
(2302, b'1', 1325, 'SAMUHU ', '3543', 2301),
(2303, b'1', 1326, 'VILLA BERTHET ', '3545', 2301),
(2304, b'1', 6194, 'SIN INFORMAR', '3513', 2301),
(2306, b'1', 1327, 'CAPITAN SOLARI ', '3515', 2305),
(2307, b'1', 1328, 'COLONIA ELISA ', '3515', 2305),
(2308, b'1', 1329, 'COLONIAS UNIDAS ', '3515', 2305),
(2309, b'1', 1330, 'LAS GARCITAS ', '3515', 2305),
(2310, b'1', 6195, 'SIN INFORMAR', '3515', 2305),
(2312, b'1', 1331, 'CHARADAI ', '3513', 2311),
(2313, b'1', 1332, 'COTE LAI ', '3513', 2311),
(2314, b'1', 6196, 'SIN INFORMAR', '3513', 2311),
(2316, b'1', 1333, 'CUATRO ARBOLES ', '3513', 2315),
(2317, b'1', 1334, 'COLONIA ABORIGEN CHACO ', '3530', 2315),
(2318, b'1', 1335, 'LA TAMBORA ', '3534', 2315),
(2319, b'1', 1336, 'NAPALPI ', '3534', 2315),
(2320, b'1', 1337, 'TRES PALMAS ', '3534', 2315),
(2321, b'1', 1338, 'MACHAGAI ', '3534', 2315),
(2322, b'1', 6197, 'SIN INFORMAR', '3534', 2315),
(2325, b'1', 1448, 'PLAYA UNION ', '9103', 2324),
(2326, b'1', 1449, 'PUERTO RAWSON ', '9103', 2324),
(2327, b'1', 1450, 'RAWSON ', '9103', 2324),
(2328, b'1', 1451, 'TRELEW ', '9100', 2324),
(2329, b'1', 1452, 'PLAYA MAGAGNA ', '9103', 2324),
(2330, b'1', 1453, 'PUNTA NINFAS ', '9120', 2324),
(2331, b'1', 1454, 'GENERAL MOSCONI', '9103', 2324),
(2332, b'1', 1455, 'PLAYA EL FARO ', '9120', 2324),
(2333, b'1', 5695, 'SIN INFORMAR', '9103', 2324),
(2335, b'1', 1456, 'RIO MAYO ', '2594', 2334),
(2336, b'1', 1457, 'ALTO RIO SENGUER ', '9033', 2334),
(2337, b'1', 1458, 'DOCTOR RICARDO ROJAS ', '9035', 2334),
(2338, b'1', 1459, 'LAGO BLANCO ', '9039', 2334),
(2339, b'1', 1460, 'ALDEA BELEIRO ', '9037', 2334),
(2340, b'1', 1461, 'FACUNDO ', '9031', 2334),
(2341, b'1', 1462, 'ALDEA APELEG ', '9033', 2334),
(2342, b'1', 1463, 'PASTOS BLANCOS ', '9033', 2334),
(2343, b'1', 1464, 'LOS TAMARISCOS ', '9033', 2334),
(2344, b'1', 1465, 'LA PUERTA DEL DIABLO ', '9033', 2334),
(2345, b'1', 1466, 'RIO GUENGUEL ', '9033', 2334),
(2346, b'1', 1467, 'ESCUADRON RIO MAYO ', '9030', 2334),
(2347, b'1', 1468, 'EL COYTE ', '9033', 2334),
(2348, b'1', 1469, 'PASO MORENO ', '2587', 2334),
(2349, b'1', 1470, 'ALTO RIO MAYO ', '2594', 2334),
(2350, b'1', 5696, 'SIN INFORMAR', '9033', 2334),
(2352, b'1', 1471, 'BUEN PASTO ', '9023', 2351),
(2353, b'1', 1472, 'SARMIENTO ', '9020', 2351),
(2354, b'1', 1473, 'MATASIETE ', '9023', 2351),
(2355, b'1', 1474, 'LAS PULGAS ', '9023', 2351),
(2356, b'1', 1475, 'LOS MANANTIALES ', '9023', 2351),
(2357, b'1', 1476, 'PUERTO EL CHULENGO ', '9023', 2351),
(2358, b'1', 5697, 'SIN INFORMAR', '9023', 2351),
(2360, b'1', 6210, 'SIN INFORMAR', '0', 2359),
(2362, b'1', 1477, 'ALTO RIO PICO ', '9225', 2361),
(2363, b'1', 1478, 'PUTRACHOIQUE ', '9223', 2361),
(2364, b'1', 1479, 'LAGUNA BLANCA ', '9220', 2361),
(2365, b'1', 1480, 'ARROYO ARENOSO ', '9225', 2361),
(2366, b'1', 1481, 'ALDEA SHAMAN ', '9223', 2361),
(2367, b'1', 1482, 'LAGO VINTTER ', '9225', 2361),
(2368, b'1', 1483, 'NUEVA LUBECKA ', '9223', 2361),
(2369, b'1', 1484, 'RIO FRIAS ', '9227', 2361),
(2370, b'1', 1485, 'GOBERNADOR COSTA ', '9223', 2361),
(2371, b'1', 1486, 'JOSE DE SAN MARTIN ', '9220', 2361),
(2372, b'1', 1487, 'RIO PICO ', '9225', 2361),
(2373, b'1', 1488, 'DOCTOR ATILIO OSCAR VIGLIONE O LAS PAMPAS ', '9225', 2361),
(2374, b'1', 5698, 'SIN INFORMAR', '9223', 2361),
(2376, b'1', 1489, 'CHACAY OESTE ', '9121', 2375),
(2377, b'1', 1490, 'COLONIA AGRICOLA SEPAUCAL ', '9121', 2375),
(2378, b'1', 1491, 'TRES BANDERAS ', '9121', 2375),
(2379, b'1', 1492, 'LAGUNA FRIA ', '9121', 2375),
(2380, b'1', 1493, 'BAJADA DEL DIABLO ', '9121', 2375),
(2381, b'1', 1494, 'SIERRA CHATA ', '9121', 2375),
(2382, b'1', 1495, 'MALLIN GRANDE ', '9121', 2375),
(2383, b'1', 1496, 'GAN GAN ', '9121', 2375),
(2384, b'1', 1497, 'TELSEN ', '9121', 2375),
(2385, b'1', 5699, 'SIN INFORMAR', '9121', 2375),
(2387, b'1', 1339, 'BUENOS AIRES CHICO ', '9210', 2386),
(2388, b'1', 1340, 'CHOLILA ', '9217', 2386),
(2389, b'1', 1341, 'CUSHAMEN ', '9211', 2386),
(2390, b'1', 1342, 'HOYO DE EPUYEN ', '8431', 2386),
(2391, b'1', 1343, 'EL MAITEN ', '9210', 2386),
(2392, b'1', 1344, 'EPUYEN ', '9211', 2386),
(2393, b'1', 1345, 'GUALJAINA ', '9201', 2386),
(2394, b'1', 1346, 'LAGO EPUYEN ', '9211', 2386),
(2395, b'1', 1347, 'LAGO PUELO ', '8431', 2386),
(2396, b'1', 1348, 'LELEQUE ', '9213', 2386),
(2397, b'1', 1349, 'LAGO RIVADAVIA', '9217', 2386),
(2398, b'1', 1350, 'FITAMICHE', '9211', 2386),
(2399, b'1', 1351, 'EL PORTEZUELO', '9211', 2386),
(2400, b'1', 1352, 'EL MOLLE', '9217', 2386),
(2401, b'1', 1353, 'LAS GOLONDRINAS', '9211', 2386),
(2402, b'1', 1354, 'RIO CHICO', '9211', 2386),
(2403, b'1', 1355, 'EL MALLIN', '9217', 2386),
(2404, b'1', 6198, 'SIN INFORMAR', '9211', 2386),
(2406, b'1', 1356, 'ACCESO NORTE ', '9003', 2405),
(2407, b'1', 1357, 'ASTRA ', '9009', 2405),
(2408, b'1', 1358, 'BAHIA BUSTAMANTE ', '9009', 2405),
(2409, b'1', 1359, 'BARRIO MILITAR - AEROPUERTO ', '9003', 2405),
(2410, b'1', 1360, 'CALETA CORDOVA ', '9003', 2405),
(2411, b'1', 1361, 'CALETA OLIVARES ', '9003', 2405),
(2412, b'1', 1362, 'CAMPAMENTO EL TORDILLO ', '9009', 2405),
(2413, b'1', 1363, 'CASTELLI ', '9005', 2405),
(2414, b'1', 1364, 'CIUDADELA ', '9003', 2405),
(2415, b'1', 1365, 'CUARTELES ', '9003', 2405),
(2416, b'1', 1366, 'COMFERPET ', '9009', 2405),
(2417, b'1', 1367, 'COMODORO RIVADAVIA ', '9000', 2405),
(2418, b'1', 1368, 'DIADEMA ARGENTINA ', '9009', 2405),
(2419, b'1', 1369, 'DON BOSCO KM 8 ', '9003', 2405),
(2420, b'1', 1370, 'EL TREBOL ', '9009', 2405),
(2421, b'1', 1371, 'ESCALANTE ', '9009', 2405),
(2422, b'1', 1372, 'GASODUCTO ', '9009', 2405),
(2423, b'1', 1373, 'GENERAL MOSCONI KM 3 ', '9005', 2405),
(2424, b'1', 1374, 'GüEMES ', '9009', 2405),
(2425, b'1', 1375, 'LAPRIDA ', '9005', 2405),
(2426, b'1', 1376, 'MANANTIALES ROSALES ', '9005', 2405),
(2427, b'1', 1377, 'PAMPA DEL CASTILLO ', '9009', 2405),
(2428, b'1', 1378, 'PAMPA SALAMANCA ', '9009', 2405),
(2429, b'1', 1379, 'PICO SALAMANCA ', '9009', 2405),
(2430, b'1', 1380, 'PROSPERO PALAZZO ', '9003', 2405),
(2431, b'1', 1381, 'PRESIDENTE ORTIZ KM 5 ', '9005', 2405),
(2432, b'1', 1382, 'PUERTO VISSER ', '9009', 2405),
(2433, b'1', 1383, 'RADA TILLY ', '9001', 2405),
(2434, b'1', 1384, 'RESTINGA ALI ', '9003', 2405),
(2435, b'1', 1385, 'ROCAS COLORADAS ', '9009', 2405),
(2436, b'1', 1386, 'RODRIGUEZ PEÑA ', '9005', 2405),
(2437, b'1', 1387, 'RIO CHICO (ESCALANTE) ', '9009', 2405),
(2438, b'1', 1388, 'SAAVEDRA ', '9005', 2405),
(2439, b'1', 1389, 'SARMIENTO ', '9020', 2405),
(2440, b'1', 1390, '25 DE MAYO ', '9009', 2405),
(2441, b'1', 1391, 'VILLA S.U.P.E ', '9009', 2405),
(2442, b'1', 6199, 'SIN INFORMAR', '9009', 2405),
(2444, b'1', 1392, 'MALASPINA ', '9007', 2443),
(2445, b'1', 1393, 'LA ESTHER ', '9100', 2443),
(2446, b'1', 1394, 'CALETA HORNOS ', '9100', 2443),
(2447, b'1', 1395, 'UZCUDUN ', '9007', 2443),
(2448, b'1', 1396, 'FLORENTINO AMEGHINO ', '9113', 2443),
(2449, b'1', 1397, 'CABO RASO ', '9111', 2443),
(2450, b'1', 1398, 'PUESTO EL PALENQUE ', '9100', 2443),
(2451, b'1', 1399, 'CAMARONES ', '9111', 2443),
(2452, b'1', 1400, 'GARAYALDE ', '9007', 2443),
(2453, b'1', 6200, 'SIN INFORMAR', '9113', 2443),
(2455, b'1', 1401, 'ESQUEL ', '9200', 2454),
(2456, b'1', 1402, 'TREVELIN ', '9203', 2454),
(2457, b'1', 1403, 'CORCOVADO ', '9204', 2454),
(2458, b'1', 1404, 'LAGO ROSARIO ', '9203', 2454),
(2459, b'1', 1405, 'ALDEA ESCOLAR (LOS RAPIDOS)', '9203', 2454),
(2460, b'1', 1406, 'LOS CIPRESES ', '9203', 2454),
(2461, b'1', 1407, 'VILLA FUTALAUFQUEN ', '9201', 2454),
(2462, b'1', 1408, 'CERRO CENTINELA ', '9203', 2454),
(2463, b'1', 1409, 'NAHUEL PAN ', '9201', 2454),
(2464, b'1', 1410, 'LOS TEPUES ', '9201', 2454),
(2465, b'1', 1411, 'BARRANCAS O MALLIN GRANDE ', '9201', 2454),
(2466, b'1', 1412, 'CABAÑA A. PESCADO ', '9201', 2454),
(2467, b'1', 6201, 'SIN INFORMAR', '9201', 2454),
(2469, b'1', 1413, 'VILLA DIQUE FLORENTINO AMEGHINO ', '9101', 2468),
(2470, b'1', 1414, 'DOLAVON ', '9107', 2468),
(2471, b'1', 1415, 'GAIMAN ', '9105', 2468),
(2472, b'1', 1416, 'PAVON ARRIBA', '9107', 2468),
(2473, b'1', 6202, 'SIN INFORMAR', '9105', 2468),
(2475, b'1', 1417, 'CAMPAMENTO LOS ADOBES ', '9121', 2474),
(2476, b'1', 1418, 'QUECHU-NIYEO ', '9120', 2474),
(2477, b'1', 1419, 'TAQUETREN ', '9121', 2474),
(2478, b'1', 1420, 'TRAHUNCURA', '8351', 2474),
(2479, b'1', 1421, 'SACANANA ', '9121', 2474),
(2480, b'1', 1422, 'PEYRANO', '9121', 2474),
(2481, b'1', 1423, 'GASTRE ', '9121', 2474),
(2482, b'1', 1424, 'LAGUNITA SALADA ', '9121', 2474),
(2483, b'1', 1425, 'BLANCUNTRE ', '5200', 2474),
(2484, b'1', 1426, 'EL ESCORIAL ', '9121', 2474),
(2485, b'1', 1427, 'YALA LAUBAT ', '9121', 2474),
(2486, b'1', 6203, 'SIN INFORMAR', '9121', 2474),
(2488, b'1', 1428, 'LAS SALINAS ', '9201', 2487),
(2489, b'1', 1429, 'EL PATO NEGRO ', '9201', 2487),
(2490, b'1', 1430, 'PIEDRA PARADA ', '9201', 2487),
(2491, b'1', 1431, 'PAMPA DE AGNIA ', '9201', 2487),
(2492, b'1', 1432, 'EL MOLLE ', '9220', 2487),
(2493, b'1', 1433, 'VILLA LA ANGOSTURA', '8407', 2487),
(2494, b'1', 1434, 'PASO DEL SAPO ', '9207', 2487),
(2495, b'1', 1435, 'CARRENLEUFU ', '9201', 2487),
(2496, b'1', 1436, 'COLAN CONHUE ', '9201', 2487),
(2497, b'1', 1437, 'ALDEA EPULEF ', '9201', 2487),
(2498, b'1', 6204, 'SIN INFORMAR', '9201', 2487),
(2499, b'1', 6297, 'TECKA', NULL, 2487),
(2501, b'1', 1438, 'MINA CHUBUT ', '9105', 2500),
(2502, b'1', 1439, 'LA ROSADA ', '9105', 2500),
(2503, b'1', 1440, 'ALTO DE LAS PLUMAS ', '9101', 2500),
(2504, b'1', 1441, 'LAGUNA GRANDE ', '9107', 2500),
(2505, b'1', 1442, 'SIERRA NEGRA ', '9105', 2500),
(2506, b'1', 1443, 'LAS PLUMAS ', '9101', 2500),
(2507, b'1', 1444, 'EL MIRASOL ', '9101', 2500),
(2508, b'1', 6205, 'SIN INFORMAR', '9105', 2500),
(2510, b'1', 1445, 'LOS ALTARES ', '9207', 2509),
(2511, b'1', 1446, 'CERRO CONDOR ', '9207', 2509),
(2512, b'1', 1447, 'PASO DE INDIOS ', '9207', 2509),
(2513, b'1', 6206, 'SIN INFORMAR', '9207', 2509),
(2515, b'1', 1498, 'PUERTO MADRYN ', '9120', 2514),
(2516, b'1', 1499, 'PUERTO PIRAMIDES ', '9121', 2514),
(2517, b'1', 1500, 'QUINTA EL MIRADOR ', '9120', 2514),
(2518, b'1', 1501, 'PUNTA DELGADA ', '9121', 2514),
(2519, b'1', 1502, 'MINA GUANACACHE ', '9123', 2514),
(2520, b'1', 1503, 'ARROYO VERDE ', '9123', 2514),
(2521, b'1', 1504, 'PUERTO LOBOS ', '9123', 2514),
(2522, b'1', 1505, 'RIACHO SAN JOSE ', '9121', 2514),
(2523, b'1', 5700, 'SIN INFORMAR', '9123', 2514),
(2526, b'1', 2379, 'AMBOY', '5199', 2525),
(2527, b'1', 2380, 'CALMAYO', '5191', 2525),
(2528, b'1', 2381, 'CAÑADA DEL SAUCE', '5817', 2525),
(2529, b'1', 2382, 'EMBALSE', '5856', 2525),
(2530, b'1', 2383, 'LA CRUZ', '5859', 2525),
(2531, b'1', 2384, 'LA CUMBRECITA', '5194', 2525),
(2532, b'1', 2385, 'LAS BAJADAS', '5851', 2525),
(2533, b'1', 2386, 'LAS CALERAS', '5819', 2525),
(2534, b'1', 2387, 'LOS CONDORES', '5823', 2525),
(2535, b'1', 2388, 'LOS MOLINOS', '5192', 2525),
(2536, b'1', 2389, 'LOS REARTES', '5194', 2525),
(2537, b'1', 2390, 'LUTTI', '5859', 2525),
(2538, b'1', 2391, 'RIO DE LOS SAUCES', '5821', 2525),
(2539, b'1', 2392, 'SAN AGUSTIN', '5191', 2525),
(2540, b'1', 2393, 'SAN IGNACIO', '5182', 2525),
(2541, b'1', 2394, 'SANTA ROSA DE CALAMUCHITA', '5196', 2525),
(2542, b'1', 2395, 'SEGUNDA USINA', '5856', 2525),
(2543, b'1', 2396, 'VILLA AMANCAY', '5199', 2525),
(2544, b'1', 2397, 'VILLA CIUDAD DE AMERICA', '5189', 2525),
(2545, b'1', 2398, 'VILLA CIUDAD PARQUE LOS REARTES', '5194', 2525),
(2546, b'1', 2399, 'VILLA DEL DIQUE', '5862', 2525),
(2547, b'1', 2400, 'VILLA GENERAL BELGRANO', '5194', 2525),
(2548, b'1', 2401, 'VILLA QUILLINZO', '5859', 2525),
(2549, b'1', 2402, 'VILLA RUMIPAL', '5864', 2525),
(2550, b'1', 2403, 'VILLA YACANTO', '5197', 2525),
(2551, b'1', 5953, 'SIN INFORMAR', '5194', 2525),
(2553, b'1', 2404, 'CORDOBA CAPITAL', '5000', 2552),
(2554, b'1', 5954, 'SIN INFORMAR', '5000', 2552),
(2556, b'1', 2405, 'AGUA DE ORO', '5107', 2555),
(2557, b'1', 2406, 'COLONIA CAROYA', '5223', 2555),
(2558, b'1', 2407, 'COLONIA TIROLESA', '5101', 2555),
(2559, b'1', 2408, 'COLONIA VICENTE AGüERO', '5223', 2555),
(2560, b'1', 2409, 'DUMESNIL', '5149', 2555),
(2561, b'1', 2410, 'EL MANZANO', '5107', 2555),
(2562, b'1', 2411, 'ESTACION GENERAL PAZ', '5145', 2555),
(2563, b'1', 2412, 'ESTACION JUAREZ CELMAN', '5145', 2555),
(2564, b'1', 2413, 'JESUS MARIA', '5220', 2555),
(2565, b'1', 2414, 'LA CALERA', '5151', 2555),
(2566, b'1', 2415, 'LA GRANJA', '5115', 2555),
(2567, b'1', 2416, 'MALVINAS ARGENTINAS', '5125', 2555),
(2568, b'1', 2417, 'MENDIOLAZA', '5107', 2555),
(2569, b'1', 2418, 'MI GRANJA', '5125', 2555),
(2570, b'1', 2419, 'RIO CEBALLOS', '5111', 2555),
(2571, b'1', 2420, 'SALDAN', '5149', 2555),
(2572, b'1', 2421, 'SALSIPUEDES', '5113', 2555),
(2573, b'1', 2422, 'TINOCO', '5131', 2555),
(2574, b'1', 2423, 'UNQUILLO', '5109', 2555),
(2575, b'1', 2424, 'VILLA ALLENDE', '5105', 2555),
(2576, b'1', 2425, 'VILLA CERRO AZUL', '5107', 2555),
(2577, b'1', 5955, 'SIN INFORMAR', '5220', 2555),
(2579, b'1', 2426, 'CRUZ DEL EJE', '5280', 2578),
(2580, b'1', 2427, 'SAN MARCOS SIERRAS', '5282', 2578),
(2581, b'1', 2428, 'SERREZUELA', '5270', 2578),
(2582, b'1', 2429, 'VILLA DE SOTO', '5284', 2578),
(2583, b'1', 5956, 'SIN INFORMAR', '5280', 2578),
(2584, b'1', 6325, 'PASO VIEJO', '5284', 2578),
(2585, b'1', 6326, 'TUCLAME', '5284', 2578),
(2587, b'1', 2430, 'BUCHARDO', '6225', 2586),
(2588, b'1', 2431, 'DEL CAMPILLO', '6271', 2586),
(2589, b'1', 2432, 'HUINCA RENANCO', '6270', 2586),
(2590, b'1', 2433, 'ITALO', '6271', 2586),
(2591, b'1', 2434, 'JOVITA', '6127', 2586),
(2592, b'1', 2435, 'MATTALDI', '6272', 2586),
(2593, b'1', 2436, 'NICOLAS BRUZZONE', '6271', 2586),
(2594, b'1', 2437, 'ONAGOYTI', '6227', 2586),
(2595, b'1', 2438, 'PINCEN', '6271', 2586),
(2596, b'1', 2439, 'RANQUELES', '6271', 2586),
(2597, b'1', 2440, 'VILLA HUIDOBRO', '6275', 2586),
(2598, b'1', 2441, 'VILLA SARMIENTO', '6273', 2586),
(2599, b'1', 2442, 'VILLA VALERIA', '6273', 2586),
(2600, b'1', 5957, 'SIN INFORMAR', '2592', 2586),
(2602, b'1', 2443, 'ARROYO ALGODON', '5907', 2601),
(2603, b'1', 2444, 'ARROYO CABRAL', '5917', 2601),
(2604, b'1', 2445, 'AUSONIA', '5901', 2601),
(2605, b'1', 2446, 'CHAZON', '2675', 2601),
(2606, b'1', 2447, 'ETRURIA', '2681', 2601),
(2607, b'1', 2448, 'LA LAGUNA', '5901', 2601),
(2608, b'1', 2449, 'LA PALESTINA', '5917', 2601),
(2609, b'1', 2450, 'LA PLAYOSA', '5919', 2601),
(2610, b'1', 2451, 'LUCA', '5919', 2601),
(2611, b'1', 2452, 'PASCO', '5925', 2601),
(2612, b'1', 2453, 'SILVIO PELLICO', '5910', 2601),
(2613, b'1', 2454, 'TICINO', '5927', 2601),
(2614, b'1', 2455, 'TIO PUJIO', '5936', 2601),
(2615, b'1', 2456, 'PAVON ARRIBA', '5903', 2601),
(2616, b'1', 5958, 'SIN INFORMAR', '5249', 2601),
(2617, b'1', 6259, 'VILLA MARIA', '5900', 2601),
(2618, b'1', 6261, 'VILLA NUEVA', '5903', 2601),
(2620, b'1', 2457, 'CAÑADA DE RIO PINTO', '5212', 2619),
(2621, b'1', 2458, 'CHUÑA', '5218', 2619),
(2622, b'1', 2459, 'COPACABANA', '5218', 2619),
(2623, b'1', 2460, 'TRAHUNCURA', '8351', 2619),
(2624, b'1', 2461, 'LOS POZOS', '5212', 2619),
(2625, b'1', 2462, 'PEYRANO', '5218', 2619),
(2626, b'1', 2463, 'QUILINO', '5214', 2619),
(2627, b'1', 2464, 'VILLA GUTIERREZ', '5212', 2619),
(2628, b'1', 5959, 'SIN INFORMAR', '5214', 2619),
(2629, b'1', 6271, 'DEAN FUNES', '5200', 2619),
(2630, b'1', 6308, 'AVELLANEDA', '5212', 2619),
(2632, b'1', 2465, 'ALEJANDRO ROCA', '5200', 2631),
(2633, b'1', 2466, 'ASSUNTA', '2671', 2631),
(2634, b'1', 2467, 'BENGOLEA', '5807', 2631),
(2635, b'1', 2468, 'CARNERILLO', '5805', 2631),
(2636, b'1', 2469, 'CHARRAS', '5807', 2631),
(2637, b'1', 2470, 'EL RASTREADOR', '6121', 2631),
(2638, b'1', 2471, 'GENERAL CABRERA', '5809', 2631),
(2639, b'1', 2472, 'GENERAL DEHEZA', '5923', 2631),
(2640, b'1', 2473, 'VILLA LA ANGOSTURA', '8407', 2631),
(2641, b'1', 2474, 'LA CARLOTA', '2670', 2631),
(2642, b'1', 2475, 'LOS CISNES', '2684', 2631),
(2643, b'1', 2476, 'OLAETA', '5807', 2631),
(2644, b'1', 2477, 'PACHECO DE MELO', '6121', 2631),
(2645, b'1', 2478, 'PASO DEL DURAZNO', '5803', 2631),
(2646, b'1', 2479, 'REDUCCION', '5803', 2631),
(2647, b'1', 2480, 'SANTA EUFEMIA', '2671', 2631),
(2648, b'1', 2481, 'UCACHA', '2677', 2631),
(2649, b'1', 5960, 'SIN INFORMAR', '5145', 2631),
(2650, b'1', 6279, 'HUANCHILLA', NULL, 2631),
(2652, b'1', 2482, 'ALEJO LEDESMA', '2662', 2651),
(2653, b'1', 2483, 'ARIAS', '2624', 2651),
(2654, b'1', 2484, 'CAMILO ALDAO', '2585', 2651),
(2655, b'1', 2485, 'CapitAn General Bernardo O\'Higgins', '2645', 2651),
(2656, b'1', 2486, 'CAVANAGH', '2625', 2651),
(2657, b'1', 2487, 'COLONIA BARGE', '2659', 2651),
(2658, b'1', 2488, 'COLONIA ITALIANA', '2651', 2651),
(2659, b'1', 2489, 'CORRAL DE BUSTOS', '2645', 2651),
(2660, b'1', 2490, 'CRUZ ALTA', '2189', 2651),
(2661, b'1', 2491, 'GENERAL BALDISSERA', '2583', 2651),
(2662, b'1', 2492, 'GENERAL ROCA', '2592', 2651),
(2663, b'1', 2493, 'GUATIMOZIN', '2627', 2651),
(2664, b'1', 2494, 'GENERAL MOSCONI', '2587', 2651),
(2665, b'1', 2495, 'ISLA VERDE', '2661', 2651),
(2666, b'1', 2496, 'RIO MAYO ', '2594', 2651),
(2667, b'1', 2497, 'LOS SURGENTES', '2581', 2651),
(2668, b'1', 2498, 'MARCOS JUAREZ', '2580', 2651),
(2669, b'1', 2499, 'MONTE BUEY', '2589', 2651),
(2670, b'1', 2500, 'SAIRA', '2525', 2651),
(2671, b'1', 2501, 'SALADILLO', '2587', 2651),
(2672, b'1', 2502, 'VILLA ELISA', '2594', 2651),
(2673, b'1', 2503, 'COLONIA VEINTICINCO', '2580', 2651),
(2674, b'1', 2504, 'NOETINGER', '2563', 2651),
(2675, b'1', 2505, 'COLONIA MARIA GODEKEN', '2580', 2651),
(2676, b'1', 2506, 'COLONIA MARCOS SASTRE', '2580', 2651),
(2677, b'1', 2507, 'FLORA', '2525', 2651),
(2678, b'1', 2508, 'SAN JOSE DEL SALTEÑO', '2580', 2651),
(2679, b'1', 5961, 'SIN INFORMAR', '2580', 2651),
(2680, b'1', 6263, 'INRIVILLE', '2587', 2651),
(2681, b'1', 6266, 'LEONES', '2594', 2651),
(2683, b'1', 2509, 'CIENAGA DEL CORO', '2587', 2682),
(2684, b'1', 2510, 'EL CHACHO', '2594', 2682),
(2685, b'1', 2511, 'ESTANCIA DE GUADALUPE', '5285', 2682),
(2686, b'1', 2512, 'GUASAPAMPA', '5285', 2682),
(2687, b'1', 2513, 'LA PLAYA', '5285', 2682),
(2688, b'1', 2514, 'SAN CARLOS MINAS', '5291', 2682),
(2689, b'1', 2515, 'TALAINI', '5295', 2682),
(2690, b'1', 2516, 'TOSNO', '5289', 2682),
(2691, b'1', 5962, 'SIN INFORMAR', '5295', 2682),
(2693, b'1', 2517, 'CHANCANI', '5871', 2692),
(2694, b'1', 2518, 'LAS PALMAS', '5299', 2692),
(2695, b'1', 2519, 'LOS TALARES', '5299', 2692),
(2696, b'1', 2520, 'SALSACATE', '5295', 2692),
(2697, b'1', 2521, 'SAN GERONIMO', '5199', 2692),
(2698, b'1', 2522, 'TALA CAÑADA', '5199', 2692),
(2699, b'1', 2523, 'VILLA DE POCHO', '5199', 2692),
(2700, b'1', 5963, 'SIN INFORMAR', '5199', 2692),
(2702, b'1', 2524, 'GENERAL LEVALLE', '6132', 2701),
(2703, b'1', 2525, 'LA CESIRA', '6101', 2701),
(2704, b'1', 2526, 'LABOULAYE', '6120', 2701),
(2705, b'1', 2527, 'LEGUIZAMON', '6128', 2701),
(2706, b'1', 2528, 'MELO', '6123', 2701),
(2707, b'1', 2529, 'RIO BAMBA', '6134', 2701),
(2708, b'1', 2530, 'ROSALES', '6128', 2701),
(2709, b'1', 2531, 'SAN JOAQUIN', '6134', 2701),
(2710, b'1', 2532, 'SERRANO', '6125', 2701),
(2711, b'1', 2533, 'VILLA ROSSI', '6128', 2701),
(2712, b'1', 5964, 'SIN INFORMAR', '5000', 2701),
(2714, b'1', 2534, 'BIALET MASSE', '5158', 2713),
(2715, b'1', 2535, 'CABALANGO', '5155', 2713),
(2716, b'1', 2536, 'CAPILLA DEL MONTE', '5184', 2713),
(2717, b'1', 2537, 'CASA GRANDE', '5168', 2713),
(2718, b'1', 2538, 'CHARBONIER', '5184', 2713),
(2719, b'1', 2539, 'COSQUIN', '5166', 2713),
(2720, b'1', 2540, 'CUESTA BLANCA', '5153', 2713),
(2721, b'1', 2541, 'ESTANCIA VIEJA', '5152', 2713),
(2722, b'1', 2542, 'HUERTA GRANDE', '5174', 2713),
(2723, b'1', 2543, 'LA CUMBRE (CORDOBA)', '5178', 2713),
(2724, b'1', 2544, 'LA FALDA', '5172', 2713),
(2725, b'1', 2545, 'LOS COCOS', '5182', 2713),
(2726, b'1', 2546, 'MAYU SUMAJ', '5153', 2713),
(2727, b'1', 2547, 'SAN ANTONIO DE ARREDONDO', '5153', 2713),
(2728, b'1', 2548, 'SAN ESTEBAN', '5182', 2713),
(2729, b'1', 2549, 'SAN ROQUE', '5158', 2713),
(2730, b'1', 2550, 'SANTA MARIA', '5164', 2713),
(2731, b'1', 2551, 'TALA HUASI', '5153', 2713),
(2732, b'1', 2552, 'TANTI', '5155', 2713),
(2733, b'1', 2553, 'VALLE HERMOSO', '5168', 2713),
(2734, b'1', 2554, 'VILLA CARLOS PAZ', '5152', 2713),
(2735, b'1', 2555, 'VILLA FLOR SERRANA', '5155', 2713),
(2736, b'1', 2556, 'VILLA GIARDINO', '5176', 2713),
(2737, b'1', 2557, 'VILLA PARQUE SIQUIMAN', '5158', 2713),
(2738, b'1', 2558, 'VILLA SANTA CRUZ DEL LAGO', '5153', 2713),
(2739, b'1', 2559, 'VILLA ICHO CRUZ', '5153', 2713),
(2740, b'1', 5965, 'SIN INFORMAR', '5164', 2713),
(2742, b'1', 2560, 'ACHIRAS', '5833', 2741),
(2743, b'1', 2561, 'ADELIA MARIA', '5843', 2741),
(2744, b'1', 2562, 'ALCIRA GIGENA', '5813', 2741),
(2745, b'1', 2563, 'ALPA CORRAL', '5801', 2741),
(2746, b'1', 2564, 'BERROTARAN', '5817', 2741),
(2747, b'1', 2565, 'BULNES', '5845', 2741),
(2748, b'1', 2566, 'CHAJAN', '5837', 2741),
(2749, b'1', 2567, 'CHUCUL', '5822', 2741),
(2750, b'1', 2568, 'CORONEL BAIGORRIA', '5811', 2741),
(2751, b'1', 2569, 'CORONEL MOLDES', '5847', 2741),
(2752, b'1', 2570, 'ELENA', '5815', 2741),
(2753, b'1', 2571, 'LA CAROLINA', '5801', 2741),
(2754, b'1', 2572, 'LA CAUTIVA', '6142', 2741),
(2755, b'1', 2573, 'LAS ACEQUIAS', '5848', 2741),
(2756, b'1', 2574, 'LAS ALBAHACAS', '5801', 2741),
(2757, b'1', 2575, 'LAS HIGUERAS', '5805', 2741),
(2758, b'1', 2576, 'LAS PEÑAS SUD', '5817', 2741),
(2759, b'1', 2577, 'LAS VERTIENTES', '5827', 2741),
(2760, b'1', 2578, 'MALENA', '5839', 2741),
(2761, b'1', 2579, 'MONTE DE LOS GAUCHOS', '5832', 2741),
(2762, b'1', 2580, 'RIO CUARTO', '5800', 2741),
(2763, b'1', 2581, 'SAMPACHO', '5829', 2741),
(2764, b'1', 2582, 'SAN BASILIO', '5841', 2741),
(2765, b'1', 2583, 'SANTA CATALINA', '5805', 2741),
(2766, b'1', 2584, 'SUCO', '5837', 2741),
(2767, b'1', 2585, 'TOSQUITA', '6141', 2741),
(2768, b'1', 2586, 'VICUÑA MACKENNA', '6140', 2741),
(2769, b'1', 2587, 'VILLA EL CHACAY', '5801', 2741),
(2770, b'1', 2588, 'WASHINGTON', '6144', 2741),
(2771, b'1', 5966, 'SIN INFORMAR', '5800', 2741),
(2773, b'1', 2589, 'ATAHONA', '5131', 2772),
(2774, b'1', 2590, 'CAÑADA DE MACHADO', '5961', 2772),
(2775, b'1', 2591, 'CAPILLA DE LOS REMEDIOS', '5101', 2772),
(2776, b'1', 2592, 'CHALACEA', '5229', 2772),
(2777, b'1', 2593, 'O\'HIGGINS', '5131', 2772),
(2778, b'1', 2594, 'COMECHINGONES', '5129', 2772),
(2779, b'1', 2595, 'DIEGO DE ROJAS', '5131', 2772),
(2780, b'1', 2596, 'EL CRISPIN', '5129', 2772),
(2781, b'1', 2597, 'ESQUINA', '5131', 2772),
(2782, b'1', 2598, 'KILOMETRO 658', '5127', 2772),
(2783, b'1', 2599, 'LA PARA', '5137', 2772),
(2784, b'1', 2600, 'LA POSTA', '5229', 2772),
(2785, b'1', 2601, 'LA PUERTA', '5137', 2772),
(2786, b'1', 2602, 'LA QUINTA', '5131', 2772),
(2787, b'1', 2603, 'LAS GRAMILLAS', '5131', 2772),
(2788, b'1', 2604, 'LAS SALADAS', '5131', 2772),
(2789, b'1', 2605, 'MAQUINISTA GALLINI', '5131', 2772),
(2790, b'1', 2606, 'MONTE CRISTO', '5125', 2772),
(2791, b'1', 2607, 'OBISPO TREJO', '5225', 2772),
(2792, b'1', 2608, 'PIQUILLIN', '5125', 2772),
(2793, b'1', 2609, 'PLAZA DE MERCEDES', '5131', 2772),
(2794, b'1', 2610, 'RIO PRIMERO', '5127', 2772),
(2795, b'1', 2611, 'SAGRADA FAMILIA', '5131', 2772),
(2796, b'1', 2612, 'SANTA ROSA DE RIO PRIMERO', '5133', 2772),
(2797, b'1', 2613, 'VILLA FONTANA', '5137', 2772),
(2798, b'1', 5967, 'SIN INFORMAR', '5133', 2772),
(2800, b'1', 2614, 'CERRO COLORADO', '5244', 2799),
(2801, b'1', 2615, 'CHAÑAR VIEJO', '5246', 2799),
(2802, b'1', 2616, 'EUFRASIO LOZA', '5249', 2799),
(2803, b'1', 2617, 'GUTEMBERG', '5249', 2799),
(2804, b'1', 2618, 'LA RINCONADA', '5233', 2799),
(2805, b'1', 2619, 'LOS HOYOS', '5249', 2799),
(2806, b'1', 2620, 'PUESTO DE CASTRO', '5249', 2799),
(2807, b'1', 2621, 'RAYO CORTADO', '5246', 2799),
(2808, b'1', 2622, 'SANTA ELENA', '5246', 2799),
(2809, b'1', 2623, 'SEBASTIAN ELCANO', '5231', 2799),
(2810, b'1', 2624, 'VILLA CANDELARIA NORTE', '5249', 2799),
(2811, b'1', 2625, 'VILLA DE MARIA', '5248', 2799),
(2812, b'1', 5968, 'SIN INFORMAR', '5231', 2799),
(2814, b'1', 2626, 'CALCHIN', '5965', 2813),
(2815, b'1', 2627, 'CALCHIN OESTE', '5965', 2813),
(2816, b'1', 2628, 'CAPILLA DEL CARMEN', '5963', 2813),
(2817, b'1', 2629, 'CARRILOBO', '5915', 2813),
(2818, b'1', 2630, 'COLAZO', '5965', 2813),
(2819, b'1', 2631, 'COLONIA VIDELA', '5960', 2813),
(2820, b'1', 2632, 'COSTA SACATE', '5961', 2813),
(2821, b'1', 2633, 'IMPIRA', '5987', 2813),
(2822, b'1', 2634, 'LAGUNA LARGA', '5974', 2813),
(2823, b'1', 2635, 'LAS JUNTURAS', '5965', 2813),
(2824, b'1', 2636, 'LOS CHAÑARITOS (RIO SEGUNDO)', '5960', 2813),
(2825, b'1', 2637, 'LUQUE', '5967', 2813),
(2826, b'1', 2638, 'MANFREDI (CORDOBA)', '5988', 2813),
(2827, b'1', 2639, 'MATORRALES', '5965', 2813),
(2828, b'1', 2640, 'ONCATIVO', '5986', 2813),
(2829, b'1', 2641, 'PILAR', '5972', 2813),
(2830, b'1', 2642, 'POZO DEL MOLLE', '5913', 2813),
(2831, b'1', 2643, 'RINCON (CORDOBA)', '5961', 2813),
(2832, b'1', 2644, 'RIO SEGUNDO', '5960', 2813),
(2833, b'1', 2645, 'SANTIAGO TEMPLE', '5125', 2813),
(2834, b'1', 2646, 'VILLA DEL ROSARIO', '5963', 2813),
(2835, b'1', 5969, 'SIN INFORMAR', '5960', 2813),
(2837, b'1', 2647, 'AMBUL', '5199', 2836),
(2838, b'1', 2648, 'ARROYO DE LOS PATOS', '5297', 2836),
(2839, b'1', 2649, 'LAS CALLES', '5885', 2836),
(2840, b'1', 2650, 'LAS RABONAS', '5885', 2836),
(2841, b'1', 2651, 'MINA CLAVERO', '5889', 2836),
(2842, b'1', 2652, 'NONO', '5887', 2836),
(2843, b'1', 2653, 'PANAHOLMA', '5893', 2836),
(2844, b'1', 2654, 'SAN LORENZO', '5893', 2836),
(2845, b'1', 2655, 'SAN PEDRO', '5871', 2836),
(2846, b'1', 2656, 'SAN VICENTE', '5871', 2836),
(2847, b'1', 2657, 'SAUCE ARRIBA', '5182', 2836),
(2848, b'1', 2658, 'VILLA CURA BROCHERO', '5889', 2836),
(2849, b'1', 2659, 'VILLA SARMIENTO', '5871', 2836),
(2850, b'1', 5970, 'SIN INFORMAR', '5831', 2836),
(2852, b'1', 2660, 'CONLARA', '5873', 2851),
(2853, b'1', 2661, 'LA PAZ', '5879', 2851),
(2854, b'1', 2662, 'LA POBLACION', '5879', 2851),
(2855, b'1', 2663, 'LAS TAPIAS', '5879', 2851),
(2856, b'1', 2664, 'LOS CERRILLOS', '5879', 2851),
(2857, b'1', 2665, 'LOS HORNILLOS', '5885', 2851),
(2858, b'1', 2666, 'LUYABA', '5875', 2851),
(2859, b'1', 2667, 'SAN JAVIER/YACANTO', '5871', 2851),
(2860, b'1', 2668, 'SAN JOSE', '5871', 2851),
(2861, b'1', 2669, 'VILLA DE LAS ROSAS', '5885', 2851),
(2862, b'1', 2670, 'VILLA DOLORES', '5870', 2851),
(2863, b'1', 5971, 'SIN INFORMAR', '5871', 2851),
(2865, b'1', 2671, 'ALICIA', '5949', 2864),
(2866, b'1', 2672, 'ALTOS DE CHIPION', '2417', 2864),
(2867, b'1', 2673, 'ARROYITO', '2434', 2864),
(2868, b'1', 2674, 'BALNEARIA', '5141', 2864),
(2869, b'1', 2675, 'BRINKMANN', '2419', 2864),
(2870, b'1', 2676, 'COLONIA ANITA', '2413', 2864),
(2871, b'1', 2677, 'COLONIA ITURRASPE', '2413', 2864),
(2872, b'1', 2678, 'COLONIA LAS PICHANAS', '2435', 2864),
(2873, b'1', 2679, 'COLONIA MARINA', '2424', 2864),
(2874, b'1', 2680, 'COLONIA PROSPERIDAD', '2423', 2864),
(2875, b'1', 2681, 'COLONIA SAN BARTOLOME', '2426', 2864),
(2876, b'1', 2682, 'COLONIA SAN PEDRO', '2421', 2864),
(2877, b'1', 2683, 'COLONIA VIGNAUD', '2420', 2864),
(2878, b'1', 2684, 'COLONIA VALTELINA', '2416', 2864),
(2879, b'1', 2685, 'DEVOTO', '2424', 2864),
(2880, b'1', 2686, 'EL ARAÑADO', '5947', 2864),
(2881, b'1', 2687, 'EL FORTIN', '5951', 2864),
(2882, b'1', 2688, 'EL TIO', '2432', 2864),
(2883, b'1', 2689, 'FREYRE', '2413', 2864),
(2884, b'1', 2690, 'LA FRANCIA', '2426', 2864),
(2885, b'1', 2691, 'LA PAQUITA', '2417', 2864),
(2886, b'1', 2692, 'LA TORDILLA', '2435', 2864),
(2887, b'1', 2693, 'LAS VARAS', '5943', 2864),
(2888, b'1', 2694, 'LAS VARILLAS', '5940', 2864),
(2889, b'1', 2695, 'MARULL', '5139', 2864),
(2890, b'1', 2696, 'MIRAMAR', '5143', 2864),
(2891, b'1', 2697, 'MORTEROS', '2421', 2864),
(2892, b'1', 2698, 'PLAZA LUXARDO', '2411', 2864),
(2893, b'1', 2699, 'PORTEÑA', '2415', 2864),
(2894, b'1', 2700, 'QUEBRACHO HERRADO', '2423', 2864),
(2895, b'1', 2701, 'SACANTA', '5945', 2864),
(2896, b'1', 2702, 'SAN FRANCISCO', '2400', 2864),
(2897, b'1', 2703, 'SATURNINO MARIA LASPIUR', '5943', 2864),
(2898, b'1', 2704, 'SEEBER', '2418', 2864),
(2899, b'1', 2705, 'TORO PUJIO', '2435', 2864),
(2900, b'1', 2706, 'TRANSITO', '2436', 2864),
(2901, b'1', 2707, 'VILLA CONCEPCION DEL TIO', '2433', 2864),
(2902, b'1', 2708, 'VILLA SAN ESTEBAN', '2417', 2864),
(2903, b'1', 5972, 'SIN INFORMAR', '2417', 2864),
(2904, b'1', 6313, 'COLONIA LUIS A. SAUCE', '2400', 2864),
(2906, b'1', 2709, 'ALTA GRACIA', '5186', 2905),
(2907, b'1', 2710, 'ANISACATE', '5187', 2905),
(2908, b'1', 2711, 'BOUWER', '5000', 2905),
(2909, b'1', 2712, 'COLONIA COCHA', '5000', 2905),
(2910, b'1', 2713, 'DESPEÑADEROS', '5121', 2905),
(2911, b'1', 2714, 'DIQUE CHICO', '5189', 2905),
(2912, b'1', 2715, 'FALDA DEL CARMEN', '5187', 2905),
(2913, b'1', 2716, 'LA PAISANITA', '5189', 2905),
(2914, b'1', 2717, 'LA RANCHERITA', '5189', 2905),
(2915, b'1', 2718, 'LA SERRANITA', '5189', 2905),
(2916, b'1', 2719, 'LOS CEDROS', '5101', 2905),
(2917, b'1', 2720, 'LOZADA', '5101', 2905),
(2918, b'1', 2721, 'MALAGUEÑO', '5101', 2905),
(2919, b'1', 2722, 'MONTE RALO', '5119', 2905),
(2920, b'1', 2723, 'POTRERO DE GARAY', '5189', 2905),
(2921, b'1', 2724, 'RAFAEL GARCIA', '5119', 2905),
(2922, b'1', 2725, 'SAN CLEMENTE', '5189', 2905),
(2923, b'1', 2726, 'TOLEDO', '5123', 2905),
(2924, b'1', 2727, 'VALLE DE ANISACATE', '5189', 2905),
(2925, b'1', 2728, 'VILLA CIUDAD DE AMERICA', '5189', 2905),
(2926, b'1', 2729, 'VILLA DEL PRADO', '5189', 2905),
(2927, b'1', 2730, 'VILLA LA BOLSA', '5189', 2905),
(2928, b'1', 2731, 'VILLA LOS AROMOS', '5189', 2905),
(2929, b'1', 2732, 'VILLA PARQUE SANTA ANA', '5101', 2905),
(2930, b'1', 2733, 'VILLA SAN ISIDRO', '5189', 2905),
(2931, b'1', 5973, 'SIN INFORMAR', '5189', 2905),
(2933, b'1', 2734, 'CAMINIAGA', '5244', 2932),
(2934, b'1', 2735, 'CHUÑA HUASI', '5201', 2932),
(2935, b'1', 2736, 'POZO NUEVO', '5209', 2932),
(2936, b'1', 2737, 'SAN FRANCISCO DEL CHAÑAR', '5209', 2932),
(2937, b'1', 5974, 'SIN INFORMAR', '5209', 2932),
(2939, b'1', 2738, 'ALMAFUERTE', '5854', 2938),
(2940, b'1', 2739, 'COLONIA ALMADA', '5987', 2938),
(2941, b'1', 2740, 'CORRALITO', '5853', 2938),
(2942, b'1', 2741, 'DALMACIO VELEZ SARSFIELD', '5925', 2938),
(2943, b'1', 2742, 'GENERAL FOTHERINGHAM', '5933', 2938),
(2944, b'1', 2743, 'HERNANDO', '5929', 2938),
(2945, b'1', 2744, 'JAMES CRAIK', '5984', 2938),
(2946, b'1', 2745, 'LAS ISLETILLAS', '5931', 2938),
(2947, b'1', 2746, 'LAS PERDICES', '5921', 2938),
(2948, b'1', 2747, 'LOS ZORROS', '5901', 2938),
(2949, b'1', 2748, 'OLIVA', '5986', 2938),
(2950, b'1', 2749, 'PAMPAYASTA NORTE', '5931', 2938),
(2951, b'1', 2750, 'PAMPAYASTA SUD', '5931', 2938),
(2952, b'1', 2751, 'PUNTA DEL AGUA', '5931', 2938),
(2953, b'1', 2752, 'RIO TERCERO', '5850', 2938),
(2954, b'1', 2753, 'TANCACHA', '5933', 2938),
(2955, b'1', 2754, 'VILLA ASCASUBI', '5935', 2938),
(2956, b'1', 5975, 'SIN INFORMAR', '5887', 2938),
(2958, b'1', 2755, 'CANDELARIA SUD', '5233', 2957),
(2959, b'1', 2756, 'CAÑADA DE LUQUE', '5229', 2957),
(2960, b'1', 2757, 'CAPILLA DE SITON', '5229', 2957),
(2961, b'1', 2758, 'LA PAMPA', '5117', 2957),
(2962, b'1', 2759, 'LAS PEÑAS', '5238', 2957),
(2963, b'1', 2760, 'LOS MISTOLES', '5229', 2957),
(2964, b'1', 2761, 'SARMIENTO', '5212', 2957),
(2965, b'1', 2762, 'SIMBOLAR', '5242', 2957),
(2966, b'1', 2763, 'SINSACATE', '5221', 2957),
(2967, b'1', 2764, 'VILLA DEL TOTORAL', '5236', 2957),
(2968, b'1', 5976, 'SIN INFORMAR', '5242', 2957),
(2970, b'1', 2765, 'CHURQUI CAÑADA', '5246', 2969),
(2971, b'1', 2766, 'EL RODEO (CORDOBA)', '5246', 2969),
(2972, b'1', 2767, 'LAS ARRIAS', '5231', 2969),
(2973, b'1', 2768, 'LUCIO V. MANSILLA (CORDOBA)', '5216', 2969),
(2974, b'1', 2769, 'ROSARIO DEL SALADILLO', '5216', 2969),
(2975, b'1', 2770, 'SAN JOSE DE LA DORMIDA', '5244', 2969),
(2976, b'1', 2771, 'SAN JOSE DE LAS SALINAS', '5216', 2969),
(2977, b'1', 2772, 'SAN PEDRO NORTE', '5205', 2969),
(2978, b'1', 2773, 'VILLA TULUMBA', '5203', 2969),
(2979, b'1', 5977, 'SIN INFORMAR', '5201', 2969),
(2981, b'1', 2774, 'ALDEA SANTA MARIA', '2651', 2980),
(2982, b'1', 2775, 'ALTO ALEGRE', '5907', 2980),
(2983, b'1', 2776, 'ANA ZUMARAN', '5905', 2980),
(2984, b'1', 2777, 'BALLESTEROS (CORDOBA)', '2572', 2980),
(2985, b'1', 2778, 'BALLESTEROS SUD', '2572', 2980),
(2986, b'1', 2779, 'BELL VILLE', '2550', 2980),
(2987, b'1', 2780, 'GOULD', '2664', 2980),
(2988, b'1', 2781, 'CANALS', '2650', 2980),
(2989, b'1', 2782, 'CHILIBROSTE', '2561', 2980),
(2990, b'1', 2783, 'CINTRA', '2560', 2980),
(2991, b'1', 2784, 'COLONIA BISMARCK', '2651', 2980),
(2992, b'1', 2785, 'COLONIA BREMEN', '2651', 2980),
(2993, b'1', 2786, 'IDIAZABAL', '2557', 2980),
(2994, b'1', 2787, 'JUSTINIANO POSSE', '2553', 2980),
(2995, b'1', 2788, 'LABORDE', '2657', 2980),
(2996, b'1', 2789, 'MONTE LEÑA', '2564', 2980),
(2997, b'1', 2790, 'MONTE MAIZ', '2659', 2980),
(2998, b'1', 2791, 'MORRISON', '2568', 2980),
(2999, b'1', 2792, 'NOETINGER', '2563', 2980),
(3000, b'1', 2793, 'ORDOÑEZ', '2555', 2980),
(3001, b'1', 2794, 'PASCANAS', '2679', 2980),
(3002, b'1', 2795, 'PUEBLO ITALIANO', '2651', 2980),
(3003, b'1', 2796, 'SAN ANTONIO DE LITIN', '2559', 2980),
(3004, b'1', 2797, 'SAN MARCOS SUD', '2566', 2980),
(3005, b'1', 2798, 'VIAMONTE', '2671', 2980),
(3006, b'1', 2799, 'VILLA LOS PATOS', '2566', 2980),
(3007, b'1', 2800, 'WENCESLAO ESCALANTE', '2655', 2980),
(3008, b'1', 5978, 'SIN INFORMAR', '5907', 2980),
(3010, b'1', 6211, 'SIN INFORMAR', '0', 3009),
(3011, b'1', 6307, 'SAN MARTIN', '0', 3009),
(3014, b'1', 3176, 'BELLA VISTA', '3432', 3013),
(3015, b'1', 5998, 'SIN INFORMAR', '3432', 3013),
(3017, b'1', 3177, 'BERON DE ASTRADA', '3481', 3016),
(3018, b'1', 3178, 'YAHAPE', '3481', 3016),
(3019, b'1', 5999, 'SIN INFORMAR', '3481', 3016),
(3021, b'1', 3179, 'CORRIENTES', '3400', 3020),
(3022, b'1', 3180, 'LAGUNA BRAVA', '3401', 3020),
(3023, b'1', 3181, 'BARRIO ESPERANZA', '3400', 3020),
(3024, b'1', 3182, 'RIACHUELO', '3416', 3020),
(3025, b'1', 3183, 'SAN CAYETANO', '3401', 3020),
(3026, b'1', 6000, 'SIN INFORMAR', '3400', 3020),
(3028, b'1', 3184, 'COLONIA SANTA ROSA', '3421', 3027),
(3029, b'1', 3185, 'CONCEPCION', '3423', 3027),
(3030, b'1', 3186, 'TABAY', '3421', 3027),
(3031, b'1', 3187, 'TATACUA', '3421', 3027),
(3032, b'1', 6001, 'SIN INFORMAR', '3423', 3027),
(3034, b'1', 3188, 'CURUZU CUATIA', '3460', 3033),
(3035, b'1', 3189, 'PERUGORRIA', '3461', 3033),
(3036, b'1', 6002, 'SIN INFORMAR', '3460', 3033),
(3038, b'1', 3190, 'EMPEDRADO', '3418', 3037),
(3039, b'1', 6003, 'SIN INFORMAR', '3418', 3037),
(3041, b'1', 3191, 'ESQUINA', '3196', 3040),
(3042, b'1', 3192, 'PUEBLO LIBERTADOR', '3197', 3040),
(3043, b'1', 6004, 'SIN INFORMAR', '3196', 3040),
(3045, b'1', 3193, 'ALVEAR', '3344', 3044),
(3046, b'1', 3194, 'ESTACION TORRENT', '3344', 3044),
(3047, b'1', 6005, 'SIN INFORMAR', '3344', 3044),
(3049, b'1', 3195, 'ITA IBATE', '3480', 3048),
(3050, b'1', 3196, 'LOMAS DE VALLEJOS', '3405', 3048),
(3051, b'1', 3197, 'NUESTRA SEÑORA DEL ROSARIO DE CAA CATI', '3407', 3048),
(3052, b'1', 3198, 'PALMAR GRANDE', '3405', 3048),
(3053, b'1', 6006, 'SIN INFORMAR', '3407', 3048),
(3055, b'1', 3199, 'GOYA', '3450', 3054),
(3056, b'1', 3200, 'COLONIA CAROLINA', '3451', 3054),
(3057, b'1', 3201, 'COLONIA ISABEL VICTORIA', '3451', 3054),
(3058, b'1', 3202, 'COLONIA CARMEN', '3450', 3054),
(3059, b'1', 3203, 'MARUCHAS', '3451', 3054),
(3060, b'1', 3204, 'PUNTA MARUCHAS', '3451', 3054),
(3061, b'1', 3205, 'LA SOLEDAD', '3450', 3054),
(3062, b'1', 3206, 'EL ZORZALITO', '3450', 3054),
(3063, b'1', 3207, 'COLONIA MORA', '3450', 3054),
(3064, b'1', 3208, 'COLONIA PORVENIR', '3450', 3054),
(3065, b'1', 3209, 'MERCEDES COSSIO', '3450', 3054),
(3066, b'1', 3210, 'CRUZ DE LOS MILAGROS', '3441', 3054),
(3067, b'1', 3211, 'EL TRANSITO', '3450', 3054),
(3068, b'1', 3212, 'CAMPO VILLAR', '3450', 3054),
(3069, b'1', 3213, 'SAN RAFAEL', '3446', 3054),
(3070, b'1', 3214, 'SAN ISIDRO', '3454', 3054),
(3071, b'1', 3215, 'SAN MARTIN', '3197', 3054),
(3072, b'1', 3216, 'TRES BOCAS', '3454', 3054),
(3073, b'1', 3217, 'EL DURAZNILLO', '3450', 3054),
(3074, b'1', 3218, 'SANTA RITA', '3450', 3054),
(3075, b'1', 3219, 'BAÑADO SAN ANTONIO', '3450', 3054),
(3076, b'1', 3220, 'LOS CEIBOS', '3450', 3054),
(3077, b'1', 3221, 'EL COCALITO', '3450', 3054),
(3078, b'1', 3222, 'EL RUBIO', '3450', 3054),
(3079, b'1', 3223, 'INVERNADA', '3451', 3054),
(3080, b'1', 3224, 'RINCON DEL PAGO', '3451', 3054),
(3081, b'1', 3225, 'PAGO REDONDO', '3451', 3054),
(3082, b'1', 3226, 'SAN ANTONIO ISLA', '3450', 3054),
(3083, b'1', 3227, 'PASO SAN JUAN', '3454', 3054),
(3084, b'1', 3228, 'PASO LOS ANGELES', '3454', 3054),
(3085, b'1', 3229, 'PASO FANEGAS', '3454', 3054),
(3086, b'1', 6007, 'SIN INFORMAR', '3450', 3054),
(3088, b'1', 3230, 'ITATI', '3414', 3087),
(3089, b'1', 3231, 'RAMADA PASO', '3414', 3087),
(3090, b'1', 6008, 'SIN INFORMAR', '3414', 3087),
(3092, b'1', 3232, 'Colonia Liebig\'s', '3358', 3091),
(3093, b'1', 3233, 'ITUZAINGO', '3302', 3091),
(3094, b'1', 3234, 'SAN ANTONIO', '3306', 3091),
(3095, b'1', 3235, 'SAN CARLOS', '3306', 3091),
(3096, b'1', 3236, 'VILLA OLIVARI', '3486', 3091),
(3097, b'1', 6009, 'SIN INFORMAR', '3306', 3091),
(3099, b'1', 3237, 'CRUZ DE LOS MILAGROS', '3441', 3098),
(3100, b'1', 3238, 'GOBERNADOR JUAN E. MARTINEZ', '3445', 3098),
(3101, b'1', 3239, 'LAVALLE', '3443', 3098),
(3102, b'1', 3240, 'SANTA LUCIA', '3440', 3098),
(3103, b'1', 3241, 'YATAYTI CALLE', '3445', 3098),
(3104, b'1', 6010, 'SIN INFORMAR', '3443', 3098),
(3106, b'1', 6212, 'SIN INFORMAR', '0', 3105),
(3108, b'1', 3242, 'MBURUCUYA', '3427', 3107),
(3109, b'1', 6011, 'SIN INFORMAR', '3427', 3107),
(3111, b'1', 3243, 'MERCEDES', '3470', 3110),
(3112, b'1', 3244, 'MARIANO I. LOZA', '3476', 3110),
(3113, b'1', 3245, 'JOFRE', '3472', 3110),
(3114, b'1', 3246, 'NARANJITO', '3470', 3110),
(3115, b'1', 6012, 'SIN INFORMAR', '3470', 3110),
(3117, b'1', 3247, 'MONTE CASEROS', '3220', 3116),
(3118, b'1', 3248, 'MOCORETA', '3226', 3116),
(3119, b'1', 3249, 'PARADA LABOUGLE', '3222', 3116),
(3120, b'1', 3250, 'COLONIA LIBERTAD', '3224', 3116),
(3121, b'1', 3251, 'ESTACION LIBERTAD', '3224', 3116),
(3122, b'1', 3252, 'PARADA ACUÑA', '3222', 3116),
(3123, b'1', 6013, 'SIN INFORMAR', '3220', 3116),
(3124, b'1', 6283, 'JUAN PUJOL', NULL, 3116),
(3126, b'1', 3253, 'PAVON ARRIBA', '3234', 3125),
(3127, b'1', 3254, 'PASO DE LOS LIBRES', '3230', 3125),
(3128, b'1', 3255, 'TAPEBICUA', '3232', 3125),
(3129, b'1', 6014, 'SIN INFORMAR', '3230', 3125),
(3131, b'1', 3256, 'SALADAS', '3420', 3130),
(3132, b'1', 3257, 'TRAHUNCURA', '8351', 3130),
(3133, b'1', 6015, 'SIN INFORMAR', '3420', 3130),
(3135, b'1', 3258, 'PASO DE LA PATRIA', '3409', 3134),
(3136, b'1', 3259, 'PEYRANO', '3412', 3134),
(3137, b'1', 3260, 'SANTA ANA DE LOS HUACARAS', '3401', 3134),
(3138, b'1', 6016, 'SIN INFORMAR', '3412', 3134),
(3140, b'1', 3261, 'HERLITZKA', '3403', 3139),
(3141, b'1', 3262, 'SAN LUIS DEL PALMAR', '5200', 3139),
(3142, b'1', 6017, 'SIN INFORMAR', '3403', 3139),
(3144, b'1', 3263, 'COLONIA CARLOS PELLEGRINI', '3471', 3143),
(3145, b'1', 3264, 'GUAVIRAVI', '3232', 3143),
(3146, b'1', 3265, 'LA CRUZ', '3346', 3143),
(3147, b'1', 3266, 'YAPEYU', '3231', 3143),
(3148, b'1', 6018, 'SIN INFORMAR', '3346', 3143),
(3150, b'1', 3267, 'SAN MIGUEL', '3485', 3149),
(3151, b'1', 3268, 'LORETO', '3483', 3149),
(3152, b'1', 3269, 'SAN ROQUE', '3485', 3149),
(3153, b'1', 6019, 'SIN INFORMAR', '3485', 3149),
(3155, b'1', 3270, 'VILLA LA ANGOSTURA', '8407', 3154),
(3156, b'1', 3271, 'CHAVARRIA', '3474', 3154),
(3157, b'1', 3272, 'NUEVE DE JULIO', '3445', 3154),
(3158, b'1', 3273, 'PEDRO R. FERNANDEZ', '3446', 3154),
(3159, b'1', 6020, 'SIN INFORMAR', '3448', 3154),
(3161, b'1', 3274, 'GARRUCHOS', '3340', 3160),
(3162, b'1', 3275, 'GOBERNADOR VIRASORO', '3340', 3160),
(3163, b'1', 3276, 'JOSE RAFAEL GOMEZ', '3340', 3160),
(3164, b'1', 3277, 'SANTO TOME', '3340', 3160),
(3165, b'1', 6021, 'SIN INFORMAR', '3340', 3160),
(3167, b'1', 3278, 'SAUCE', '3463', 3166),
(3168, b'1', 6022, 'SIN INFORMAR', '3463', 3166),
(3171, b'1', 5333, 'AGRONOMIA', '1417', 3170),
(3172, b'1', 5334, 'ALMAGRO', '1213', 3170),
(3173, b'1', 5335, 'BALVANERA', '1037', 3170),
(3174, b'1', 5336, 'BARRACAS', '1270', 3170),
(3175, b'1', 5337, 'BELGRANO', '1428', 3170),
(3176, b'1', 5338, 'BOEDO', '1223', 3170),
(3177, b'1', 5339, 'CABALLITO', '1424', 3170),
(3178, b'1', 5340, 'CHACARITA', '1427', 3170),
(3179, b'1', 5341, 'COGHLAN', '1430', 3170),
(3180, b'1', 5342, 'COLEGIALES', '1426', 3170),
(3181, b'1', 5343, 'CONSTITUCION', '1134', 3170),
(3182, b'1', 5344, 'FLORES', '1406', 3170),
(3183, b'1', 5345, 'FLORESTA', '1407', 3170),
(3184, b'1', 5346, 'LA BOCA', '1155', 3170),
(3185, b'1', 5347, 'LA PATERNAL', '1416', 3170),
(3186, b'1', 5348, 'LINIERS', '1408', 3170),
(3187, b'1', 5349, 'MATADEROS', '1440', 3170),
(3188, b'1', 5350, 'MONTE CASTRO', '1417', 3170),
(3189, b'1', 5351, 'MONTSERRAT', '1074', 3170),
(3190, b'1', 5352, 'NUEVA POMPEYA', '1437', 3170),
(3191, b'1', 5353, 'NUÑEZ', '1429', 3170),
(3192, b'1', 5354, 'PALERMO', '1425', 3170),
(3193, b'1', 5355, 'PARQUE AVELLANEDA', '1407', 3170),
(3194, b'1', 5356, 'PARQUE CHACABUCO', '1424', 3170),
(3195, b'1', 5357, 'PARQUE CHAS', '1431', 3170),
(3196, b'1', 5358, 'PARQUE PATRICIOS', '1437', 3170),
(3197, b'1', 5359, 'PUERTO MADERO', '1107', 3170),
(3198, b'1', 5360, 'RECOLETA', '1058', 3170),
(3199, b'1', 5361, 'RETIRO', '1106', 3170),
(3200, b'1', 5362, 'SAAVEDRA', '1430', 3170),
(3201, b'1', 5363, 'SAN CRISTOBAL', '1225', 3170),
(3202, b'1', 5364, 'SAN NICOLAS', '1035', 3170),
(3203, b'1', 5365, 'SAN TELMO', '1063', 3170),
(3204, b'1', 5366, 'VELEZ SARSFIELD', '1407', 3170),
(3205, b'1', 5367, 'VERSALLES', '1408', 3170),
(3206, b'1', 5368, 'VILLA CRESPO', '1414', 3170),
(3207, b'1', 5369, 'VILLA DEL PARQUE', '1417', 3170),
(3208, b'1', 5370, 'VILLA DEVOTO', '1419', 3170),
(3209, b'1', 5371, 'VILLA GRAL. MITRE', '1416', 3170),
(3210, b'1', 5372, 'VILLA LUGANO', '1439', 3170),
(3211, b'1', 5373, 'VILLA LURO', '1407', 3170),
(3212, b'1', 5374, 'VILLA ORTUZAR', '1427', 3170),
(3213, b'1', 5375, 'VILLA PUEYRREDON', '1419', 3170),
(3214, b'1', 5376, 'VILLA REAL', '1408', 3170),
(3215, b'1', 5377, 'VILLA RIACHUELO', '1439', 3170),
(3216, b'1', 5378, 'VILLA SANTA RITA', '1407', 3170),
(3217, b'1', 5379, 'VILLA SOLDATI', '1437', 3170),
(3218, b'1', 5380, 'VILLA URQUIZA', '1431', 3170),
(3219, b'1', 5934, 'SIN INFORMAR', '9999', 3170),
(3221, b'1', 6213, 'SIN INFORMAR', '9999', 3220),
(3224, b'1', 3925, 'CHAJARI ', '3228', 3223),
(3225, b'1', 3926, 'COLONIA ALEMANA ', '3228', 3223),
(3226, b'1', 3927, 'COLONIA LA ARGENTINA ', '3206', 3223),
(3227, b'1', 3928, 'COLONIAS SANTA MARIA Y LAS MARGARITAS ', '3206', 3223),
(3228, b'1', 3929, 'COLONIA TUNAS ', '3185', 3223),
(3229, b'1', 3930, 'FEDERACION ', '3206', 3223),
(3230, b'1', 3931, 'GUALEGUAYCITO ', '3206', 3223),
(3231, b'1', 3932, 'LA FLORIDA ', '3228', 3223),
(3232, b'1', 3933, 'LA FRATERNIDAD Y SANTA JUANA ', '3228', 3223),
(3233, b'1', 3934, 'LOS CONQUISTADORES ', '3183', 3223),
(3234, b'1', 3935, 'PARAJE GUAYAQUIL ', '3206', 3223),
(3235, b'1', 3936, 'SAN JAIME DE LA FRONTERA ', '3185', 3223),
(3236, b'1', 3937, 'SAN PEDRO ', '3228', 3223),
(3237, b'1', 3938, 'SAN RAMON ', '3228', 3223),
(3238, b'1', 3939, 'SAN ROQUE ', '3228', 3223),
(3239, b'1', 3940, 'SANTA ANA ', '3208', 3223),
(3240, b'1', 3941, 'VILLA DEL ROSARIO ', '3229', 3223),
(3241, b'1', 5704, 'SIN INFORMAR', '3206', 3223),
(3243, b'1', 3942, 'ARROYO DEL MEDIO ', '3144', 3242),
(3244, b'1', 3943, 'ARROYO TUNA ', '3181', 3242),
(3245, b'1', 3944, 'BANDERAS ', '3181', 3242),
(3246, b'1', 3945, 'CONSCRIPTO BERNARDI ', '3188', 3242),
(3247, b'1', 3946, 'DISTRITO DIEGO LOPEZ ', '3181', 3242),
(3248, b'1', 3947, 'EL CIMARRON ', '3188', 3242),
(3249, b'1', 3948, 'EL GRAMIYAL ', '3181', 3242),
(3250, b'1', 3949, 'FEDERAL ', '3180', 3242),
(3251, b'1', 3950, 'EL GATO - LOMA LIMPIA ', '3181', 3242),
(3252, b'1', 3951, 'NUEVA VIZCAYA ', '3212', 3242),
(3253, b'1', 3952, 'PASO DUARTE ', '3181', 3242),
(3254, b'1', 3953, 'SANTA LUCIA ', '3181', 3242),
(3255, b'1', 3954, 'SAUCE DE LUNA ', '3144', 3242),
(3256, b'1', 5705, 'SIN INFORMAR', '3181', 3242),
(3258, b'1', 3955, 'ALDEA ASUNCION ', '2841', 3257),
(3259, b'1', 3956, 'DISTRITO CUARTO ', '2843', 3257),
(3260, b'1', 3957, 'DISTRITO SEXTO COSTA DE NOGOYA ', '2841', 3257),
(3261, b'1', 3958, 'ESTACION LAZO ', '2843', 3257),
(3262, b'1', 3959, 'GENERAL GALARZA ', '2843', 3257),
(3263, b'1', 3960, 'PAVON ARRIBA', '2840', 3257),
(3264, b'1', 3961, 'MONTE REDONDO ', '2841', 3257),
(3265, b'1', 3962, 'PRIMER DISTRITO CUCHILLAS ', '2841', 3257),
(3266, b'1', 3963, 'PUNTA DEL MONTE ', '2841', 3257),
(3267, b'1', 3964, 'TRAHUNCURA', '8351', 3257),
(3268, b'1', 5706, 'SIN INFORMAR', '2840', 3257),
(3269, b'1', 6311, 'GUALEGUAY', '2840', 3257),
(3271, b'1', 3965, 'ALDEA SAN ANTONIO ', '2827', 3270),
(3272, b'1', 3966, 'PEYRANO', '2826', 3270),
(3273, b'1', 3967, 'ALARCON ', '2852', 3270),
(3274, b'1', 3968, 'COSTA SAN ANTONIO ', '2826', 3270),
(3275, b'1', 3969, 'COSTA URUGUAY NORTE ', '5200', 3270),
(3276, b'1', 3970, 'COSTA URUGUAY SUR ', '2820', 3270),
(3277, b'1', 3971, 'CUCHILLA REDONDA ', '2852', 3270),
(3278, b'1', 3972, 'DISTRITO TALITAS ', '2852', 3270),
(3279, b'1', 3973, 'ENRIQUE CARBO ', '2852', 3270),
(3280, b'1', 3974, 'ESTACION ESCRIÑA ', '2828', 3270),
(3281, b'1', 3975, 'FAUSTINO M. PARERA ', '2824', 3270),
(3282, b'1', 3976, 'GENERAL ALMADA ', '2824', 3270),
(3283, b'1', 3977, 'VILLA LA ANGOSTURA', '8407', 3270),
(3284, b'1', 3978, 'GUALEGUAYCHU ', '2820', 3270),
(3285, b'1', 3979, 'IRAZUSTA ', '2852', 3270),
(3286, b'1', 3980, 'LARROQUE ', '2854', 3270),
(3287, b'1', 3981, 'LAS MERCEDES ', '2854', 3270),
(3288, b'1', 3982, 'PASTOR BRITOS ', '2824', 3270),
(3289, b'1', 3983, 'PERDICES ', '2823', 3270),
(3290, b'1', 3984, 'PUEBLO GENERAL BELGRANO ', '2821', 3270),
(3291, b'1', 3985, 'RINCON DEL CINTO ', '2820', 3270),
(3292, b'1', 3986, 'RINCON DEL GATO ', '2820', 3270),
(3293, b'1', 3987, 'URDINARRAIN ', '2826', 3270),
(3294, b'1', 5707, 'SIN INFORMAR', '2820', 3270),
(3295, b'1', 6317, 'GILBERT', '2828', 3270),
(3297, b'1', 3988, 'ARROYO MARTINEZ ', '2846', 3296),
(3298, b'1', 3989, 'CEIBAS ', '2823', 3296),
(3299, b'1', 3990, 'BRAZO LARGO ', '2846', 3296),
(3300, b'1', 3991, 'MEDANOS ', '2848', 3296),
(3301, b'1', 3992, 'ÑANCAY ', '2823', 3296),
(3302, b'1', 3993, 'PUERTO IBICUY ', '2846', 3296),
(3303, b'1', 3994, 'VILLA PARANACITO ', '2823', 3296),
(3304, b'1', 5708, 'SIN INFORMAR', '2846', 3296),
(3306, b'1', 3995, 'ALEJANDRO ROCA ', '3191', 3305),
(3307, b'1', 3996, 'ALCARAZ NORTE ', '3136', 3305),
(3308, b'1', 3997, 'ALCARAZ SUR O SEGUNDO ', '3137', 3305),
(3309, b'1', 3998, 'GENERAL MOSCONI', '3142', 3305),
(3310, b'1', 3999, 'COLONIA AVIGDOR ', '3142', 3305),
(3311, b'1', 4000, 'RIO MAYO ', '2594', 3305),
(3312, b'1', 4001, 'COLONIA OFICIAL Nº 3 GRAL. URDINARRAIN ', '3190', 3305),
(3313, b'1', 4002, 'COLONIA OFICIAL Nº 13 ', '3191', 3305),
(3314, b'1', 4003, 'COLONIA OFICIAL Nº 14 LA CEIBA ', '3191', 3305),
(3315, b'1', 4004, 'COLONIA VIRARO ', '3142', 3305),
(3316, b'1', 4005, 'EL QUEBRACHO ', '3192', 3305),
(3317, b'1', 4006, 'EL SOLAR ', '3137', 3305),
(3318, b'1', 4007, 'ESTAQUITAS ', '3191', 3305),
(3319, b'1', 4008, 'LA PAZ ', '3190', 3305),
(3320, b'1', 4009, 'LA PROVIDENCIA ', '3137', 3305),
(3321, b'1', 4010, 'LAS TOSCAS ', '3191', 3305),
(3322, b'1', 4011, 'PICADA BERON ', '3191', 3305),
(3323, b'1', 4012, 'PIEDRAS BLANCAS ', '3129', 3305),
(3324, b'1', 4013, 'PUERTO ALGARROBO ', '2587', 3305),
(3325, b'1', 4014, 'SAN GUSTAVO ', '2594', 3305),
(3326, b'1', 4015, 'SAN RAMIREZ ', '3191', 3305),
(3327, b'1', 4016, 'SANTA ELENA ', '3192', 3305),
(3328, b'1', 4017, 'SAUCESITO ', '3191', 3305),
(3329, b'1', 4018, 'SIR LEONARD ', '3142', 3305),
(3330, b'1', 4019, 'TACUARAS - OMBU ', '3190', 3305),
(3331, b'1', 4020, 'TACUARAS - YACARE ', '3190', 3305),
(3332, b'1', 4021, 'YESO OESTE ', '3190', 3305),
(3333, b'1', 5709, 'SIN INFORMAR', '3190', 3305),
(3334, b'1', 6264, 'BOVRIL', NULL, 3305),
(3335, b'1', 6323, 'VILLA ALCARAZ', '3138', 3305),
(3337, b'1', 4022, 'ALDEA SAN MIGUEL ', '3116', 3336),
(3338, b'1', 4023, 'ARANGUREN ', '3162', 3336),
(3339, b'1', 4024, 'BETBEDER ', '3156', 3336),
(3340, b'1', 4025, 'CRUCESITAS OCTAVA ', '3177', 3336),
(3341, b'1', 4026, 'CRUCESITAS SEPTIMA ', '3109', 3336),
(3342, b'1', 4027, 'CRUCESITAS TERCERA ', '3150', 3336),
(3343, b'1', 4028, 'DISTRITO CHIQUEROS ', '3158', 3336),
(3344, b'1', 4029, 'DISTRITO SAUCE ', '3150', 3336),
(3345, b'1', 4030, 'DON CRISTOBAL PRIMERO ', '3162', 3336),
(3346, b'1', 4031, 'DON CRISTOBAL SEGUNDO ', '3164', 3336),
(3347, b'1', 4032, 'FEBRE ', '3151', 3336),
(3348, b'1', 4033, 'HERNANDEZ ', '3156', 3336),
(3349, b'1', 4034, 'JUSTO JOSE DE URQUIZA ', '3158', 3336),
(3350, b'1', 4035, 'LAURENCENA ', '3158', 3336),
(3351, b'1', 4036, 'LUCAS GONZALEZ ', '3158', 3336),
(3352, b'1', 4037, 'NOGOYA ', '3150', 3336),
(3353, b'1', 4038, 'VEINTE DE SETIEMBRE', '3158', 3336),
(3354, b'1', 5710, 'SIN INFORMAR', '3150', 3336),
(3356, b'1', 4039, 'ALDEA EIGENFELD ', '3116', 3355),
(3357, b'1', 4040, 'ALDEA MARIA LUISA ', '3114', 3355),
(3358, b'1', 4041, 'ALDEA SAN ANTONIO ', '3117', 3355),
(3359, b'1', 4042, 'ALDEA SAN RAFAEL ', '3116', 3355),
(3360, b'1', 4043, 'ALDEA SANTA MARIA ', '3123', 3355),
(3361, b'1', 4044, 'ALDEA SANTA ROSA ', '3116', 3355),
(3362, b'1', 4045, 'ANTONIO TOMAS ', '3125', 3355),
(3363, b'1', 4046, 'ARROYO BURGOS ', '3133', 3355),
(3364, b'1', 4047, 'ARROYO CORRALITO ', '3133', 3355),
(3365, b'1', 4048, 'ARROYO MATURRANGO ', '3133', 3355),
(3366, b'1', 4049, 'ARROYO PALO SECO ', '3134', 3355),
(3367, b'1', 4050, 'CERRITO ', '3122', 3355),
(3368, b'1', 4051, 'COLONIA AVELLANEDA ', '3107', 3355),
(3369, b'1', 4052, 'COLONIA CELINA ', '3113', 3355),
(3370, b'1', 4053, 'COLONIA CERRITO ', '3122', 3355),
(3371, b'1', 4054, 'COLONIA CRESPO ', '3118', 3355),
(3372, b'1', 4055, 'COLONIA MEROU ', '3116', 3355),
(3373, b'1', 4056, 'COLONIA REFFINO ', '3114', 3355),
(3374, b'1', 4057, 'CRESPO ', '3116', 3355),
(3375, b'1', 4058, 'CURTIEMBRE ', '3113', 3355),
(3376, b'1', 4059, 'DISTRITO TALA ', '3118', 3355),
(3377, b'1', 4060, 'EL PALENQUE ', '3118', 3355),
(3378, b'1', 4061, 'EL PINGO ', '3123', 3355),
(3379, b'1', 4062, 'ESPINILLO NORTE ', '3116', 3355),
(3380, b'1', 4063, 'HASENKAMP ', '3134', 3355),
(3381, b'1', 4064, 'HERNANDARIAS ', '3127', 3355),
(3382, b'1', 4065, 'LA PICADA ', '3118', 3355),
(3383, b'1', 4066, 'LAS GARZAS ', '3136', 3355),
(3384, b'1', 4067, 'MARIA GRANDE ', '3133', 3355),
(3385, b'1', 4068, 'MARIA GRANDE SEGUNDA ', '3133', 3355),
(3386, b'1', 4069, 'ORO VERDE ', '3101', 3355),
(3387, b'1', 4070, 'PARAJE LAS TUNAS ', '3111', 3355),
(3388, b'1', 4071, 'PARANA ', '3100', 3355),
(3389, b'1', 4072, 'PASO DE LA ARENA ', '3118', 3355),
(3390, b'1', 4073, 'PASO DE LAS PIEDRAS ', '3118', 3355),
(3391, b'1', 4074, 'PUEBLO BELLOCQ ', '3136', 3355),
(3392, b'1', 4075, 'PUEBLO BRUGO ', '3125', 3355),
(3393, b'1', 4076, 'QUEBRACHO ', '3109', 3355),
(3394, b'1', 4077, 'SAN BENITO ', '3107', 3355),
(3395, b'1', 4078, 'SANTA LUISA ', '3133', 3355),
(3396, b'1', 4079, 'SAUCE MONTRULL ', '3118', 3355),
(3397, b'1', 4080, 'SAUCE PINTOS ', '3107', 3355),
(3398, b'1', 4081, 'SEGUI ', '3117', 3355),
(3399, b'1', 4082, 'SOSA ', '3133', 3355),
(3400, b'1', 4083, 'TABOSSI ', '3111', 3355),
(3401, b'1', 4084, 'TEZANOS PINTOS ', '3114', 3355),
(3402, b'1', 4085, 'VIALE ', '3109', 3355),
(3403, b'1', 4086, 'VILLA FONTANA ', '3114', 3355),
(3404, b'1', 4087, 'VILLA GOBERNADOR ETCHEVEHERE ', '3114', 3355),
(3405, b'1', 4088, 'VILLA URQUIZA ', '3113', 3355),
(3406, b'1', 5711, 'SIN INFORMAR', '3100', 3355),
(3407, b'1', 6312, 'ALCARAZ ', '3138', 3355),
(3409, b'1', 4089, 'DISTRITO CHAÑAR ', '3187', 3408),
(3410, b'1', 4090, 'LA ESMERALDA ', '3187', 3408),
(3411, b'1', 4091, 'LAGUNA BENITEZ ', '3187', 3408),
(3412, b'1', 4092, 'LA HIERRA ', '3187', 3408),
(3413, b'1', 4093, 'LAS MULITAS ', '3187', 3408);
INSERT INTO `localidades` (`id`, `activo`, `id_segun_api`, `nombre`, `codigo_postal`, `municipio`) VALUES
(3414, b'1', 4094, 'LA VERBENA ', '3187', 3408),
(3415, b'1', 4095, 'MULAS GRANDES ', '3187', 3408),
(3416, b'1', 4096, 'SAN JOSE DE FELICIANO ', '3187', 3408),
(3417, b'1', 4097, 'O\'HIGGINS', '3187', 3408),
(3418, b'1', 5712, 'SIN INFORMAR', '3187', 3408),
(3420, b'1', 4098, 'COLONIA BAYLINA ', '3269', 3419),
(3421, b'1', 4099, 'COLONIA OFICIAL Nº 5 ', '3216', 3419),
(3422, b'1', 4100, 'GENERAL CAMPOS ', '3216', 3419),
(3423, b'1', 4101, 'SAN ERNESTO ', '3269', 3419),
(3424, b'1', 4102, 'SAN SALVADOR ', '3218', 3419),
(3425, b'1', 4103, 'WALTER MOSS ', '3216', 3419),
(3426, b'1', 5713, 'SIN INFORMAR', '3218', 3419),
(3428, b'1', 4104, 'ALTAMIRANO SUR ', '3177', 3427),
(3429, b'1', 4105, 'ARROYO CLE ', '2841', 3427),
(3430, b'1', 4106, 'DURAZNO ', '3178', 3427),
(3431, b'1', 4107, 'ESTACION SOLA ', '3176', 3427),
(3432, b'1', 4108, 'GOBERNADOR ECHAGüE ', '2845', 3427),
(3433, b'1', 4109, 'GOBERNADOR MANSILLA ', '2845', 3427),
(3434, b'1', 4110, 'GUARDAMONTE ', '3179', 3427),
(3435, b'1', 4111, 'LA OLLITA ', '3174', 3427),
(3436, b'1', 4112, 'LAS GUACHAS ', '3174', 3427),
(3437, b'1', 4113, 'MACIA ', '3177', 3427),
(3438, b'1', 4114, 'ROSARIO DEL TALA ', '3174', 3427),
(3439, b'1', 4115, 'SAUCE SUR ', '2845', 3427),
(3440, b'1', 5714, 'SIN INFORMAR', '3174', 3427),
(3442, b'1', 4116, 'ARROYO GENA ', '2827', 3441),
(3443, b'1', 4117, 'BASAVILBASO ', '3170', 3441),
(3444, b'1', 4118, 'CASEROS ', '3262', 3441),
(3445, b'1', 4119, 'COLONIA ELIA ', '3261', 3441),
(3446, b'1', 4120, 'CONCEPCION DEL URUGUAY ', '3260', 3441),
(3447, b'1', 4121, 'ESTACION LIBAROS ', '3244', 3441),
(3448, b'1', 4122, 'HERRERA ', '3272', 3441),
(3449, b'1', 4123, 'LAS MOSCAS ', '3244', 3441),
(3450, b'1', 4124, 'LOS CEIBOS ', '3261', 3441),
(3451, b'1', 4125, 'PRIMERO DE MAYO ', '3263', 3441),
(3452, b'1', 4126, 'PRONUNCIAMIENTO ', '3263', 3441),
(3453, b'1', 4127, 'ROCAMORA ', '3172', 3441),
(3454, b'1', 4128, 'SAN CIPRIANO ', '3263', 3441),
(3455, b'1', 4129, 'SAN JUSTO ', '3262', 3441),
(3456, b'1', 4130, 'SAN MARCIAL ', '3248', 3441),
(3457, b'1', 4131, 'SANTA ANA ', '3262', 3441),
(3458, b'1', 4132, 'SANTA ANITA ', '3248', 3441),
(3459, b'1', 4133, 'VILLA MANTERO ', '3272', 3441),
(3460, b'1', 5715, 'SIN INFORMAR', '3260', 3441),
(3462, b'1', 4134, 'ANTELO ', '3151', 3461),
(3463, b'1', 4135, 'CHILCAS ', '3162', 3461),
(3464, b'1', 4136, 'DISTRITO PAJONAL ', '3153', 3461),
(3465, b'1', 4137, 'HINOJAL ', '3162', 3461),
(3466, b'1', 4138, 'LAGUNA DEL PESCADO ', '3151', 3461),
(3467, b'1', 4139, 'MOLINO DOLL ', '3101', 3461),
(3468, b'1', 4140, 'MONTOYA ', '3153', 3461),
(3469, b'1', 4141, 'RINCON DEL DOLL ', '3101', 3461),
(3470, b'1', 4142, 'RINCON DE NOGOYA ', '3155', 3461),
(3471, b'1', 4143, 'VICTORIA ', '3153', 3461),
(3472, b'1', 5716, 'SIN INFORMAR', '3153', 3461),
(3474, b'1', 4144, 'ESTACION RAICES ', '3177', 3473),
(3475, b'1', 4145, 'INGENIERO SAJAROFF ', '3246', 3473),
(3476, b'1', 4146, 'JUBILEO ', '3254', 3473),
(3477, b'1', 4147, 'LUCAS NORTE ', '3241', 3473),
(3478, b'1', 4148, 'LUCAS SUR PRIMERA ', '3241', 3473),
(3479, b'1', 4149, 'LUCAS SUR SEGUNDO ', '3241', 3473),
(3480, b'1', 4150, 'MOJONES NORTE ', '3241', 3473),
(3481, b'1', 4151, 'MOJONES SUR ', '3241', 3473),
(3482, b'1', 4152, 'PARAJE LOS ALGARROBOS ', '3241', 3473),
(3483, b'1', 4153, 'PASO DE LA LAGUNA ', '3241', 3473),
(3484, b'1', 4154, 'RAICES OESTE ', '3241', 3473),
(3485, b'1', 4155, 'VILLA CLARA ', '3252', 3473),
(3486, b'1', 4156, 'VILLA DOMINGUEZ ', '3246', 3473),
(3487, b'1', 4157, 'VILLAGUAY ', '3240', 3473),
(3488, b'1', 5717, 'SIN INFORMAR', '3241', 3473),
(3490, b'1', 6214, 'SIN INFORMAR', '0', 3489),
(3492, b'1', 1506, 'ARROYO BARU ', '3269', 3491),
(3493, b'1', 1507, 'COLON', '3280', 3491),
(3494, b'1', 1508, 'COLONIA SAN ALSELMO Y ALEDAÑAS ', '3280', 3491),
(3495, b'1', 1509, 'HAMBIS ', '3269', 3491),
(3496, b'1', 1510, 'COLONIA HOCKER ', '3265', 3491),
(3497, b'1', 3888, 'LA CLARITA ', '3269', 3491),
(3498, b'1', 3889, 'PUEBLO CAZES ', '3269', 3491),
(3499, b'1', 3890, 'PUEBLO LIEBIG ', '3283', 3491),
(3500, b'1', 3891, 'SAN JOSE ', '3283', 3491),
(3501, b'1', 3892, 'UBAJAY ', '3287', 3491),
(3502, b'1', 3893, 'VILLA ELISA ', '3265', 3491),
(3503, b'1', 5701, 'SIN INFORMAR', '3283', 3491),
(3505, b'1', 3894, 'CLODOMIRO LEDESMA ', '3203', 3504),
(3506, b'1', 3895, 'COLONIA AYUI ', '3201', 3504),
(3507, b'1', 3896, 'COLONIA GENERAL ROCA ', '3201', 3504),
(3508, b'1', 3897, 'CONCORDIA ', '3200', 3504),
(3509, b'1', 3898, 'EL REDOMON ', '3212', 3504),
(3510, b'1', 3899, 'ESTACION YERUA ', '3214', 3504),
(3511, b'1', 3900, 'ESTACION YUQUERI ', '3214', 3504),
(3512, b'1', 3901, 'ESTANCIA GRANDE ', '3203', 3504),
(3513, b'1', 3902, 'LA CRIOLLA ', '3212', 3504),
(3514, b'1', 3903, 'LOS CHARRUAS ', '3214', 3504),
(3515, b'1', 3904, 'NUEVA ESCOCIA ', '3201', 3504),
(3516, b'1', 3905, 'PEDERNAL ', '3203', 3504),
(3517, b'1', 3906, 'PUERTO YERUA ', '3201', 3504),
(3518, b'1', 3907, 'SAN JUSTO ', '3212', 3504),
(3519, b'1', 5702, 'SIN INFORMAR', '3201', 3504),
(3521, b'1', 3908, 'ALDEA BRASILERA ', '3101', 3520),
(3522, b'1', 3909, 'ALDEA GRAPSCHENTAL ', '3101', 3520),
(3523, b'1', 3910, 'ALDEA PROTESTANTE ', '3101', 3520),
(3524, b'1', 3911, 'ALDEA SALTO ', '3101', 3520),
(3525, b'1', 3912, 'ALDEA SAN FRANCISCO ', '3101', 3520),
(3526, b'1', 3913, 'ALDEA SPATZENKUTTER ', '3101', 3520),
(3527, b'1', 3914, 'ALDEA VALLE MARIA ', '3101', 3520),
(3528, b'1', 3915, 'COLONIA ENSAYO ', '3101', 3520),
(3529, b'1', 3916, 'COSTA GRANDE ', '3101', 3520),
(3530, b'1', 3917, 'DIAMANTE ', '3101', 3520),
(3531, b'1', 3918, 'ESTACION CAMPS ', '3164', 3520),
(3532, b'1', 3919, 'ESTACION RACEDO (EL CARMEN) ', '3114', 3520),
(3533, b'1', 3920, 'GENERAL ALVEAR ', '3101', 3520),
(3534, b'1', 3921, 'GENERAL RAMIREZ ', '3164', 3520),
(3535, b'1', 3922, 'ISLETAS ', '3164', 3520),
(3536, b'1', 3923, 'LAS CUEVAS ', '3101', 3520),
(3537, b'1', 3924, 'LIBERTADOR SAN MARTIN ', '3103', 3520),
(3538, b'1', 5703, 'SIN INFORMAR', '3105', 3520),
(3541, b'1', 4158, 'LAGUNA YEMA ', '3634', 3540),
(3542, b'1', 4159, 'LOS CHIRIGUANOS ', '3636', 3540),
(3543, b'1', 4160, 'POZO DE MAZA ', '3636', 3540),
(3544, b'1', 4161, 'POZO DEL MORTERO ', '3636', 3540),
(3545, b'1', 5718, 'SIN INFORMAR', '3600', 3540),
(3547, b'1', 4162, 'COLONIA PASTORIL ', '3600', 3546),
(3548, b'1', 4163, 'FORMOSA ', '3600', 3546),
(3549, b'1', 4164, 'GRAN GUARDIA ', '3601', 3546),
(3550, b'1', 4165, 'SAN HILARIO ', '3604', 3546),
(3551, b'1', 4166, 'MARIANO BOEDO ', '3601', 3546),
(3552, b'1', 4167, 'MOJON DE FIERRO ', '3601', 3546),
(3553, b'1', 4168, 'VILLA DEL CARMEN ', '3600', 3546),
(3554, b'1', 4169, 'VILLA TRINIDAD ', '3600', 3546),
(3555, b'1', 5719, 'SIN INFORMAR', '3600', 3546),
(3557, b'1', 4170, 'BANCO PAYAGUA ', '3601', 3556),
(3558, b'1', 4171, 'GENERAL LUCIO V. MANSILLA ', '3526', 3556),
(3559, b'1', 4172, 'HERRADURA ', '3601', 3556),
(3560, b'1', 4173, 'MISION SAN FRANCISCO DE LAISHI ', '3601', 3556),
(3561, b'1', 4174, 'TATANE ', '3601', 3556),
(3562, b'1', 4175, 'VILLA ESCOLAR ', '3526', 3556),
(3563, b'1', 5720, 'SIN INFORMAR', '3601', 3556),
(3565, b'1', 4176, 'INGENIERO JUAREZ ', '3636', 3564),
(3566, b'1', 5721, 'SIN INFORMAR', '3636', 3564),
(3568, b'1', 4177, 'BARTOLOME DE LAS CASAS ', '3626', 3567),
(3569, b'1', 4178, 'COLONIA SARMIENTO ', '3630', 3567),
(3570, b'1', 4179, 'COMANDANTE FONTANA ', '3620', 3567),
(3571, b'1', 4180, 'EL RECREO ', '3615', 3567),
(3572, b'1', 4181, 'ESTANISLAO DEL CAMPO ', '3626', 3567),
(3573, b'1', 4182, 'FORTIN LEYES ', '3621', 3567),
(3574, b'1', 4183, 'FORTIN LUGONES ', '3621', 3567),
(3575, b'1', 4184, 'GENERAL MANUEL BELGRANO ', '3615', 3567),
(3576, b'1', 4185, 'IBARRETA ', '3624', 3567),
(3577, b'1', 4186, 'JUAN G. BAZAN ', '3636', 3567),
(3578, b'1', 4187, 'LAS LOMITAS ', '3630', 3567),
(3579, b'1', 4188, 'POSTA CAMBIO ZALAZAR ', '3621', 3567),
(3580, b'1', 4189, 'POZO DEL TIGRE ', '3628', 3567),
(3581, b'1', 4190, 'SAN MARTIN 1 ', '3621', 3567),
(3582, b'1', 4191, 'SAN MARTIN 2 ', '3621', 3567),
(3583, b'1', 4192, 'SUBTENIENTE PERIN ', '3625', 3567),
(3584, b'1', 4193, 'VILLA GENERAL GüEMES ', '3621', 3567),
(3585, b'1', 5722, 'SIN INFORMAR', '3636', 3567),
(3587, b'1', 1723, 'BUENA VISTA ', '3615', 3586),
(3588, b'1', 1724, 'EL ESPINILLO ', '3615', 3586),
(3589, b'1', 1725, 'MISION TACAAGLE ', '3615', 3586),
(3590, b'1', 1726, 'PORTON NEGRO ', '3615', 3586),
(3591, b'1', 1727, 'TRES LAGUNAS ', '3611', 3586),
(3592, b'1', 5723, 'SIN INFORMAR', '3615', 3586),
(3594, b'1', 1728, 'CLORINDA ', '3610', 3593),
(3595, b'1', 1729, 'LAGUNA BLANCA ', '3613', 3593),
(3596, b'1', 1730, 'LAGUNA NAICK NECK ', '3611', 3593),
(3597, b'1', 1731, 'PALMA SOLA ', '3611', 3593),
(3598, b'1', 1732, 'PUERTO PILCOMAYO ', '3611', 3593),
(3599, b'1', 1733, 'RIACHO HE-HE ', '3611', 3593),
(3600, b'1', 1734, 'RIACHO NEGRO ', '3610', 3593),
(3601, b'1', 1735, 'SIETE PALMAS ', '3611', 3593),
(3602, b'1', 5724, 'SIN INFORMAR', '3610', 3593),
(3604, b'1', 1736, 'EL COLORADO ', '3603', 3603),
(3605, b'1', 1737, 'MAYOR VICENTE VILLAFAÑE ', '3601', 3603),
(3606, b'1', 1738, 'PALO SANTO ', '3608', 3603),
(3607, b'1', 1739, 'PIRANE ', '3606', 3603),
(3608, b'1', 1740, 'VILLA DOS TRECE', '3603', 3603),
(3609, b'1', 5725, 'SIN INFORMAR', '3606', 3603),
(3611, b'1', 6215, 'SIN INFORMAR', '0', 3610),
(3613, b'1', 1741, 'GENERAL MOSCONI ', '3636', 3612),
(3614, b'1', 1742, 'EL POTRILLO ', '3636', 3612),
(3615, b'1', 5726, 'SIN INFORMAR', '3606', 3612),
(3618, b'1', 6216, 'SIN INFORMAR', '0', 3617),
(3620, b'1', 1889, 'NUEVO ARBOLITO ', '4641', 3619),
(3621, b'1', 1890, 'CANGREJOS ', '4634', 3619),
(3622, b'1', 1891, 'MINIAIO ', '4641', 3619),
(3623, b'1', 1892, 'TUSAQUILLA ', '4641', 3619),
(3624, b'1', 1893, 'TAMBILLOS ', '4641', 3619),
(3625, b'1', 1894, 'SAN JOSE DE MIRAFLORES ', '4641', 3619),
(3626, b'1', 1895, 'RACHAITE ', '4641', 3619),
(3627, b'1', 1896, 'QUICHUAGUA ', '4641', 3619),
(3628, b'1', 1897, 'MUÑAYOC ', '4641', 3619),
(3629, b'1', 1898, 'CINCE ', '4634', 3619),
(3630, b'1', 1899, 'DONCELLAS CHICAS ', '4641', 3619),
(3631, b'1', 1900, 'DONCELLAS GRANDES ', '4641', 3619),
(3632, b'1', 1901, 'RUMICRUZ ', '4641', 3619),
(3633, b'1', 1902, 'POTRERO ', '4641', 3619),
(3634, b'1', 1903, 'AGUA CALIENTE DE LA PUNA ', '4634', 3619),
(3635, b'1', 1904, 'AGUA CALIENTE ', '4634', 3619),
(3636, b'1', 1905, 'LULLUCHAYOC ', '4641', 3619),
(3637, b'1', 1906, 'LA REDONDA ', '4641', 3619),
(3638, b'1', 1907, 'ABRA PAMPA', '4640', 3619),
(3639, b'1', 1908, 'PUESTO DEL MARQUES', '4641', 3619),
(3640, b'1', 1909, 'ABDON CASTRO TOLAY', '4641', 3619),
(3641, b'1', 1910, 'RINCONADILLAS', '4641', 3619),
(3642, b'1', 1911, 'SANTUARIO DE TRES POZOS', '4641', 3619),
(3643, b'1', 1912, 'CASABINDO', '4634', 3619),
(3644, b'1', 1913, 'TUSAQUILLAS', '4641', 3619),
(3645, b'1', 1914, 'COCHINOCA', '4641', 3619),
(3646, b'1', 1915, 'SAN FRANCISCO DE ALFARCITO', '4641', 3619),
(3647, b'1', 1916, 'ABRALAITE', '4634', 3619),
(3648, b'1', 5745, 'SIN INFORMAR', '4641', 3619),
(3650, b'1', 1917, 'TILQUIZA ', '4616', 3649),
(3651, b'1', 1918, 'LA CUESTA ', '4600', 3649),
(3652, b'1', 1919, 'TIRAXI ', '4616', 3649),
(3653, b'1', 1920, 'CORRAL DE PIEDRA ', '4600', 3649),
(3654, b'1', 1921, 'JAIRE ', '4600', 3649),
(3655, b'1', 1922, 'SAN PABLO DE REYES ', '4600', 3649),
(3656, b'1', 1923, 'LOS NOGALES ', '4616', 3649),
(3657, b'1', 1924, 'VILLA JARDIN DE REYES ', '4600', 3649),
(3658, b'1', 1925, 'SAN SALVADOR DE JUJUY,', '4600', 3649),
(3659, b'1', 1926, 'ALTO COMEDERO ', '4600', 3649),
(3660, b'1', 1927, 'YALA', '4616', 3649),
(3661, b'1', 1928, 'LOZANO,', '4616', 3649),
(3662, b'1', 1929, 'LEON', '4616', 3649),
(3663, b'1', 1930, 'GUERRERO', '4600', 3649),
(3664, b'1', 1931, 'OCLOYAS', '4616', 3649),
(3665, b'1', 1932, 'LA ALMONA', '4600', 3649),
(3666, b'1', 5746, 'SIN INFORMAR', '4600', 3649),
(3668, b'1', 1933, 'PERICO', '4610', 3667),
(3669, b'1', 1934, 'EL CARMEN', '4603', 3667),
(3670, b'1', 1935, 'MONTERRICO', '4608', 3667),
(3671, b'1', 1936, 'PAMPA BLANCA', '4606', 3667),
(3672, b'1', 1937, 'AGUAS CALIENTES', '4431', 3667),
(3673, b'1', 1938, 'PUESTO VIEJO', '4606', 3667),
(3674, b'1', 1939, 'LOS LAPACHOS', '4431', 3667),
(3675, b'1', 1940, 'BARRIO LA UNION', '4431', 3667),
(3676, b'1', 1941, 'BARRIO EL MILAGRO', '4431', 3667),
(3677, b'1', 1942, 'MANANTIALES', '4606', 3667),
(3678, b'1', 1943, 'SAN JUANCITO', '4431', 3667),
(3679, b'1', 1944, 'SAN ISIDRO', '4431', 3667),
(3680, b'1', 5747, 'SIN INFORMAR', '4431', 3667),
(3682, b'1', 1945, 'APARZO ', '4630', 3681),
(3683, b'1', 1946, 'AZUL PAMPA ', '4630', 3681),
(3684, b'1', 1947, 'CAPLA ', '4630', 3681),
(3685, b'1', 1948, 'CASA GRANDE', '4630', 3681),
(3686, b'1', 1949, 'CHAUPI RODEO ', '4630', 3681),
(3687, b'1', 1950, 'CASILLAS', '4630', 3681),
(3688, b'1', 1951, 'CIANZO ', '4630', 3681),
(3689, b'1', 1952, 'CORAYA ', '4630', 3681),
(3690, b'1', 1953, 'COBRE', '4630', 3681),
(3691, b'1', 1954, 'CHUCALESNA ', '4630', 3681),
(3692, b'1', 1955, 'COCTACA', '4630', 3681),
(3693, b'1', 1956, 'EL AGUILAR', '4634', 3681),
(3694, b'1', 1957, 'HIPOLITO YRIGOYEN', '4630', 3681),
(3695, b'1', 1958, 'HUMAHUACA', '4630', 3681),
(3696, b'1', 1959, 'TRES CRUCES', '4630', 3681),
(3697, b'1', 1960, 'PALCA DE APARZO ', '4630', 3681),
(3698, b'1', 1961, 'RONQUI ', '4630', 3681),
(3699, b'1', 1962, 'PUCARA', '4630', 3681),
(3700, b'1', 1963, 'UCUMASO ', '4630', 3681),
(3701, b'1', 1964, 'UQUIA', '4630', 3681),
(3702, b'1', 1965, 'HORNADITAS ', '4630', 3681),
(3703, b'1', 1966, 'PAVON ARRIBA', '4630', 3681),
(3704, b'1', 1967, 'LA CUEVA', '4630', 3681),
(3705, b'1', 1968, 'PUEBLO VIEJO', '4630', 3681),
(3706, b'1', 5748, 'SIN INFORMAR', '4630', 3681),
(3708, b'1', 1969, 'BANANAL ', '4518', 3707),
(3709, b'1', 1970, 'TRAHUNCURA', '8351', 3707),
(3710, b'1', 1971, 'CAIMANCITO ', '4516', 3707),
(3711, b'1', 1972, 'PEYRANO', '4514', 3707),
(3712, b'1', 1973, 'FRAILE PINTADO ', '4506', 3707),
(3713, b'1', 1974, 'JARAMILLO ', '4504', 3707),
(3714, b'1', 1975, 'GUAYACAN ', '5200', 3707),
(3715, b'1', 1976, 'LIBERTADOR GENERAL SAN MARTIN ', '4512', 3707),
(3716, b'1', 1977, 'LEDESMA ', '4512', 3707),
(3717, b'1', 1978, 'CHALICAN ', '4506', 3707),
(3718, b'1', 1979, 'LIBERTAD ', '4504', 3707),
(3719, b'1', 1980, 'PAULINA ', '4504', 3707),
(3720, b'1', 1981, 'YUTO ', '4518', 3707),
(3721, b'1', 1982, 'SAN BORJA ', '4504', 3707),
(3722, b'1', 1983, 'VILLA LA ANGOSTURA', '8407', 3707),
(3723, b'1', 1984, '23 DE AGOSTO ', '4504', 3707),
(3724, b'1', 5749, 'SIN INFORMAR', '4504', 3707),
(3726, b'1', 1985, 'ATOS HORNOS ZAPLA ', '4612', 3725),
(3727, b'1', 1986, 'CENTRO FORESTAL ', '4612', 3725),
(3728, b'1', 1987, 'CARAHUNCO ', '4612', 3725),
(3729, b'1', 1988, 'EL ALGARROBAL ', '4612', 3725),
(3730, b'1', 1989, 'LAS CAPILLAS ', '4612', 3725),
(3731, b'1', 1990, 'EL CUCHO ', '4612', 3725),
(3732, b'1', 1991, 'LOS BLANCOS ', '4612', 3725),
(3733, b'1', 1992, 'MINA 9 DE OCTUBRE ', '4612', 3725),
(3734, b'1', 1993, 'PALPALA ', '4612', 3725),
(3735, b'1', 1994, 'RIO BLANCO ', '4601', 3725),
(3736, b'1', 1995, 'VILLA PALPALA ', '4612', 3725),
(3737, b'1', 5750, 'SIN INFORMAR', '4612', 3725),
(3739, b'1', 1996, 'ANTIGUYOC ', '4643', 3738),
(3740, b'1', 1997, 'BARREALITO ', '4643', 3738),
(3741, b'1', 1998, 'CARAHUASI ', '4643', 3738),
(3742, b'1', 1999, 'CASA COLORADA ', '4643', 3738),
(3743, b'1', 2000, 'CIENAGA GRANDE ', '4643', 3738),
(3744, b'1', 2001, 'ICACHA ', '4643', 3738),
(3745, b'1', 2002, 'LAGUNILLAS', '4640', 3738),
(3746, b'1', 2003, 'LAGUNILLAS DEL FARALLON ', '4643', 3738),
(3747, b'1', 2004, 'GENERAL MOSCONI', '4643', 3738),
(3748, b'1', 2005, 'LOMA BLANCA ', '4643', 3738),
(3749, b'1', 2006, 'RIO MAYO ', '2594', 3738),
(3750, b'1', 2007, 'MINA PAN DE AZUCAR ', '4643', 3738),
(3751, b'1', 2008, 'MINA PIRQUITAS ', '4643', 3738),
(3752, b'1', 2009, 'NAZARENO', '4643', 3738),
(3753, b'1', 2010, 'OROSMAYO ', '4643', 3738),
(3754, b'1', 2011, 'PAIRIQUE CHICO ', '4643', 3738),
(3755, b'1', 2012, 'PEÑAS BLANCAS ', '4643', 3738),
(3756, b'1', 2013, 'PIRQUITAS ', '4643', 3738),
(3757, b'1', 2014, 'PORTEZUELO', '4643', 3738),
(3758, b'1', 2015, 'RINCONADA ', '4643', 3738),
(3759, b'1', 2016, 'ROSARIO DE SUSQUES ', '4643', 3738),
(3760, b'1', 2017, 'ROSARIO DE COYAHUAIMA ', '4643', 3738),
(3761, b'1', 2018, 'RAMALLO', '4643', 3738),
(3762, b'1', 2019, 'SAN JOSE', '2587', 3738),
(3763, b'1', 2020, 'TIOMAYO ', '2594', 3738),
(3764, b'1', 2021, 'SANTA ANA', '4643', 3738),
(3765, b'1', 5751, 'SIN INFORMAR', '4643', 3738),
(3767, b'1', 2022, 'SAN ANTONIO ', '4605', 3766),
(3768, b'1', 2023, 'LOTEO NAVEA ', '4605', 3766),
(3769, b'1', 2024, 'EL CEIBAL ', '4605', 3766),
(3770, b'1', 5752, 'SIN INFORMAR', '4605', 3766),
(3772, b'1', 2025, 'EL PUESTO ', '4503', 3771),
(3773, b'1', 2026, 'PARAPETI ', '4503', 3771),
(3774, b'1', 2027, 'ARRAYANAL ', '4503', 3771),
(3775, b'1', 2028, 'ROSARIO DE RIO GRANDE ', '4522', 3771),
(3776, b'1', 2029, 'DON EMILIO ', '4522', 3771),
(3777, b'1', 2030, 'EL SAUZAL', '4503', 3771),
(3778, b'1', 2031, 'ARROYO COLORADO ', '4503', 3771),
(3779, b'1', 2032, 'SAN ANTONIO', '4503', 3771),
(3780, b'1', 2033, 'PIEDRITAS ', '4503', 3771),
(3781, b'1', 2034, 'EL ACHERAL ', '4503', 3771),
(3782, b'1', 2035, 'MIRAFLORES ', '4503', 3771),
(3783, b'1', 2036, 'PALOS BLANCOS ', '4503', 3771),
(3784, b'1', 2037, 'LA MANGA ', '4503', 3771),
(3785, b'1', 2038, 'SAN LUCAS ', '4503', 3771),
(3786, b'1', 2039, 'EL QUEMADO ', '4503', 3771),
(3787, b'1', 2040, 'BARRO NEGRO ', '4503', 3771),
(3788, b'1', 2041, 'EL PIQUETE ', '4501', 3771),
(3789, b'1', 2042, 'LA ESPERANZA ', '4503', 3771),
(3790, b'1', 2043, 'LA MENDIETA ', '4522', 3771),
(3791, b'1', 2044, 'RODEITO ', '4501', 3771),
(3792, b'1', 2045, 'SAN PEDRO DE JUJUY ', '4500', 3771),
(3793, b'1', 2046, 'SANTA RITA', '4503', 3771),
(3794, b'1', 2047, 'SAN JUAN DE DIOS', '4503', 3771),
(3795, b'1', 2048, 'ESQUINA DE QUISTO ', '4503', 3771),
(3796, b'1', 5753, 'SIN INFORMAR', '4503', 3771),
(3798, b'1', 2049, 'VALLE GRANDE', '4501', 3797),
(3799, b'1', 2050, 'EL PIQUETE ', '4501', 3797),
(3800, b'1', 2051, 'PUENTE LAVAYEN ', '4501', 3797),
(3801, b'1', 2052, 'EL FUERTE', '4501', 3797),
(3802, b'1', 2053, 'EL TALAR ', '4501', 3797),
(3803, b'1', 2054, 'PALMA SOLA ', '4501', 3797),
(3804, b'1', 2055, 'SANTA CLARA ', '4501', 3797),
(3805, b'1', 2056, 'VINALITO ', '4501', 3797),
(3806, b'1', 2057, 'SIETE AGUAS', '4501', 3797),
(3807, b'1', 2058, 'ISLA CHICA ', '4501', 3797),
(3808, b'1', 2059, 'EL OLVIDO ', '4501', 3797),
(3809, b'1', 2060, 'LOS MATOS ', '4501', 3797),
(3810, b'1', 2061, 'EL SAUZAL', '4501', 3797),
(3811, b'1', 2062, 'REAL DE LOS TOROS ', '4501', 3797),
(3812, b'1', 2063, 'EL TIPAL ', '4501', 3797),
(3813, b'1', 2064, 'LAS JUNTAS ', '4501', 3797),
(3814, b'1', 2065, 'LA CELULOSA ', '4501', 3797),
(3815, b'1', 2066, 'MADREJON ', '4501', 3797),
(3816, b'1', 2067, 'SAN RAFAEL', '4501', 3797),
(3817, b'1', 5754, 'SIN INFORMAR', '4501', 3797),
(3819, b'1', 2068, 'CABRERIA ', '4655', 3818),
(3820, b'1', 2069, 'CALAHOYO ', '4655', 3818),
(3821, b'1', 2070, 'CAÑUELAS ', '4655', 3818),
(3822, b'1', 2071, 'CASIRA ', '4655', 3818),
(3823, b'1', 2072, 'CIENEGUILLAS ', '4655', 3818),
(3824, b'1', 2073, 'CUSI CUSI ', '4655', 3818),
(3825, b'1', 2074, 'CIENAGA ', '4655', 3818),
(3826, b'1', 2075, 'EL ANGOSTO ', '4655', 3818),
(3827, b'1', 2076, 'GUAYATAYOC ', '4655', 3818),
(3828, b'1', 2077, 'HORNILLOS ', '4655', 3818),
(3829, b'1', 2078, 'LA CIENAGA ', '4655', 3818),
(3830, b'1', 2079, 'MISARRUMI ', '4655', 3818),
(3831, b'1', 2080, 'ORATORIO ', '4655', 3818),
(3832, b'1', 2081, 'OROS', '4655', 3818),
(3833, b'1', 2082, 'SAN JUAN DE OROS ', '4655', 3818),
(3834, b'1', 2083, 'SANTA CATALINA ', '4655', 3818),
(3835, b'1', 2084, 'PUESTO GRANDE ', '4655', 3818),
(3836, b'1', 2085, 'PISCUNO ', '4655', 3818),
(3837, b'1', 2086, 'TIMON CRUZ ', '4655', 3818),
(3838, b'1', 2087, 'RODEO CHICO ', '4655', 3818),
(3839, b'1', 2088, 'SAN JUAN DE ORO ', '4655', 3818),
(3840, b'1', 2089, 'SAN LEON ', '4655', 3818),
(3841, b'1', 2090, 'LA CIENAGA ', '4655', 3818),
(3842, b'1', 2091, 'PAICONE ', '4655', 3818),
(3843, b'1', 2092, 'SAN FRANCISCO', '4655', 3818),
(3844, b'1', 2093, 'YOSCABA ', '4655', 3818),
(3845, b'1', 5755, 'SIN INFORMAR', '4655', 3818),
(3847, b'1', 2094, 'EL TORO ', '4641', 3846),
(3848, b'1', 2095, 'HUANCAR ', '4641', 3846),
(3849, b'1', 2096, 'OLAROZ CHICO ', '4641', 3846),
(3850, b'1', 2097, 'SEY ', '4641', 3846),
(3851, b'1', 2098, 'PASTOS CHICOS ', '4641', 3846),
(3852, b'1', 2099, 'CATUA ', '4641', 3846),
(3853, b'1', 2100, 'CORANZULI ', '4641', 3846),
(3854, b'1', 2101, 'SAN JUAN DE QUILLAQUES ', '4641', 3846),
(3855, b'1', 2102, 'MINA PROVIDENCIA ', '4641', 3846),
(3856, b'1', 2103, 'O\'HIGGINS', '4641', 3846),
(3857, b'1', 2104, 'OLAROZ GRANDE ', '4641', 3846),
(3858, b'1', 2105, 'TANQUES ', '4641', 3846),
(3859, b'1', 2106, 'EL CODO ', '4641', 3846),
(3860, b'1', 2107, 'OLACAPATO ', '4641', 3846),
(3861, b'1', 2108, 'EL ROSAL', '4641', 3846),
(3862, b'1', 2109, 'TURILARI ', '4641', 3846),
(3863, b'1', 5756, 'SIN INFORMAR', '4641', 3846),
(3865, b'1', 2110, 'COLONIA SAN JOSE ', '4624', 3864),
(3866, b'1', 2111, 'HUACALERA ', '4624', 3864),
(3867, b'1', 2112, 'MAIMARA ', '4622', 3864),
(3868, b'1', 2113, 'TILCARA ', '4624', 3864),
(3869, b'1', 5757, 'SIN INFORMAR', '4624', 3864),
(3871, b'1', 2114, 'PURMAMARCA ', '4618', 3870),
(3872, b'1', 2115, 'TUMBAYA ', '4618', 3870),
(3873, b'1', 2116, 'VOLCAN ', '4618', 3870),
(3874, b'1', 5758, 'SIN INFORMAR', '4618', 3870),
(3876, b'1', 2117, 'CASPALA ', '4513', 3875),
(3877, b'1', 2118, 'VALLE COLORADO ', '4513', 3875),
(3878, b'1', 2119, 'PAMPICHUELA ', '4513', 3875),
(3879, b'1', 2120, 'SAN FRANCISCO ', '4513', 3875),
(3880, b'1', 2121, 'SANTA ANA ', '4513', 3875),
(3881, b'1', 2122, 'VALLE GRANDE ', '4513', 3875),
(3882, b'1', 5759, 'SIN INFORMAR', '4513', 3875),
(3884, b'1', 2123, 'AGUA CHICA ', '4651', 3883),
(3885, b'1', 2124, 'BARRIOS ', '4651', 3883),
(3886, b'1', 2125, 'CAJAS', '4651', 3883),
(3887, b'1', 2126, 'CANGREJILLOS ', '4651', 3883),
(3888, b'1', 2127, 'CANGREJOS ', '4651', 3883),
(3889, b'1', 2128, 'CARACARA ', '4651', 3883),
(3890, b'1', 2129, 'CASTI ', '4651', 3883),
(3891, b'1', 2130, 'CERRILLOS', '4651', 3883),
(3892, b'1', 2131, 'CHOCOITE ', '4651', 3883),
(3893, b'1', 2132, 'CORRAL BLANCO ', '4651', 3883),
(3894, b'1', 2133, 'CORRAL GRANDE ', '4651', 3883),
(3895, b'1', 2134, 'ESQUINA GRANDE ', '4651', 3883),
(3896, b'1', 2135, 'LA INTERMEDIA ', '4651', 3883),
(3897, b'1', 2136, 'LLULLUCHAYOC ', '4651', 3883),
(3898, b'1', 2137, 'EL CONDOR ', '4651', 3883),
(3899, b'1', 2138, 'LA QUIACA ', '4650', 3883),
(3900, b'1', 2139, 'OJO DE AGUA ', '4651', 3883),
(3901, b'1', 2140, 'PUMAHUASI ', '4651', 3883),
(3902, b'1', 2141, 'YAVI ', '4651', 3883),
(3903, b'1', 2142, 'PASAJES', '4651', 3883),
(3904, b'1', 2143, 'SURIPUJIO ', '4651', 3883),
(3905, b'1', 2144, 'TAFNA ', '4651', 3883),
(3906, b'1', 2145, 'TOQUERO ', '4651', 3883),
(3907, b'1', 2146, 'RODEO ', '4651', 3883),
(3908, b'1', 2147, 'MULLI PUNCO ', '4651', 3883),
(3909, b'1', 2148, 'SOL DE MAYO', '4651', 3883),
(3910, b'1', 2149, 'PIEDRA NEGRA ', '4651', 3883),
(3911, b'1', 2150, 'PUNTA DE AGUA ', '4651', 3883),
(3912, b'1', 2151, 'RINCON DE CAJAS ', '4651', 3883),
(3913, b'1', 2152, 'YAVI CHICO ', '4651', 3883),
(3914, b'1', 5760, 'SIN INFORMAR', '4651', 3883),
(3917, b'1', 6217, 'SIN INFORMAR', '0', 3916),
(3919, b'1', 2153, 'DOBLAS ', '6305', 3918),
(3920, b'1', 2154, 'MACACHIN ', '6307', 3918),
(3921, b'1', 2155, 'MIGUEL RIGLOS ', '6301', 3918),
(3922, b'1', 2156, 'ROLON ', '6305', 3918),
(3923, b'1', 2157, 'TOMAS MANUEL DE ANCHORENA', '6301', 3918),
(3924, b'1', 5761, 'SIN INFORMAR', '6307', 3918),
(3926, b'1', 2158, 'LA ADELA ', '8134', 3925),
(3927, b'1', 2159, 'ANZOATEGUI ', '8138', 3925),
(3928, b'1', 5762, 'SIN INFORMAR', '8138', 3925),
(3930, b'1', 2160, 'SANTA ROSA', '6300', 3929),
(3931, b'1', 2161, 'ANGUIL ', '6326', 3929),
(3932, b'1', 5763, 'SIN INFORMAR', '6300', 3929),
(3934, b'1', 2162, 'CATRILO ', '6330', 3933),
(3935, b'1', 2163, 'LONQUIMAY ', '6352', 3933),
(3936, b'1', 2164, 'URIBURU ', '6354', 3933),
(3937, b'1', 2165, 'LA GLORIA', '6348', 3933),
(3938, b'1', 2166, 'CAYUPAN', '6330', 3933),
(3939, b'1', 2167, 'IVANOWSKY', '6330', 3933),
(3940, b'1', 5764, 'SIN INFORMAR', '6330', 3933),
(3942, b'1', 2168, 'SANTA ISABEL', '6323', 3941),
(3943, b'1', 5765, 'SIN INFORMAR', '6323', 3941),
(3945, b'1', 2169, 'BERNARDO LARROUDE ', '6220', 3944),
(3946, b'1', 2170, 'CEBALLOS ', '6221', 3944),
(3947, b'1', 2171, 'CORONEL HILARIO LAGOS ', '6228', 3944),
(3948, b'1', 2172, 'INTENDENTE ALVEAR ', '6221', 3944),
(3949, b'1', 2173, 'SARAH ', '6228', 3944),
(3950, b'1', 2174, 'VERTIZ ', '6365', 3944),
(3951, b'1', 5766, 'SIN INFORMAR', '6212', 3944),
(3953, b'1', 2175, 'ALGARROBO DEL AGUILA ', '6323', 3952),
(3954, b'1', 2176, 'LA HUMADA', '6323', 3952),
(3955, b'1', 5767, 'SIN INFORMAR', '6323', 3952),
(3957, b'1', 2177, 'CONHELO ', '6381', 3956),
(3958, b'1', 2178, 'EDUARDO CASTEX ', '6380', 3956),
(3959, b'1', 2179, 'MAURICIO MAYER ', '6331', 3956),
(3960, b'1', 2180, 'MONTE NIEVAS ', '6383', 3956),
(3961, b'1', 2181, 'RUCANELO ', '6381', 3956),
(3962, b'1', 2182, 'WINIFREDA ', '6313', 3956),
(3963, b'1', 5768, 'SIN INFORMAR', '6381', 3956),
(3965, b'1', 2183, 'GOBERNADOR DUVAL ', '8336', 3964),
(3966, b'1', 2184, 'PUELCHES ', '8201', 3964),
(3967, b'1', 5769, 'SIN INFORMAR', '8336', 3964),
(3969, b'1', 2185, 'ALPACHIRI ', '6309', 3968),
(3970, b'1', 2186, 'GENERAL MANUEL CAMPOS ', '6309', 3968),
(3971, b'1', 2187, 'GUATRACHE ', '6311', 3968),
(3972, b'1', 2188, 'PERU ', '8212', 3968),
(3973, b'1', 2189, 'SANTA TERESA ', '6311', 3968),
(3974, b'1', 5770, 'SIN INFORMAR', '6311', 3968),
(3976, b'1', 2190, 'ABRAMO ', '8208', 3975),
(3977, b'1', 2191, 'BERNASCONI ', '8204', 3975),
(3978, b'1', 2192, 'GENERAL SAN MARTIN ', '8206', 3975),
(3979, b'1', 2193, 'JACINTO ARAUZ ', '8208', 3975),
(3980, b'1', 5771, 'SIN INFORMAR', '8212', 3975),
(3982, b'1', 2194, 'CUCHILLO-CO ', '8201', 3981),
(3983, b'1', 5772, 'SIN INFORMAR', '8201', 3981),
(3985, b'1', 2195, 'LA REFORMA ', '8201', 3984),
(3986, b'1', 2196, 'LIMAY MAHUIDA', '8201', 3984),
(3987, b'1', 5773, 'SIN INFORMAR', '8201', 3984),
(3989, b'1', 2197, 'CARRO QUEMADO ', '6317', 3988),
(3990, b'1', 2198, 'LOVENTUE ', '6317', 3988),
(3991, b'1', 2199, 'LUAN TORO ', '6317', 3988),
(3992, b'1', 2200, 'TELEN ', '6321', 3988),
(3993, b'1', 2201, 'VICTORICA ', '6319', 3988),
(3994, b'1', 5774, 'SIN INFORMAR', '6317', 3988),
(3996, b'1', 2202, 'AGUSTONI ', '6361', 3995),
(3997, b'1', 2203, 'DORILA ', '6365', 3995),
(3998, b'1', 2204, 'GENERAL PICO ', '6360', 3995),
(3999, b'1', 2205, 'SPELUZZI ', '6365', 3995),
(4000, b'1', 2206, 'TREBOLARES ', '6361', 3995),
(4001, b'1', 5775, 'SIN INFORMAR', '6360', 3995),
(4003, b'1', 2207, 'PUELEN ', '8201', 4002),
(4004, b'1', 2208, '25 DE MAYO ', '8201', 4002),
(4005, b'1', 2209, 'CASA DE PIEDRA ', '8201', 4002),
(4006, b'1', 5776, 'SIN INFORMAR', '8201', 4002),
(4008, b'1', 2210, 'COLONIA BARON ', '6315', 4007),
(4009, b'1', 2211, 'MIGUEL CANE ', '6331', 4007),
(4010, b'1', 2212, 'QUEMU QUEMU ', '6333', 4007),
(4011, b'1', 2213, 'RELMO ', '6331', 4007),
(4012, b'1', 2214, 'VILLA MIRASOL ', '6315', 4007),
(4013, b'1', 2215, 'COLONIA SAN JOSE ', '6315', 4007),
(4014, b'1', 5777, 'SIN INFORMAR', '6333', 4007),
(4016, b'1', 2216, 'CALEUFU ', '6387', 4015),
(4017, b'1', 2217, 'LA MARUJA ', '6385', 4015),
(4018, b'1', 2218, 'PARERA ', '6213', 4015),
(4019, b'1', 2219, 'PICHI HUINCA ', '6385', 4015),
(4020, b'1', 2220, 'QUETREQUEN ', '6312', 4015),
(4021, b'1', 2221, 'RANCUL ', '6314', 4015),
(4022, b'1', 2222, 'INGENIERO FOSTER ', '6385', 4015),
(4023, b'1', 5778, 'SIN INFORMAR', '6214', 4015),
(4025, b'1', 2223, 'ADOLFO VAN PRAET ', '6212', 4024),
(4026, b'1', 2224, 'ALTA ITALIA ', '6207', 4024),
(4027, b'1', 2225, 'MAISONNAVE ', '6212', 4024),
(4028, b'1', 2226, 'EMBAJADOR MARTINI ', '6205', 4024),
(4029, b'1', 2227, 'FALUCHO ', '6201', 4024),
(4030, b'1', 2228, 'INGENIERO LUIGGI ', '6205', 4024),
(4031, b'1', 2229, 'REALICO ', '6200', 4024),
(4032, b'1', 5779, 'SIN INFORMAR', '6200', 4024),
(4034, b'1', 2230, 'PAVON ARRIBA', '6303', 4033),
(4035, b'1', 5780, 'SIN INFORMAR', '6303', 4033),
(4036, b'1', 6321, 'TOAY', '6303', 4033),
(4037, b'1', 6322, 'NAICO', '6325', 4033),
(4039, b'1', 2231, 'ARATA ', '6385', 4038),
(4040, b'1', 2232, 'METILEO ', '6367', 4038),
(4041, b'1', 2233, 'TRENEL ', '6369', 4038),
(4042, b'1', 5781, 'SIN INFORMAR', '6369', 4038),
(4044, b'1', 2234, 'TRAHUNCURA', '8351', 4043),
(4045, b'1', 2235, 'CHACHARRAMENDI ', '8201', 4043),
(4046, b'1', 2236, 'PEYRANO', '8201', 4043),
(4047, b'1', 2237, 'GENERAL ACHA ', '8200', 4043),
(4048, b'1', 2238, 'QUEHUE ', '8203', 4043),
(4049, b'1', 2239, 'UNANUE', '5200', 4043),
(4050, b'1', 5782, 'SIN INFORMAR', '8200', 4043),
(4051, b'1', 6319, 'ATALIVA ROCA', '6301', 4043),
(4052, b'1', 6320, 'COLONIA SANTA MARIA', '6535', 4043),
(4055, b'1', 6218, 'SIN INFORMAR', '0', 4054),
(4057, b'1', 1743, 'AIMOGASTA ', '5310', 4056),
(4058, b'1', 1744, 'ARAUCO ', '5310', 4056),
(4059, b'1', 1745, 'BAÑADO DE LOS PANTANOS ', '5310', 4056),
(4060, b'1', 1746, 'ESTACION MAZAN ', '5310', 4056),
(4061, b'1', 1747, 'MACHIGASTA ', '5310', 4056),
(4062, b'1', 1748, 'TERMAS DE SANTA TERESITA ', '5310', 4056),
(4063, b'1', 1749, 'UDPINANGO ', '5310', 4056),
(4064, b'1', 1750, 'VILLA MAZAN ', '5310', 4056),
(4065, b'1', 1751, 'SAN ANTONIO ', '5310', 4056),
(4066, b'1', 5727, 'SIN INFORMAR', '5310', 4056),
(4068, b'1', 1752, 'AZAN', '5361', 4067),
(4069, b'1', 1753, 'CARRIZAL', '5361', 4067),
(4070, b'1', 1754, 'CEBOLLAR', '5300', 4067),
(4071, b'1', 1755, 'EL ESTANQUITO', '5361', 4067),
(4072, b'1', 1756, 'EL MEDANO', '5361', 4067),
(4073, b'1', 1757, 'EL QUEMADO', '5361', 4067),
(4074, b'1', 1758, 'LA RAMADITA', '5361', 4067),
(4075, b'1', 1759, 'SAN ANTONIO', '5361', 4067),
(4076, b'1', 1760, 'SAN JAVIER', '5361', 4067),
(4077, b'1', 1761, 'SAN JUAN', '5361', 4067),
(4078, b'1', 1762, 'SAN LORENZO', '5361', 4067),
(4079, b'1', 1763, 'SIERRA BRAVA', '5361', 4067),
(4080, b'1', 1764, 'TALAMUYUNA', '5304', 4067),
(4081, b'1', 1765, 'TRAMPA DEL TIGRE', '5361', 4067),
(4082, b'1', 1766, 'LA RIOJA', '5361', 4067),
(4083, b'1', 5728, 'SIN INFORMAR', '5361', 4067),
(4085, b'1', 1767, 'AMINGA ', '5301', 4084),
(4086, b'1', 1768, 'ANILLACO ', '5301', 4084),
(4087, b'1', 1769, 'ANJULLON ', '5301', 4084),
(4088, b'1', 1770, 'CHUQUIS ', '5301', 4084),
(4089, b'1', 1771, 'LAS PEÑAS ', '5301', 4084),
(4090, b'1', 1772, 'LOS MOLINOS ', '5301', 4084),
(4091, b'1', 1773, 'PINCHAS ', '5301', 4084),
(4092, b'1', 1774, 'SAN PEDRO ', '5301', 4084),
(4093, b'1', 1775, 'SANTA VERA CRUZ ', '5301', 4084),
(4094, b'1', 5729, 'SIN INFORMAR', '5301', 4084),
(4096, b'1', 1776, 'BELLA VISTA ', '5380', 4095),
(4097, b'1', 1777, 'ESPERANZA DE LOS CERRILLOS ', '5380', 4095),
(4098, b'1', 1778, 'ESQUINA DEL NORTE ', '5380', 4095),
(4099, b'1', 1779, 'LA AGUADITA ', '5380', 4095),
(4100, b'1', 1780, 'SANTA BARBARA ', '5380', 4095),
(4101, b'1', 1781, 'SANTA RITA DE LA ZANJA ', '5380', 4095),
(4102, b'1', 1782, 'CHAMICAL ', '5380', 4095),
(4103, b'1', 1783, 'POLCO ', '5380', 4095),
(4104, b'1', 5730, 'SIN INFORMAR', '5380', 4095),
(4106, b'1', 1784, 'CHILECITO ', '5360', 4105),
(4107, b'1', 1785, 'ANGUINAN ', '5360', 4105),
(4108, b'1', 1786, 'SAN MIGUEL ', '5360', 4105),
(4109, b'1', 1787, 'LA PUNTILLA ', '5360', 4105),
(4110, b'1', 1788, 'NONOGASTA ', '5360', 4105),
(4111, b'1', 1789, 'VICHIGASTA ', '5360', 4105),
(4112, b'1', 1790, 'SAÑOGASTA ', '5360', 4105),
(4113, b'1', 1791, 'MALLIGASTA ', '5360', 4105),
(4114, b'1', 1792, 'COLONIA MALLIGASTA ', '5360', 4105),
(4115, b'1', 1793, 'TILIMUQUI ', '5360', 4105),
(4116, b'1', 1794, 'COLONIA VICHIGASTA ', '5360', 4105),
(4117, b'1', 1795, 'MIRANDA ', '5360', 4105),
(4118, b'1', 1796, 'GUANCHIN ', '5360', 4105),
(4119, b'1', 1797, 'COLONIA ANGUINAN ', '5360', 4105),
(4120, b'1', 1798, 'SAN NICOLAS ', '5360', 4105),
(4121, b'1', 1799, 'SANTA FLORENTINA ', '5360', 4105),
(4122, b'1', 1800, 'COLONIA CATINZACO ', '5360', 4105),
(4123, b'1', 1801, 'CATINZACO ', '5360', 4105),
(4124, b'1', 1802, 'LA MEJICANITA ', '5360', 4105),
(4125, b'1', 5731, 'SIN INFORMAR', '5360', 4105),
(4127, b'1', 1803, 'AICUÑA ', '5353', 4126),
(4128, b'1', 1804, 'BANDA FLORIDA ', '5353', 4126),
(4129, b'1', 1805, 'GUANDACOL ', '5353', 4126),
(4130, b'1', 1806, 'LOS TAMBILLOS ', '5353', 4126),
(4131, b'1', 1807, 'PAGANCILLO ', '5353', 4126),
(4132, b'1', 1808, 'PUERTO ALEGRE ', '5353', 4126),
(4133, b'1', 1809, 'SANTA CLARA ', '5353', 4126),
(4134, b'1', 1810, 'VILLA UNION ', '5353', 4126),
(4135, b'1', 5732, 'SIN INFORMAR', '5353', 4126),
(4137, b'1', 1811, 'FAMATINA ', '5361', 4136),
(4138, b'1', 1812, 'ALTO CARRIZAL ', '5361', 4136),
(4139, b'1', 1813, 'ANGULOS ', '5361', 4136),
(4140, b'1', 1814, 'ANTINACO ', '5361', 4136),
(4141, b'1', 1815, 'CAMPANAS ', '5361', 4136),
(4142, b'1', 1816, 'CHAÑARMUYO ', '5361', 4136),
(4143, b'1', 1817, 'LA CUADRA ', '5361', 4136),
(4144, b'1', 1818, 'PITUIL ', '5361', 4136),
(4145, b'1', 1819, 'PLAZA VIEJA ', '5361', 4136),
(4146, b'1', 1820, 'PAVON ARRIBA', '5361', 4136),
(4147, b'1', 5733, 'SIN INFORMAR', '5361', 4136),
(4149, b'1', 1821, 'CHILA ', '5385', 4148),
(4150, b'1', 1822, 'PUNTA DE LOS LLANOS ', '5385', 4148),
(4151, b'1', 1823, 'SIERRA DE LOS QUINTEROS ', '5385', 4148),
(4152, b'1', 1824, 'TRAHUNCURA', '8351', 4148),
(4153, b'1', 5734, 'SIN INFORMAR', '5385', 4148),
(4155, b'1', 1825, 'CORTADERAS ', '5276', 4154),
(4156, b'1', 1826, 'PEYRANO', '5276', 4154),
(4157, b'1', 1827, 'MONTE GRANDE ', '5276', 4154),
(4158, b'1', 1828, 'SAN RAMON ', '5276', 4154),
(4159, b'1', 1829, 'SIMBOLAR ', '5200', 4154),
(4160, b'1', 1830, 'OLTA ', '5276', 4154),
(4161, b'1', 1831, 'CHAÑAR ', '5276', 4154),
(4162, b'1', 1832, 'LOMA BLANCA ', '5276', 4154),
(4163, b'1', 5735, 'SIN INFORMAR', '5276', 4154),
(4165, b'1', 1833, 'PORTEZUELO ', '5385', 4164),
(4166, b'1', 1834, 'MALANZAN ', '5385', 4164),
(4167, b'1', 1835, 'NACATE ', '5385', 4164),
(4168, b'1', 1836, 'SAN ANTONIO ', '5385', 4164),
(4169, b'1', 1837, 'VILLA LA ANGOSTURA', '8407', 4164),
(4170, b'1', 5736, 'SIN INFORMAR', '5385', 4164),
(4172, b'1', 1838, 'EL CONDADO ', '5355', 4171),
(4173, b'1', 1839, 'RIVADAVIA ', '5355', 4171),
(4174, b'1', 5737, 'SIN INFORMAR', '5355', 4171),
(4176, b'1', 1840, 'AMBIL ', '5475', 4175),
(4177, b'1', 1841, 'COLONIA ORTIZ DE OCAMPO ', '5475', 4175),
(4178, b'1', 1842, 'MILAGRO ', '5475', 4175),
(4179, b'1', 1843, 'OLPAS ', '5475', 4175),
(4180, b'1', 1844, 'VILLA SANTA RITA DE CATUNA ', '5475', 4175),
(4181, b'1', 1845, 'EL FRAILE ', '5475', 4175),
(4182, b'1', 1846, 'LOS AGUIRRES ', '5475', 4175),
(4183, b'1', 1847, 'LOS ALANICES  ', '5475', 4175),
(4184, b'1', 5738, 'SIN INFORMAR', '5475', 4175),
(4186, b'1', 1848, 'BAJO HONDO ', '5473', 4185),
(4187, b'1', 1849, 'CORRAL DE ISAAC ', '5473', 4185),
(4188, b'1', 1850, 'CUATRO ESQUINAS ', '5473', 4185),
(4189, b'1', 1851, 'EL CALDEN ', '5473', 4185),
(4190, b'1', 1852, 'SAN SOLANO ', '5473', 4185),
(4191, b'1', 1853, 'ULAPES ', '5473', 4185),
(4192, b'1', 5739, 'SIN INFORMAR', '5473', 4185),
(4194, b'1', 1854, 'AMANA ', '5386', 4193),
(4195, b'1', 1855, 'PATQUIA ', '5386', 4193),
(4196, b'1', 1856, 'LOS COLORADOS ', '5386', 4193),
(4197, b'1', 1857, 'PAGANZO  ', '5386', 4193),
(4198, b'1', 5740, 'SIN INFORMAR', '5386', 4193),
(4200, b'1', 1858, 'GENERAL MOSCONI', '5470', 4199),
(4201, b'1', 1859, 'DESIDERIO TELLO ', '5470', 4199),
(4202, b'1', 1860, 'RIO MAYO ', '2594', 4199),
(4203, b'1', 1861, 'MASCASIN ', '5470', 4199),
(4204, b'1', 1862, 'ÑOQUEVE ', '5470', 4199),
(4205, b'1', 1863, 'EL TALA ', '5470', 4199),
(4206, b'1', 1864, 'VALLE HERMOSO ', '5470', 4199),
(4207, b'1', 1865, 'LAS TOSCAS ', '5470', 4199),
(4208, b'1', 1866, 'SAN ISIDRO ', '5470', 4199),
(4209, b'1', 1867, 'AGUA BLANCA ', '5470', 4199),
(4210, b'1', 1868, 'LAS JARILLAS  ', '5470', 4199),
(4211, b'1', 5741, 'SIN INFORMAR', '5470', 4199),
(4212, b'1', 6304, 'CHEPES', '5470', 4199),
(4214, b'1', 1869, 'ALPASINCHE ', '5329', 4213),
(4215, b'1', 1870, 'AMUSCHINA ', '5329', 4213),
(4216, b'1', 1871, 'ANDOLUCAS ', '5329', 4213),
(4217, b'1', 1872, 'CHAUPIHUASI ', '5329', 4213),
(4218, b'1', 1873, 'CUIPAN ', '2587', 4213),
(4219, b'1', 1874, 'LAS TALAS ', '2594', 4213),
(4220, b'1', 1875, 'LOS ROBLES ', '5329', 4213),
(4221, b'1', 1876, 'SALICAS ', '5329', 4213),
(4222, b'1', 1877, 'SAN BLAS ', '5329', 4213),
(4223, b'1', 1878, 'SHAQUI ', '5329', 4213),
(4224, b'1', 1879, 'SURIYACO ', '5329', 4213),
(4225, b'1', 1880, 'TUYUBIL ', '5329', 4213),
(4226, b'1', 5742, 'SIN INFORMAR', '5329', 4213),
(4228, b'1', 1881, 'VILLA SANAGASTA ', '5301', 4227),
(4229, b'1', 1882, 'ALTA GRACIA ', '5301', 4227),
(4230, b'1', 1883, 'HUACO ', '5301', 4227),
(4231, b'1', 1884, 'VILLA BUSTOS  ', '5301', 4227),
(4232, b'1', 5743, 'SIN INFORMAR', '5301', 4227),
(4234, b'1', 1885, 'JAGüE ', '5359', 4233),
(4235, b'1', 1886, 'VILLA SAN JOSE DE VINCHINA ', '5359', 4233),
(4236, b'1', 1887, 'LA BANDA ', '5359', 4233),
(4237, b'1', 1888, 'POTRERO GRANDE  ', '5359', 4233),
(4238, b'1', 5744, 'SIN INFORMAR', '5359', 4233),
(4241, b'1', 5381, 'ALVEAR OESTE', '5632', 4240),
(4242, b'1', 5382, 'BOWEN', '5634', 4240),
(4243, b'1', 5383, 'GENERAL ALVEAR', '5620', 4240),
(4244, b'1', 5384, 'SAN PEDRO DEL ATUEL', '5621', 4240),
(4245, b'1', 5935, 'SIN INFORMAR', '5620', 4240),
(4247, b'1', 5385, 'GOBERNADOR BENEGAS', '5544', 4246),
(4248, b'1', 5386, 'GODOY CRUZ', '5501', 4246),
(4249, b'1', 5387, 'LAS TORTUGAS', '5544', 4246),
(4250, b'1', 5388, 'PRESIDENTE SARMIENTO', '5547', 4246),
(4251, b'1', 5389, 'SAN FRANCISCO DEL MONTE', '5503', 4246),
(4252, b'1', 5936, 'SIN INFORMAR', '5501', 4246),
(4254, b'1', 5390, 'BELGRANO', '5519', 4253),
(4255, b'1', 5391, 'EL BERMEJO', '5533', 4253),
(4256, b'1', 5392, 'BUENA NUEVA', '5523', 4253),
(4257, b'1', 5393, 'CAPILLA DEL ROSARIO', '5523', 4253),
(4258, b'1', 5394, 'COLONIA SEGOVIA', '5533', 4253),
(4259, b'1', 5395, 'DORREGO', '5519', 4253),
(4260, b'1', 5396, 'EL SAUCE', '5533', 4253),
(4261, b'1', 5397, 'JESUS NAZARENO', '5503', 4253),
(4262, b'1', 5398, 'KILOMETRO 8', '5525', 4253),
(4263, b'1', 5399, 'KILOMETRO 11', '5525', 4253),
(4264, b'1', 5400, 'LA PRIMAVERA', '5527', 4253),
(4265, b'1', 5401, 'LAS CAÑAS', '5519', 4253),
(4266, b'1', 5402, 'LOS CORRALITOS', '5527', 4253),
(4267, b'1', 5403, 'NUEVA CIUDAD', '5519', 4253),
(4268, b'1', 5404, 'PEDRO MOLINA', '5519', 4253),
(4269, b'1', 5405, 'PUENTE DE HIERRO', '5527', 4253),
(4270, b'1', 5406, 'RODEO DE LA CRUZ', '5525', 4253),
(4271, b'1', 5407, 'SAN FRANCISCO DEL MONTE', '5503', 4253),
(4272, b'1', 5408, 'SAN JOSE', '5519', 4253),
(4273, b'1', 5409, 'VILLA NUEVA', '5521', 4253),
(4274, b'1', 5937, 'SIN INFORMAR', '5519', 4253),
(4276, b'1', 5410, 'DISTRITO DE ALGARROBO GRANDE', '5579', 4275),
(4277, b'1', 5411, 'DISTRITO DE ALTO VERDE', '5582', 4275),
(4278, b'1', 5412, 'DISTRITO DE INGENIERO GIAGNONI', '5582', 4275),
(4279, b'1', 5413, 'JUNIN', '5573', 4275),
(4280, b'1', 5414, 'LA COLONIA', '5570', 4275),
(4281, b'1', 5415, 'DISTRITO DE LOS BARRIALES', '5585', 4275),
(4282, b'1', 5416, 'MEDRANO', '5585', 4275),
(4283, b'1', 5417, 'DISTRITO DE MUNDO NUEVO', '5579', 4275),
(4284, b'1', 5418, 'DISTRITO DE PHILLIPS', '5579', 4275),
(4285, b'1', 5419, 'RODRIGUEZ PEÑA', '5585', 4275),
(4286, b'1', 5938, 'SIN INFORMAR', '5573', 4275),
(4288, b'1', 5420, 'CADETES DE CHILE', '5590', 4287),
(4289, b'1', 5421, 'DESAGUADERO', '5598', 4287),
(4290, b'1', 5422, 'LAS CHACRITAS', '5590', 4287),
(4291, b'1', 5423, 'LA GLORIOSA', '5590', 4287),
(4292, b'1', 5424, 'VILLA ANTIGUA', '5590', 4287),
(4293, b'1', 5425, 'VILLA CABECERA', '5590', 4287),
(4294, b'1', 5939, 'SIN INFORMAR', '5590', 4287),
(4296, b'1', 5426, 'CAPDEVILLA', '5543', 4295),
(4297, b'1', 5427, 'LA CIENEGUITA', '5539', 4295),
(4298, b'1', 5428, 'EL ALGARROBAL', '5541', 4295),
(4299, b'1', 5429, 'EL BORBOLLON', '5541', 4295),
(4300, b'1', 5430, 'EL CHALLAO', '5539', 4295),
(4301, b'1', 5431, 'EL PASTAL', '5539', 4295),
(4302, b'1', 5432, 'EL PLUMERILLO', '5539', 4295),
(4303, b'1', 5433, 'EL RESGUARDO', '5539', 4295),
(4304, b'1', 5434, 'EL ZAPALLAR', '5539', 4295),
(4305, b'1', 5435, 'LAS CUEVAS', '5555', 4295),
(4306, b'1', 5436, 'LAS HERAS', '5539', 4295),
(4307, b'1', 5437, 'PANQUEHUA', '5539', 4295),
(4308, b'1', 5438, 'PENITENTES', '5549', 4295),
(4309, b'1', 5439, 'SIERRAS DE ENCALADA', '5549', 4295),
(4310, b'1', 5440, 'USPALLATA', '5545', 4295),
(4311, b'1', 5940, 'SIN INFORMAR', '5539', 4295),
(4313, b'1', 5441, 'COSTA DE ARAUJO', '5535', 4312),
(4314, b'1', 5442, 'EL CARMEN', '5535', 4312),
(4315, b'1', 5443, 'EL CHILCAL', '5533', 4312),
(4316, b'1', 5444, 'EL PLUMERO', '5533', 4312),
(4317, b'1', 5445, 'EL VERGEL', '5533', 4312),
(4318, b'1', 5446, 'GUSTAVO ANDRE', '5535', 4312),
(4319, b'1', 5447, 'JOCOLI', '5543', 4312),
(4320, b'1', 5448, 'JOCOLI VIEJO', '5533', 4312),
(4321, b'1', 5449, 'LA ASUNCION', '5535', 4312),
(4322, b'1', 5450, 'LA HOLANDA', '5535', 4312),
(4323, b'1', 5451, 'LA PALMERA', '5533', 4312),
(4324, b'1', 5452, 'LA PEGA', '5533', 4312),
(4325, b'1', 5453, 'LAS VIOLETAS', '5533', 4312),
(4326, b'1', 5454, 'LAGUNAS DEL ROSARIO', '5535', 4312),
(4327, b'1', 5455, 'PARAMILLO', '5535', 4312),
(4328, b'1', 5456, 'SAN FRANCISCO', '5533', 4312),
(4329, b'1', 5457, 'SAN JOSE', '5535', 4312),
(4330, b'1', 5458, 'PAVON ARRIBA', '5533', 4312),
(4331, b'1', 5941, 'SIN INFORMAR', '5533', 4312),
(4332, b'1', 6280, 'TRES DE MAYO', NULL, 4312),
(4333, b'1', 6289, 'COLONIA ITALIA', NULL, 4312),
(4334, b'1', 6290, 'ALTO DEL OLIVO', NULL, 4312),
(4335, b'1', 6291, 'EL RETIRO', NULL, 4312),
(4336, b'1', 6292, 'LA BAJADA', NULL, 4312),
(4337, b'1', 6293, 'LOS SAUCES', '8351', 4312),
(4338, b'1', 6294, 'OSCAR MENDOZA', NULL, 4312),
(4339, b'1', 6295, 'VILLA TULUMAYA', NULL, 4312),
(4340, b'1', 6296, 'SAN MIGUEL', NULL, 4312),
(4342, b'1', 5459, 'AGRELO', '5509', 4341),
(4343, b'1', 5460, 'CACHEUTA', '5549', 4341),
(4344, b'1', 5461, 'CARRODILLA', '5503', 4341),
(4345, b'1', 5462, 'TRAHUNCURA', '8351', 4341),
(4346, b'1', 5463, 'EL CARRIZAL', '5509', 4341),
(4347, b'1', 5464, 'PEYRANO', '5507', 4341),
(4348, b'1', 5465, 'LA PUNTILLA', '5505', 4341),
(4349, b'1', 5466, 'LAS COMPUERTAS', '5549', 4341),
(4350, b'1', 5467, 'LUJAN DE CUYO', '5200', 4341),
(4351, b'1', 5468, 'MAYOR DRUMMOND', '5507', 4341),
(4352, b'1', 5469, 'PERDRIEL', '5509', 4341),
(4353, b'1', 5470, 'POTRERILLOS', '5549', 4341),
(4354, b'1', 5471, 'UGARTECHE', '5509', 4341),
(4355, b'1', 5472, 'VISTALBA', '5509', 4341),
(4356, b'1', 5942, 'SIN INFORMAR', '5509', 4341),
(4357, b'1', 6275, 'CHACRAS DE CORIA', NULL, 4341),
(4359, b'1', 5473, 'COQUIMBITO', '5513', 4358),
(4360, b'1', 5474, 'CRUZ DE PIEDRA', '5517', 4358),
(4361, b'1', 5475, 'VILLA LA ANGOSTURA', '8407', 4358),
(4362, b'1', 5476, 'GENERAL GUTIERREZ', '5511', 4358),
(4363, b'1', 5477, 'GENERAL ORTEGA', '5517', 4358),
(4364, b'1', 5478, 'BARRANCAS', '5517', 4358),
(4365, b'1', 5479, 'LUNLUNTA', '5517', 4358),
(4366, b'1', 5480, 'LUZURIAGA', '5513', 4358),
(4367, b'1', 5481, 'MAIPU', '5515', 4358),
(4368, b'1', 5482, 'RODEO DEL MEDIO', '5529', 4358),
(4369, b'1', 5483, 'RUSSELL', '5517', 4358),
(4370, b'1', 5484, 'SAN ROQUE', '5587', 4358),
(4371, b'1', 5943, 'SIN INFORMAR', '5515', 4358),
(4372, b'1', 6276, 'FRAY LUIS BELTRAN', NULL, 4358),
(4374, b'1', 5485, 'AGUA ESCONDIDA', '5621', 4373),
(4375, b'1', 5486, 'MALARGüE', '5613', 4373),
(4376, b'1', 5487, 'RIO BARRANCAS', '5613', 4373),
(4377, b'1', 5488, 'RIO GRANDE', '5613', 4373),
(4378, b'1', 5944, 'SIN INFORMAR', '5613', 4373),
(4380, b'1', 5489, 'ANDRADE', '5579', 4379),
(4381, b'1', 5490, 'EL MIRADOR', '5579', 4379),
(4382, b'1', 5491, 'LA CENTRAL', '5579', 4379),
(4383, b'1', 5492, 'LA LIBERTAD', '5579', 4379),
(4384, b'1', 5493, 'LOS ARBOLES', '5579', 4379),
(4385, b'1', 5494, 'LOS CAMPAMENTOS', '5579', 4379),
(4386, b'1', 5495, 'LOS HUARPES', '5579', 4379),
(4387, b'1', 5496, 'GENERAL MOSCONI', '5585', 4379),
(4388, b'1', 5497, 'MUNDO NUEVO', '5579', 4379),
(4389, b'1', 5498, 'RIO MAYO ', '2594', 4379),
(4390, b'1', 5499, 'RIVADAVIA', '5577', 4379),
(4391, b'1', 5500, 'SANTA MARIA DE ORO', '5579', 4379),
(4392, b'1', 5501, 'SAN ISIDRO', '5577', 4379),
(4393, b'1', 5945, 'SIN INFORMAR', '5577', 4379),
(4394, b'1', 6299, 'MEDRANO', NULL, 4379),
(4396, b'1', 5502, 'CHILECITO', '5569', 4395),
(4397, b'1', 5503, 'EUGENIO BUSTOS', '5569', 4395),
(4398, b'1', 5504, 'LA CONSULTA', '5567', 4395),
(4399, b'1', 5505, 'PAREDITAS', '5569', 4395),
(4400, b'1', 5506, 'TRES ESQUINAS', '5569', 4395),
(4401, b'1', 5507, 'VILLA SAN CARLOS', '5569', 4395),
(4402, b'1', 5946, 'SIN INFORMAR', '5569', 4395),
(4404, b'1', 5508, 'ALTO SALVADOR', '5571', 4403),
(4405, b'1', 5509, 'ALTO VERDE', '5582', 4403),
(4406, b'1', 5510, 'BUEN ORDEN', '5582', 4403),
(4407, b'1', 5511, 'CHAPANAY', '2587', 4403),
(4408, b'1', 5512, 'CHIVILCOY', '2594', 4403),
(4409, b'1', 5513, 'EL CENTRAL', '5589', 4403),
(4410, b'1', 5514, 'EL DIVISADERO', '5589', 4403),
(4411, b'1', 5515, 'EL ESPINO', '5571', 4403),
(4412, b'1', 5516, 'EL RAMBLON', '5571', 4403),
(4413, b'1', 5517, 'LAS CHIMBAS', '5589', 4403),
(4414, b'1', 5518, 'MONTECASEROS', '5571', 4403),
(4415, b'1', 5519, 'NUEVA CALIFORNIA', '5535', 4403),
(4416, b'1', 5520, 'PALMIRA', '5584', 4403),
(4417, b'1', 5521, 'SAN MARTIN', '5570', 4403),
(4418, b'1', 5522, 'TRES PORTEÑAS', '5589', 4403),
(4419, b'1', 5947, 'SIN INFORMAR', '5570', 4403),
(4421, b'1', 5523, 'CAÑADA SECA', '5603', 4420),
(4422, b'1', 5524, 'CUADRO BENEGAS', '5603', 4420),
(4423, b'1', 5525, 'CUADRO NACIONAL', '5607', 4420),
(4424, b'1', 5526, 'EL CERRITO', '5600', 4420),
(4425, b'1', 5527, 'EL SOSNEADO', '5611', 4420),
(4426, b'1', 5528, 'EL NIHUIL', '5605', 4420),
(4427, b'1', 5529, 'GOUDGE', '5603', 4420),
(4428, b'1', 5530, 'JAIME PRATS', '5623', 4420),
(4429, b'1', 5531, 'LA LLAVE', '5603', 4420),
(4430, b'1', 5532, 'LAS MALVINAS', '5605', 4420),
(4431, b'1', 5533, 'LAS PAREDES', '5601', 4420),
(4432, b'1', 5534, 'MONTE COMAN', '5609', 4420),
(4433, b'1', 5535, 'PUNTA DE AGUA', '5621', 4420),
(4434, b'1', 5536, 'RAMA CAIDA', '5603', 4420),
(4435, b'1', 5537, 'REAL DEL PADRE', '5624', 4420),
(4436, b'1', 5538, 'SAN RAFAEL', '5600', 4420),
(4437, b'1', 5539, 'VEINTICINCO DE MAYO', '5615', 4420),
(4438, b'1', 5540, 'VILLA ATUEL', '5622', 4420),
(4439, b'1', 5948, 'SIN INFORMAR', '5600', 4420),
(4441, b'1', 5541, '12 DE OCTUBRE', '5594', 4440),
(4442, b'1', 5542, 'LA DORMIDA', '5592', 4440),
(4443, b'1', 5543, 'LAS CATITAS', '5594', 4440),
(4444, b'1', 5544, 'ÑACUÑAN', '5594', 4440),
(4445, b'1', 5545, 'SANTA ROSA', '5594', 4440),
(4446, b'1', 5949, 'SIN INFORMAR', '5594', 4440),
(4448, b'1', 5546, 'CAMPO DE LOS ANDES', '5565', 4447),
(4449, b'1', 5547, 'COLONIA LAS ROSAS', '5565', 4447),
(4450, b'1', 5548, 'EL ALGARROBO', '5563', 4447),
(4451, b'1', 5549, 'EL TOTORAL', '5560', 4447),
(4452, b'1', 5550, 'LA PRIMAVERA', '5565', 4447),
(4453, b'1', 5551, 'LAS PINTADAS', '5565', 4447),
(4454, b'1', 5552, 'LOS ARBOLES', '5563', 4447),
(4455, b'1', 5553, 'LOS CHACAYES', '5563', 4447),
(4456, b'1', 5554, 'LOS SAUCES', '5563', 4447),
(4457, b'1', 5555, 'TUNUYAN', '5560', 4447),
(4458, b'1', 5556, 'VILLA SECA', '5563', 4447),
(4459, b'1', 5557, 'VISTA FLORES', '5565', 4447),
(4460, b'1', 5950, 'SIN INFORMAR', '5560', 4447),
(4462, b'1', 5558, 'ANCHORIS', '5509', 4461),
(4463, b'1', 5559, 'CORDON DEL PLATA', '5561', 4461),
(4464, b'1', 5560, 'EL PERAL', '5561', 4461),
(4465, b'1', 5561, 'EL ZAMPAL', '5561', 4461),
(4466, b'1', 5562, 'EL ZAMPALITO', '5561', 4461),
(4467, b'1', 5563, 'GUALTALLARY', '5561', 4461),
(4468, b'1', 5564, 'LA ARBOLEDA', '5561', 4461),
(4469, b'1', 5565, 'LA CARRERA', '5561', 4461),
(4470, b'1', 5566, 'SAN JOSE', '5561', 4461),
(4471, b'1', 5567, 'SANTA CLARA', '5561', 4461),
(4472, b'1', 5568, 'TUPUNGATO', '5561', 4461),
(4473, b'1', 5569, 'VILLA BASTIAS', '5561', 4461),
(4474, b'1', 5570, 'ZAPATA', '5561', 4461),
(4475, b'1', 5951, 'SIN INFORMAR', '5561', 4461),
(4477, b'1', 5571, '1ª SECCION PARQUE CENTRAL', '5500', 4476),
(4478, b'1', 5572, '2ª SECCION BARRIO CIVICO', '5500', 4476),
(4479, b'1', 5573, '3ª SecciOn Parque O\'Higgins', '5500', 4476),
(4480, b'1', 5574, '4ª SECCION AREA FUNDACIONAL', '5500', 4476),
(4481, b'1', 5575, '5ª SECCION RESIDENCIAL SUR', '5500', 4476),
(4482, b'1', 5576, '6ª SECCION RESIDENCIAL NORTE', '5500', 4476),
(4483, b'1', 5577, '7ª SECCION RESIDENCIAL PARQUE', '5500', 4476),
(4484, b'1', 5578, '8ª SECCION AEROPARQUE', '5500', 4476),
(4485, b'1', 5579, '9ª SECCION PARQUE GENERAL SAN MARTIN', '5500', 4476),
(4486, b'1', 5580, '10ª SECCION RESIDENCIAL LOS CERROS', '5500', 4476),
(4487, b'1', 5581, '11ª SECCION SAN AGUSTIN', '5500', 4476),
(4488, b'1', 5582, '12ª SECCION PIEDEMONTE', '5500', 4476),
(4489, b'1', 5952, 'SIN INFORMAR', '5500', 4476),
(4491, b'1', 6219, 'SIN INFORMAR', '0', 4490),
(4494, b'1', 13, 'CARAGUATAY ', '3384', 4493),
(4495, b'1', 14, 'MONTECARLO ', '3384', 4493),
(4496, b'1', 15, 'PUERTO PIRAY ', '3381', 4493),
(4497, b'1', 5794, 'SIN INFORMAR', '3384', 4493),
(4499, b'1', 16, 'CAMPO RAMON ', '3361', 4498),
(4500, b'1', 17, 'CAMPO VIERA ', '3362', 4498),
(4501, b'1', 18, 'COLONIA ALBERDI ', '3361', 4498),
(4502, b'1', 19, 'GENERAL ALVEAR ', '3361', 4498),
(4503, b'1', 20, 'GUARANI ', '3361', 4498),
(4504, b'1', 21, 'LOS HELECHOS ', '3361', 4498),
(4505, b'1', 22, 'OBERA ', '3360', 4498),
(4506, b'1', 23, 'PANAMBI ', '3361', 4498),
(4507, b'1', 24, 'SAN MARTIN ', '3361', 4498),
(4508, b'1', 25, 'ALBERDI', '3361', 4498),
(4509, b'1', 26, 'PANAMBI KILOMETRO 8', '3361', 4498),
(4510, b'1', 27, 'VILLA BONITA', '3361', 4498),
(4511, b'1', 28, 'COLONIA TAMANDUA', '3361', 4498),
(4512, b'1', 29, 'FLORENTINO AMEGHINO', '3361', 4498),
(4513, b'1', 30, 'PUERTO SANCHEZ', '3361', 4498),
(4514, b'1', 31, 'VILLA ARMONIA', '3361', 4498),
(4515, b'1', 5795, 'SIN INFORMAR', '3361', 4498),
(4517, b'1', 32, 'COLONIA POLANA ', '3326', 4516),
(4518, b'1', 33, 'CORPUS ', '3327', 4516),
(4519, b'1', 34, 'GENERAL URQUIZA ', '3328', 4516),
(4520, b'1', 35, 'GOBERNADOR ROCA ', '3324', 4516),
(4521, b'1', 36, 'HIPOLITO YRIGOYEN ', '3328', 4516),
(4522, b'1', 37, 'JARDIN AMERICA ', '3328', 4516),
(4523, b'1', 38, 'SAN IGNACIO ', '3322', 4516),
(4524, b'1', 39, 'SANTO PIPO ', '3326', 4516),
(4525, b'1', 5796, 'SIN INFORMAR', '3322', 4516),
(4527, b'1', 40, 'FLORENTINO AMEGHINO ', '3361', 4526),
(4528, b'1', 41, 'ITACARUARE ', '3353', 4526),
(4529, b'1', 42, 'MOJON GRANDE ', '3315', 4526),
(4530, b'1', 5797, 'SIN INFORMAR', '3357', 4526),
(4531, b'1', 6265, 'SAN JAVIER', NULL, 4526),
(4533, b'1', 43, 'PAVON ARRIBA', '3364', 4532),
(4534, b'1', 5798, 'SIN INFORMAR', '3364', 4532),
(4536, b'1', 44, 'ALBA POSSE ', '3363', 4535),
(4537, b'1', 45, 'COLONIA AURORA ', '3363', 4535),
(4538, b'1', 5799, 'SIN INFORMAR', '3363', 4535),
(4540, b'1', 6220, 'SIN INFORMAR', '0', 4539),
(4542, b'1', 2240, 'APOSTOLES ', '3350', 4541),
(4543, b'1', 2241, 'AZARA ', '3351', 4541),
(4544, b'1', 2242, 'SAN JOSE ', '3306', 4541),
(4545, b'1', 2243, 'TRES CAPONES ', '3353', 4541),
(4546, b'1', 5783, 'SIN INFORMAR', '3350', 4541),
(4548, b'1', 2244, 'ARISTOBULO DEL VALLE ', '3364', 4547),
(4549, b'1', 2245, 'DOS DE MAYO ', '3364', 4547),
(4550, b'1', 2246, 'CAMPO GRANDE ', '3362', 4547),
(4551, b'1', 5784, 'SIN INFORMAR', '3332', 4547),
(4553, b'1', 2247, 'BONPLAND ', '3317', 4552),
(4554, b'1', 2248, 'CANDELARIA ', '3308', 4552),
(4555, b'1', 2249, 'CERRO CORA ', '3309', 4552),
(4556, b'1', 2250, 'LORETO ', '3322', 4552),
(4557, b'1', 2251, 'MARTIRES ', '3361', 4552),
(4558, b'1', 2252, 'PROFUNDIDAD ', '3308', 4552),
(4559, b'1', 2253, 'SANTA ANA ', '3316', 4552),
(4560, b'1', 5785, 'SIN INFORMAR', '3308', 4552),
(4562, b'1', 2254, 'FACHINAL ', '3304', 4561),
(4563, b'1', 2255, 'GARUPA ', '3304', 4561),
(4564, b'1', 2256, 'POSADAS ', '3300', 4561),
(4565, b'1', 5786, 'SIN INFORMAR', '3300', 4561);
INSERT INTO `localidades` (`id`, `activo`, `id_segun_api`, `nombre`, `codigo_postal`, `municipio`) VALUES
(4567, b'1', 2257, 'CONCEPCION DE LA SIERRA ', '3355', 4566),
(4568, b'1', 2258, 'SANTA MARIA ', '3353', 4566),
(4569, b'1', 5787, 'SIN INFORMAR', '3355', 4566),
(4571, b'1', 2259, '9 DE JULIO ', '3381', 4570),
(4572, b'1', 2260, 'COLONIA DELICIA ', '3381', 4570),
(4573, b'1', 2261, 'COLONIA VICTORIA ', '3381', 4570),
(4574, b'1', 2262, 'ELDORADO ', '3380', 4570),
(4575, b'1', 2263, 'SANTIAGO DE LINIERS ', '3381', 4570),
(4576, b'1', 5788, 'SIN INFORMAR', '3380', 4570),
(4578, b'1', 2264, 'BERNARDO DE IRIGOYEN ', '3366', 4577),
(4579, b'1', 2265, 'COMANDANTE ANDRES GUACURARI ', '3366', 4577),
(4580, b'1', 2266, 'SAN ANTONIO ', '3366', 4577),
(4581, b'1', 5789, 'SIN INFORMAR', '3366', 4577),
(4583, b'1', 2267, 'EL SOBERBIO ', '3364', 4582),
(4584, b'1', 2268, 'SAN VICENTE ', '3364', 4582),
(4585, b'1', 5790, 'SIN INFORMAR', '3361', 4582),
(4587, b'1', 2269, 'COLONIA WANDA ', '3376', 4586),
(4588, b'1', 2270, 'PUERTO ESPERANZA ', '3378', 4586),
(4589, b'1', 2271, 'PUERTO IGUAZU ', '3370', 4586),
(4590, b'1', 2272, 'PUERTO LIBERTAD ', '3374', 4586),
(4591, b'1', 5791, 'SIN INFORMAR', '3370', 4586),
(4593, b'1', 1, 'CAA YARI ', '3361', 4592),
(4594, b'1', 2, 'CERRO AZUL ', '3313', 4592),
(4595, b'1', 2273, 'ALMAFUERTE ', '3317', 4592),
(4596, b'1', 2274, 'ARROYO DEL MEDIO ', '3315', 4592),
(4597, b'1', 3, 'DOS ARROYOS ', '3315', 4592),
(4598, b'1', 4, 'GOBERNADOR LOPEZ ', '3315', 4592),
(4599, b'1', 5, 'LEANDRO N. ALEM ', '3315', 4592),
(4600, b'1', 5792, 'SIN INFORMAR', '3315', 4592),
(4601, b'1', 6, 'OLEGARIO VICTOR ANDRADE ', '3311', 4592),
(4603, b'1', 10, 'PUERTO LEONI ', '3332', 4602),
(4604, b'1', 11, 'PUERTO RICO ', '3334', 4602),
(4605, b'1', 12, 'RUIZ DE MONTOYA. ', '3334', 4602),
(4606, b'1', 5793, 'SIN INFORMAR', '3334', 4602),
(4607, b'1', 7, 'CAPIOVI ', '3332', 4602),
(4608, b'1', 8, 'EL ALCAZAR ', '3384', 4602),
(4609, b'1', 9, 'GARUHAPE ', '3334', 4602),
(4612, b'1', 46, 'LA ANGOSTURA', '8345', 4611),
(4613, b'1', 47, 'MOQUEHUE', '8345', 4611),
(4614, b'1', 48, 'ÑORQUINCO', '8345', 4611),
(4615, b'1', 49, 'RAHUE', '8345', 4611),
(4616, b'1', 50, 'RUCACHOROI ', '8345', 4611),
(4617, b'1', 51, 'VILLA UNION ', '8345', 4611),
(4618, b'1', 52, 'KILCA ', '8345', 4611),
(4619, b'1', 53, 'QUILLEN', '8345', 4611),
(4620, b'1', 54, 'ALUMINE', '8345', 4611),
(4621, b'1', 5800, 'SIN INFORMAR', '8345', 4611),
(4622, b'1', 6302, 'VILLA PEHUENIA', '8345', 4611),
(4623, b'1', 6309, 'PULMARI', '8345', 4611),
(4625, b'1', 55, 'AÑELO ', '8305', 4624),
(4626, b'1', 56, 'SAN PATRICIO DEL CHAÑAR ', '8305', 4624),
(4627, b'1', 57, 'AGUA DE CANALE ', '8305', 4624),
(4628, b'1', 58, 'AGUADA SAN ROQUE ', '8305', 4624),
(4629, b'1', 5801, 'SIN INFORMAR', '8305', 4624),
(4630, b'1', 59, 'AUCA MAHUIDA ', '8305', 4624),
(4631, b'1', 60, 'CAÑADON NOGALES ', '8305', 4624),
(4632, b'1', 61, 'LOS CHIHUIDOS ', '8305', 4624),
(4633, b'1', 62, 'PUNTA SIERRA  ', '8305', 4624),
(4635, b'1', 5802, 'SIN INFORMAR', '8341', 4634),
(4636, b'1', 63, 'CHACAYCO SUR ', '8341', 4634),
(4637, b'1', 64, 'OJO DE AGUA ', '8341', 4634),
(4638, b'1', 65, 'PICUN LEUFU ', '8313', 4634),
(4639, b'1', 66, 'LAS CORTADERAS ', '8341', 4634),
(4640, b'1', 67, 'FORTIN 1º DE MAYO ', '8341', 4634),
(4641, b'1', 68, 'EL MARUCHO ', '8341', 4634),
(4642, b'1', 69, 'PICUN LEUFU ', '8313', 4634),
(4643, b'1', 70, 'PILOLIL ', '8341', 4634),
(4644, b'1', 71, 'CATAN LIL ', '8341', 4634),
(4645, b'1', 72, 'LAS COLORADAS ', '8341', 4634),
(4647, b'1', 5803, 'SIN INFORMAR', '8353', 4646),
(4648, b'1', 73, 'CAEPE MALAL ', '8353', 4646),
(4649, b'1', 74, 'CHAPUA ', '8353', 4646),
(4650, b'1', 75, 'COSTA TILHUE ', '8353', 4646),
(4651, b'1', 76, 'EL ALAMITO ', '8353', 4646),
(4652, b'1', 77, 'LA SALADA ', '8353', 4646),
(4653, b'1', 78, 'LONCO VACA ', '8353', 4646),
(4654, b'1', 79, 'LOS MENUCOS', '8353', 4646),
(4655, b'1', 80, 'CHOS MALAL ', '8353', 4646),
(4656, b'1', 81, 'COYUCO-COCHICO ', '8353', 4646),
(4657, b'1', 82, 'TRICAO MALAL ', '8353', 4646),
(4658, b'1', 83, 'VILLA CURI LEUVU', '8353', 4646),
(4660, b'1', 5804, 'SIN INFORMAR', '8313', 4659),
(4661, b'1', 84, 'PIEDRA DEL AGUILA ', '8315', 4659),
(4662, b'1', 85, 'SANTO TOMAS ', '8315', 4659),
(4663, b'1', 86, 'BAJADA COLORADA ', '8315', 4659),
(4664, b'1', 87, 'SAN IGNACIO ', '8315', 4659),
(4665, b'1', 88, 'SAÑICO ', '8315', 4659),
(4666, b'1', 89, 'VILLA PICHI PICUN LEUFU ', '8313', 4659),
(4667, b'1', 90, 'VILLA RINCON CHICO ', '8313', 4659),
(4669, b'1', 100, 'ARROYITO ', '8313', 4668),
(4670, b'1', 101, 'EL CHOCON ', '8311', 4668),
(4671, b'1', 102, 'MARI MENUCO ', '8321', 4668),
(4672, b'1', 5805, 'SIN INFORMAR', '8300', 4668),
(4673, b'1', 6305, 'PARAJE CHALLACO', '0', 4668),
(4674, b'1', 6306, 'CHALLACO', '0', 4668),
(4675, b'1', 91, 'CENTENARIO ', '8309', 4668),
(4676, b'1', 92, 'CUTRAL-CO ', '8322', 4668),
(4677, b'1', 93, 'VILLA EL CHOCON ', '8311', 4668),
(4678, b'1', 94, 'NEUQUEN ', '8300', 4668),
(4679, b'1', 95, 'PLAZA HUINCUL ', '8318', 4668),
(4680, b'1', 96, 'PLOTTIER ', '8316', 4668),
(4681, b'1', 97, 'SAUZAL BONITO ', '8319', 4668),
(4682, b'1', 98, 'SENILLOSA ', '8316', 4668),
(4683, b'1', 99, 'VISTA ALEGRE ', '8309', 4668),
(4685, b'1', 103, 'AUCA - PAN ', '8371', 4684),
(4686, b'1', 104, 'ATREUCO ', '8371', 4684),
(4687, b'1', 105, 'CHIQUILIHUIN ', '8371', 4684),
(4688, b'1', 106, 'MALLEO ', '8371', 4684),
(4689, b'1', 107, 'TROPEZON ', '8371', 4684),
(4690, b'1', 4194, 'PUERTO TROMEN ', '8371', 4684),
(4691, b'1', 4195, 'TRES PUENTES ', '8371', 4684),
(4692, b'1', 4196, 'JUNIN DE LOS ANDES ', '8371', 4684),
(4693, b'1', 5806, 'SIN INFORMAR', '8371', 4684),
(4695, b'1', 4197, 'CHIMEHUIN ', '8371', 4694),
(4696, b'1', 4198, 'PASO DE LOS INDIOS ', '8371', 4694),
(4697, b'1', 4199, 'PUERTO HUA HUM ', '8370', 4694),
(4698, b'1', 4200, 'QUILA QUINA ', '8370', 4694),
(4699, b'1', 4201, 'VEGA MAIPU ', '8370', 4694),
(4700, b'1', 4202, 'LOLOG ', '8370', 4694),
(4701, b'1', 4203, 'LAGO HERMOSO ', '8370', 4694),
(4702, b'1', 4204, 'CALEUFU ', '8371', 4694),
(4703, b'1', 4205, 'SAN MARTIN DE LOS ANDES', '8370', 4694),
(4704, b'1', 5807, 'SIN INFORMAR', '8370', 4694),
(4706, b'1', 4206, 'CAJON DE ALMANZA ', '8349', 4705),
(4707, b'1', 4207, 'CHORRIACA ', '8351', 4705),
(4708, b'1', 4208, 'HUITRIN ', '8349', 4705),
(4709, b'1', 4209, 'PAVON ARRIBA', '8349', 4705),
(4710, b'1', 4210, 'QUINTUCO ', '8349', 4705),
(4711, b'1', 4211, 'HUARENCHENQUE ', '8349', 4705),
(4712, b'1', 4212, 'LONCOPUE', '8349', 4705),
(4713, b'1', 5808, 'SIN INFORMAR', '8349', 4705),
(4714, b'1', 6239, 'TRAHUNCURA', '8351', 4705),
(4715, b'1', 6240, 'CAJON DEL MANZANO', NULL, 4705),
(4716, b'1', 6241, 'PEYRANO', NULL, 4705),
(4717, b'1', 6242, 'CAMPANA MAHUIDA', NULL, 4705),
(4718, b'1', 6243, 'BUTA HUAO', NULL, 4705),
(4719, b'1', 6244, 'BUTA MALLIN', '5200', 4705),
(4720, b'1', 6245, 'CHENQUE PEHUEN', NULL, 4705),
(4721, b'1', 6246, 'COIHUECO', NULL, 4705),
(4722, b'1', 6247, 'EL ALAMO', NULL, 4705),
(4723, b'1', 6248, 'EL CONDOR', NULL, 4705),
(4724, b'1', 6249, 'ARROYO FEO', NULL, 4705),
(4725, b'1', 6250, 'HUALCUPEN', NULL, 4705),
(4726, b'1', 6251, 'LA TRICAHUERA', NULL, 4705),
(4727, b'1', 6252, 'VILLA LA ANGOSTURA', '8407', 4705),
(4728, b'1', 6253, 'LOS RISCOS BAYOS', NULL, 4705),
(4729, b'1', 6254, 'SANTA ISABEL', NULL, 4705),
(4730, b'1', 6255, 'CERRO MOCHO', NULL, 4705),
(4731, b'1', 6256, 'CORRAL DEL MOLLE', NULL, 4705),
(4732, b'1', 6257, 'ZANJON HONDO', NULL, 4705),
(4733, b'1', 6268, 'HUNCAL', NULL, 4705),
(4734, b'1', 6269, 'PICHAIHUE', NULL, 4705),
(4736, b'1', 4213, 'TRAHUNCURA', '8351', 4735),
(4737, b'1', 4214, 'VILLA TRAFUL ', '8401', 4735),
(4738, b'1', 4215, 'PEYRANO', '8401', 4735),
(4739, b'1', 4216, 'CUYIN MANZANO ', '8401', 4735),
(4740, b'1', 4217, 'EL PORTEZUELO ', '8401', 4735),
(4741, b'1', 4218, 'NAHUEL HUAPI ', '5200', 4735),
(4742, b'1', 4219, 'HUEMUL ', '8407', 4735),
(4743, b'1', 4220, 'PASO COIHUE ', '8401', 4735),
(4744, b'1', 4221, 'PICHI TRAFUL ', '8300', 4735),
(4745, b'1', 4222, 'PUERTO HUEMUL ', '8407', 4735),
(4746, b'1', 4223, 'PUERTO ANCHORENA ', '8401', 4735),
(4747, b'1', 4224, 'RUCA MALEN ', '8407', 4735),
(4748, b'1', 4225, 'VILLA LLANQUIN  ', '8401', 4735),
(4749, b'1', 5809, 'SIN INFORMAR', '8401', 4735),
(4750, b'1', 6270, 'VILLA LA ANGOSTURA', '8407', 4735),
(4752, b'1', 4226, 'VILLA LA ANGOSTURA', '8407', 4751),
(4753, b'1', 4227, 'CHORRIACA ', '8351', 4751),
(4754, b'1', 4228, 'GUAÑACOS ', '8353', 4751),
(4755, b'1', 4229, 'HUINGANCO ', '8353', 4751),
(4756, b'1', 4230, 'LAS OVEJAS ', '8355', 4751),
(4757, b'1', 4231, 'LOS MICHES ', '8353', 4751),
(4758, b'1', 4232, 'MANZANO AMARGO ', '8355', 4751),
(4759, b'1', 4233, 'VARVARCO / INVERNADA VIEJA ', '8355', 4751),
(4760, b'1', 4234, 'VILLA DEL NAHUEVE ', '8353', 4751),
(4761, b'1', 4235, 'AGUAS CALIENTES ', '8353', 4751),
(4762, b'1', 4236, 'BELLA VISTA ', '8353', 4751),
(4763, b'1', 4237, 'LAS LAGUNAS ', '8353', 4751),
(4764, b'1', 4238, 'LOS CARRIZOS ', '8353', 4751),
(4765, b'1', 4239, 'PICHI NEUQUEN  ', '8353', 4751),
(4766, b'1', 5810, 'SIN INFORMAR', '8353', 4751),
(4767, b'1', 6303, 'ANDACOLLO', '8353', 4751),
(4769, b'1', 4240, 'CAVIAHUE-COPAHUE ', '8349', 4768),
(4770, b'1', 4241, 'EL CHOLAR ', '8353', 4768),
(4771, b'1', 4242, 'EL HUECU ', '8349', 4768),
(4772, b'1', 4243, 'TAQUIMILAN ', '8351', 4768),
(4773, b'1', 4244, 'COLIPILLI ', '8353', 4768),
(4774, b'1', 4245, 'NAUNAUCO ', '8353', 4768),
(4775, b'1', 4246, 'RAHUECO ', '8353', 4768),
(4776, b'1', 4247, 'GENERAL MOSCONI', '8353', 4768),
(4777, b'1', 4248, 'TAQUIMILAN ARRIBA ', '8351', 4768),
(4778, b'1', 4249, 'RIO MAYO ', '2594', 4768),
(4779, b'1', 4250, 'TAQUIMILAN ABAJO ', '8351', 4768),
(4780, b'1', 4251, 'VILU MALLIN  ', '8351', 4768),
(4781, b'1', 5811, 'SIN INFORMAR', '8353', 4768),
(4782, b'1', 6234, 'TRAQUIMILAN', '8349', 4768),
(4784, b'1', 4252, 'BARRANCAS ', '8356', 4783),
(4785, b'1', 4253, 'BUTA RANQUIL ', '8356', 4783),
(4786, b'1', 4254, 'OCTAVIO PICO ', '8319', 4783),
(4787, b'1', 4255, 'RINCON DE LOS SAUCES ', '8319', 4783),
(4788, b'1', 4256, 'AUQUINCO ', '8349', 4783),
(4789, b'1', 4257, 'CHACAYCO ', '8353', 4783),
(4790, b'1', 4258, 'CURACO ', '8353', 4783),
(4791, b'1', 4259, 'EL CRUCE ', '8353', 4783),
(4792, b'1', 4260, 'LAS CORTADERAS ', '8353', 4783),
(4793, b'1', 4261, 'RINCON COLORADO  ', '8353', 4783),
(4794, b'1', 5812, 'SIN INFORMAR', '8353', 4783),
(4796, b'1', 4262, 'PASO AGUERRE ', '2587', 4795),
(4797, b'1', 4263, 'PICUN LEUFU ', '2594', 4795),
(4798, b'1', 4264, 'AGUADA DEL CARRIZO ', '8353', 4795),
(4799, b'1', 4265, 'EL SAUCE ', '8313', 4795),
(4800, b'1', 4266, 'LIMAY CENTRO ', '8313', 4795),
(4801, b'1', 5813, 'SIN INFORMAR', '8313', 4795),
(4803, b'1', 4267, 'BAJADA DEL AGRIO ', '8351', 4802),
(4804, b'1', 4268, 'LAS LAJAS ', '8347', 4802),
(4805, b'1', 4269, 'QUILI MALAL ', '8351', 4802),
(4806, b'1', 4270, 'AGRIO DEL MEDIO ', '8351', 4802),
(4807, b'1', 4271, 'LA BUITRERA ', '8347', 4802),
(4808, b'1', 4272, 'MALLIN QUEMADO ', '8347', 4802),
(4809, b'1', 4273, 'VILLA DEL AGRIO ', '8351', 4802),
(4810, b'1', 4274, 'PEÑA HAICHOL  ', '8347', 4802),
(4811, b'1', 5814, 'SIN INFORMAR', '8347', 4802),
(4813, b'1', 4275, 'MARIANO MORENO ', '8352', 4812),
(4814, b'1', 4276, 'VILLA DEL PUENTE PICUN LEUFU ', '8341', 4812),
(4815, b'1', 4277, 'ZAPALA ', '8340', 4812),
(4816, b'1', 4278, 'COVUNCO ', '8351', 4812),
(4817, b'1', 4279, 'LOS CATUTOS ', '8340', 4812),
(4818, b'1', 4280, 'RAMON M. CASTRO ', '8340', 4812),
(4819, b'1', 4281, 'LA AMARGA ', '8351', 4812),
(4820, b'1', 4282, 'ÑIRECO ', '8340', 4812),
(4821, b'1', 4283, 'SANTO DOMINGO  ', '8340', 4812),
(4822, b'1', 5815, 'SIN INFORMAR', '8340', 4812),
(4824, b'1', 6221, 'SIN INFORMAR', '0', 4823),
(4827, b'1', 1511, 'ZANJON DE OYUELA  ', '8501', 4826),
(4828, b'1', 4284, 'BAHIA CREEK ', '8501', 4826),
(4829, b'1', 4285, 'BALNEARIO EL CONDOR ', '8501', 4826),
(4830, b'1', 4286, 'EL JUNCAL ', '8501', 4826),
(4831, b'1', 4287, 'GUARDIA MITRE ', '8505', 4826),
(4832, b'1', 4288, 'LA LOBERIA ', '8501', 4826),
(4833, b'1', 4289, 'LOTEO COSTA DE RIO ', '8501', 4826),
(4834, b'1', 4290, 'POZO SALADO ', '8501', 4826),
(4835, b'1', 4291, 'SAN JAVIER ', '8501', 4826),
(4836, b'1', 4292, 'VIEDMA ', '8500', 4826),
(4837, b'1', 4293, 'CUBANEA ', '8501', 4826),
(4838, b'1', 4294, 'GENERAL L. BERNAL ', '8501', 4826),
(4839, b'1', 4295, 'GENERAL LORENZO VINTTER ', '8501', 4826),
(4840, b'1', 4296, 'GENERAL N. H. PALACIOS ', '8501', 4826),
(4841, b'1', 4297, 'VICEALMIRANTE E. O´CONNOR ', '8501', 4826),
(4842, b'1', 5816, 'SIN INFORMAR', '8332', 4826),
(4844, b'1', 1512, 'CHOELE CHOEL ', '8360', 4843),
(4845, b'1', 1513, 'LAMARQUE ', '8363', 4843),
(4846, b'1', 1514, 'LUIS BELTRAN ', '8361', 4843),
(4847, b'1', 1515, 'CHIMPAY ', '8364', 4843),
(4848, b'1', 1516, 'CORONEL BELISLE ', '8364', 4843),
(4849, b'1', 1517, 'DARWIN ', '8364', 4843),
(4850, b'1', 1518, 'POMONA ', '8363', 4843),
(4851, b'1', 1519, 'BARRIO UNION ', '8332', 4843),
(4852, b'1', 1520, 'CHELFORO ', '8366', 4843),
(4853, b'1', 1521, 'LA JAPONESA ', '8366', 4843),
(4854, b'1', 1522, 'COLONIA JOSEFA ', '8363', 4843),
(4855, b'1', 1523, 'FORTIN UNO  ', '8360', 4843),
(4856, b'1', 5817, 'SIN INFORMAR', '8332', 4843),
(4858, b'1', 1524, 'BARRIO EL PILAR ', '8400', 4857),
(4859, b'1', 1525, 'COLONIA SUIZA ', '8401', 4857),
(4860, b'1', 1526, 'EL BOLSON ', '8430', 4857),
(4861, b'1', 1527, 'EL FOYEL ', '8401', 4857),
(4862, b'1', 1528, 'EL MANSO ', '8430', 4857),
(4863, b'1', 1529, 'RIO VILLEGAS ', '8401', 4857),
(4864, b'1', 1530, 'SAN CARLOS DE BARILOCHE ', '8400', 4857),
(4865, b'1', 1531, 'VILLA CAMPANARIO ', '8401', 4857),
(4866, b'1', 1532, 'VILLA CERRO CATEDRAL ', '8409', 4857),
(4867, b'1', 1533, 'VILLA LLAO LLAO ', '8409', 4857),
(4868, b'1', 1534, 'VILLA LOS COIHUES ', '8401', 4857),
(4869, b'1', 1535, 'VILLA MASCARDI ', '8401', 4857),
(4870, b'1', 1536, 'CUESTA DEL TERNERO ', '8400', 4857),
(4871, b'1', 1537, 'MALLIN AHOGADO ', '8430', 4857),
(4872, b'1', 1538, 'PUERTO BLEST ', '8411', 4857),
(4873, b'1', 1539, 'PUERTO FRIAS ', '8411', 4857),
(4874, b'1', 1540, 'RIO FOYEL ', '8430', 4857),
(4875, b'1', 1541, 'EL RINCON ', '9210', 4857),
(4876, b'1', 1542, 'LOS REPOLLOS  ', '9210', 4857),
(4877, b'1', 5818, 'SIN INFORMAR', '9210', 4857),
(4879, b'1', 1543, 'GENERAL CONESA ', '8503', 4878),
(4880, b'1', 1544, 'COLONIA CHOCORI ', '8503', 4878),
(4881, b'1', 1545, 'COLONIA SAN JUAN ', '8503', 4878),
(4882, b'1', 1546, 'COLONIA SANTA ROSA ', '8503', 4878),
(4883, b'1', 1547, 'COLONIA SANTA TERESITA ', '8503', 4878),
(4884, b'1', 1548, 'COLONIA LA LUISA ', '8503', 4878),
(4885, b'1', 1549, 'COLONIA SAN LORENZO ', '8503', 4878),
(4886, b'1', 1550, 'COLONIA E. FRIAS ', '8503', 4878),
(4887, b'1', 1551, 'BOCA DE LA TRAVESIA  ', '8503', 4878),
(4888, b'1', 5819, 'SIN INFORMAR', '8500', 4878),
(4890, b'1', 1552, 'AGUADA GUZMAN ', '8333', 4889),
(4891, b'1', 1553, 'CERRO POLICIA ', '8333', 4889),
(4892, b'1', 1554, 'EL CUY ', '8333', 4889),
(4893, b'1', 1555, 'LAS PERLAS ', '8333', 4889),
(4894, b'1', 1556, 'MENCUE ', '8417', 4889),
(4895, b'1', 1557, 'NAUPA HUEN ', '8313', 4889),
(4896, b'1', 1558, 'PASO CORDOBA ', '8332', 4889),
(4897, b'1', 1559, 'VALLE AZUL ', '8337', 4889),
(4898, b'1', 1560, 'CHASICO ', '8333', 4889),
(4899, b'1', 1561, 'LONCO VACA ', '8333', 4889),
(4900, b'1', 1562, 'TRICA CO  ', '8332', 4889),
(4901, b'1', 5820, 'SIN INFORMAR', '8333', 4889),
(4903, b'1', 1563, 'ALLEN ', '8328', 4902),
(4904, b'1', 1564, 'BAJO SAN CAYETANO ', '8332', 4902),
(4905, b'1', 1565, 'BARDA DEL MEDIO ', '8305', 4902),
(4906, b'1', 1566, 'Bº BLANCO ', '8332', 4902),
(4907, b'1', 1567, 'Bº CALLE CIEGA Nº 6 ', '8328', 4902),
(4908, b'1', 1568, 'Bº CALLE CIEGA Nº 10 ', '8328', 4902),
(4909, b'1', 1569, 'Bº CANALE ', '8332', 4902),
(4910, b'1', 1570, 'Bº CHACRA MONTE ', '8332', 4902),
(4911, b'1', 1571, 'Bº COSTA ESTE ', '8328', 4902),
(4912, b'1', 1572, 'Bº COSTA LINDA ', '8332', 4902),
(4913, b'1', 1573, 'Bº EL LABRADOR ', '8332', 4902),
(4914, b'1', 1574, 'PAVON ARRIBA', '8332', 4902),
(4915, b'1', 1575, 'Bº GUERRICO ', '8332', 4902),
(4916, b'1', 1576, 'Bº PINO AZUL ', '8332', 4902),
(4917, b'1', 1577, 'Bº EX ISLA 10 ', '8328', 4902),
(4918, b'1', 1578, 'TRAHUNCURA', '8351', 4902),
(4919, b'1', 1579, 'Bº LA COSTA ', '8332', 4902),
(4920, b'1', 1580, 'PEYRANO', '8332', 4902),
(4921, b'1', 1581, 'Bº LA RIBERA - Bº APYCAR ', '8332', 4902),
(4922, b'1', 1582, 'Bº LAS ANGUSTIAS ', '8332', 4902),
(4923, b'1', 1583, 'Bº LA LOR ', '5200', 4902),
(4924, b'1', 1584, 'Bº MAR DEL PLATA ', '8332', 4902),
(4925, b'1', 1585, 'Bº MARIA ELVIRA ', '8332', 4902),
(4926, b'1', 1586, 'Bº MOSCONI ', '8332', 4902),
(4927, b'1', 1587, 'Bº NORTE (my_municipio GENERAL ROCA) ', '8332', 4902),
(4928, b'1', 1588, 'Bº NORTE (my_municipio CINCO SALTOS) ', '8332', 4902),
(4929, b'1', 1589, 'Bº NORTE (my_municipio CIPOLLETTI) ', '8332', 4902),
(4930, b'1', 1590, 'Bº PORVENIR ', '8332', 4902),
(4931, b'1', 1591, 'VILLA LA ANGOSTURA', '8407', 4902),
(4932, b'1', 1592, 'Bº PUENTE 83 ', '8324', 4902),
(4933, b'1', 1593, 'Bº PRESIDENTE PERON ', '8332', 4902),
(4934, b'1', 1594, 'Bº SANTA RITA ', '8336', 4902),
(4935, b'1', 1595, 'Bº UNION ', '8332', 4902),
(4936, b'1', 1596, 'CAMPO GRANDE ', '8305', 4902),
(4937, b'1', 1597, 'CATRIEL ', '8307', 4902),
(4938, b'1', 1598, 'CERVANTES ', '8326', 4902),
(4939, b'1', 1599, 'CHICHINALES ', '8337', 4902),
(4940, b'1', 1600, 'CINCO SALTOS ', '8303', 4902),
(4941, b'1', 1601, 'CIPOLLETTI ', '8324', 4902),
(4942, b'1', 1602, 'COLONIA PEÑAS BLANCAS ', '8307', 4902),
(4943, b'1', 1603, 'CORONEL J. J. GOMEZ ', '8332', 4902),
(4944, b'1', 1604, 'CONTRALMIRANTE CORDERO ', '8305', 4902),
(4945, b'1', 1605, 'FERRI ', '8324', 4902),
(4946, b'1', 1606, 'GENERAL ENRIQUE GODOY ', '8338', 4902),
(4947, b'1', 1607, 'GENERAL FERNANDEZ ORO ', '8324', 4902),
(4948, b'1', 1608, 'GENERAL ROCA ', '8332', 4902),
(4949, b'1', 1609, 'INGENIERO LUIS A. HUERGO ', '8334', 4902),
(4950, b'1', 1610, 'ING. OTTO KRAUSE ', '8337', 4902),
(4951, b'1', 2275, 'LAGO PELLEGRINI ', '8303', 4902),
(4952, b'1', 2276, 'GENERAL MOSCONI', '8327', 4902),
(4953, b'1', 2277, 'PADRE STEFANELLI ', '8332', 4902),
(4954, b'1', 2278, 'RIO MAYO ', '2594', 4902),
(4955, b'1', 2279, 'PENINSULA RUCA CO ', '8303', 4902),
(4956, b'1', 2280, 'PEÑAS BLANCAS ', '8307', 4902),
(4957, b'1', 2281, 'SARGENTO VIDAL ', '8305', 4902),
(4958, b'1', 2282, 'VILLA ALBERDI ', '8336', 4902),
(4959, b'1', 2283, 'VILLA DEL PARQUE ', '8336', 4902),
(4960, b'1', 2284, 'VILLA MANZANO ', '8305', 4902),
(4961, b'1', 2285, 'VILLA REGINA ', '8336', 4902),
(4962, b'1', 2286, 'VILLA SAN ISIDRO ', '8305', 4902),
(4963, b'1', 5821, 'SIN INFORMAR', '8332', 4902),
(4964, b'1', 6274, 'MAINQUE', NULL, 4902),
(4965, b'1', 6277, 'BARRIO 1200 VIVIENDAS CIPOLLETTI', NULL, 4902),
(4967, b'1', 2287, 'COMICO ', '8534', 4966),
(4968, b'1', 2288, 'CONA NIYEU ', '8534', 4966),
(4969, b'1', 2289, 'MINISTRO RAMOS MEXIA ', '8534', 4966),
(4970, b'1', 2290, 'PRAHUANIYEU ', '8534', 4966),
(4971, b'1', 2291, 'TRENETA ', '2587', 4966),
(4972, b'1', 2292, 'SIERRA COLORADA ', '2594', 4966),
(4973, b'1', 2293, 'YAMINUE ', '8534', 4966),
(4974, b'1', 5822, 'SIN INFORMAR', '8332', 4966),
(4976, b'1', 2294, 'LAS BAYAS ', '8412', 4975),
(4977, b'1', 2295, 'MAMUEL CHOIQUE ', '8415', 4975),
(4978, b'1', 2296, 'ÑORQUINCO ', '8415', 4975),
(4979, b'1', 2297, 'OJOS DE AGUA ', '8415', 4975),
(4980, b'1', 2298, 'RIO CHICO (EST. CERRO MESA) ', '8415', 4975),
(4981, b'1', 2299, 'FUTA RUIN ', '8415', 4975),
(4982, b'1', 2300, 'CHENQUENIYEU ', '8415', 4975),
(4983, b'1', 2301, 'CHACAY HUARRUCA ', '8415', 4975),
(4984, b'1', 2302, 'FITALANCAO ', '8415', 4975),
(4985, b'1', 2303, 'AGUADA TRONCOSO ', '8415', 4975),
(4986, b'1', 5823, 'SIN INFORMAR', '8415', 4975),
(4988, b'1', 2304, 'COLONIA JULIA Y ECHARREN ', '8138', 4987),
(4989, b'1', 2305, 'RIO COLORADO ', '8138', 4987),
(4990, b'1', 2306, 'CORONEL EUGENIO DEL BUSTO ', '8332', 4987),
(4991, b'1', 2307, 'JUAN DE GARAY ', '8138', 4987),
(4992, b'1', 2308, 'PICHI MAHUIDA  ', '8138', 4987),
(4993, b'1', 5824, 'SIN INFORMAR', '8360', 4987),
(4995, b'1', 2309, 'DINA HUAPI ', '8402', 4994),
(4996, b'1', 2310, 'COMALLO ', '8416', 4994),
(4997, b'1', 2311, 'LAGUNA BLANCA ', '8417', 4994),
(4998, b'1', 2312, 'ÑIRIHUAU ', '8402', 4994),
(4999, b'1', 2313, 'PASO FLORES ', '8403', 4994),
(5000, b'1', 2314, 'PILCANIYEU ', '8412', 4994),
(5001, b'1', 2315, 'PILQUINIYEU DEL LIMAY ', '8417', 4994),
(5002, b'1', 2316, 'VILLA LLANQUIN ', '8403', 4994),
(5003, b'1', 2317, 'CAÑADON CHILENO ', '8417', 4994),
(5004, b'1', 5825, 'SIN INFORMAR', '8412', 4994),
(5006, b'1', 2318, 'LAS GRUTAS ', '8521', 5005),
(5007, b'1', 2319, 'PLAYAS DORADAS O BALNEARIO EL SALADO ', '8532', 5005),
(5008, b'1', 2320, 'PUNTA COLORADA ', '8532', 5005),
(5009, b'1', 2321, 'SAN ANTONIO ESTE ', '8520', 5005),
(5010, b'1', 2322, 'SAN ANTONIO OESTE ', '8520', 5005),
(5011, b'1', 2323, 'SIERRA GRANDE ', '8532', 5005),
(5012, b'1', 5826, 'SIN INFORMAR', '8500', 5005),
(5014, b'1', 2324, 'AGUADA CECILIO ', '8536', 5013),
(5015, b'1', 2325, 'ARROYO DE LA VENTANA ', '8521', 5013),
(5016, b'1', 2326, 'ARROYO LOS BERROS ', '8521', 5013),
(5017, b'1', 2327, 'NAHUEL NIYEU ', '8536', 5013),
(5018, b'1', 2328, 'SIERRA PAILEMAN ', '8521', 5013),
(5019, b'1', 2329, 'VALCHETA ', '8536', 5013),
(5020, b'1', 2330, 'CHIPAUQUIL ', '8534', 5013),
(5021, b'1', 2331, 'PAJA ALTA  ', '8534', 5013),
(5022, b'1', 5827, 'SIN INFORMAR', '8360', 5013),
(5024, b'1', 2332, 'AGUADA DE GUERRA ', '8534', 5023),
(5025, b'1', 2333, 'CLEMENTE ONELLI ', '8416', 5023),
(5026, b'1', 2334, 'COLAN CONHUE ', '8500', 5023),
(5027, b'1', 2335, 'EL CAIN ', '8422', 5023),
(5028, b'1', 2336, 'INGENIERO JACOBACCI ', '8418', 5023),
(5029, b'1', 2337, 'LOS MENUCOS ', '8424', 5023),
(5030, b'1', 2338, 'MAQUINCHAO ', '8422', 5023),
(5031, b'1', 2339, 'MINA SANTA TERESITA ', '8500', 5023),
(5032, b'1', 2340, 'PILQUINIYEU ', '8500', 5023),
(5033, b'1', 2341, 'SAN ANTONIO DEL CUY ', '8333', 5023),
(5034, b'1', 5828, 'SIN INFORMAR', '8500', 5023),
(5036, b'1', 6222, 'SIN INFORMAR', '0', 5035),
(5039, b'1', 2342, 'APOLINARIO SARAVIA ', '4449', 5038),
(5040, b'1', 2343, 'EL QUEBRACHAL ', '4452', 5038),
(5041, b'1', 2344, 'GENERAL PIZARRO ', '4449', 5038),
(5042, b'1', 2345, 'JOAQUIN VICTOR GONZALEZ ', '4448', 5038),
(5043, b'1', 2346, 'LAS LAJITAS ', '4449', 5038),
(5044, b'1', 2347, 'VINALITO ', '4449', 5038),
(5045, b'1', 2348, 'TOLLOCHE ', '4448', 5038),
(5046, b'1', 2349, 'NUESTRA SEÑORA DE TALAVERA ', '4452', 5038),
(5047, b'1', 2350, 'MACAPILLO ', '4449', 5038),
(5048, b'1', 2351, 'GAONA ', '4452', 5038),
(5049, b'1', 2352, 'CEIBALITO ', '4449', 5038),
(5050, b'1', 2353, 'CHORROARIN ', '4449', 5038),
(5051, b'1', 2354, 'EBRO ', '4430', 5038),
(5052, b'1', 2355, 'CURVA DEL TURCO ', '4449', 5038),
(5053, b'1', 2356, 'SANTO DOMINGO ', '4449', 5038),
(5054, b'1', 2357, 'LAS FLORES ', '4449', 5038),
(5055, b'1', 2358, 'LAS FLACAS ', '4449', 5038),
(5056, b'1', 2359, 'LUIS BURELLA ', '4449', 5038),
(5057, b'1', 2360, 'CORONEL MOLLINEDO ', '4449', 5038),
(5058, b'1', 2361, 'PALERMO ', '4452', 5038),
(5059, b'1', 2362, 'RIO DEL VALLE ', '4449', 5038),
(5060, b'1', 2363, 'CENTRO 25 DE JUNIO ', '4449', 5038),
(5061, b'1', 2364, 'CORONEL OLLEROS ', '4449', 5038),
(5062, b'1', 2365, 'PIQUETE CABADO ', '4449', 5038),
(5063, b'1', 5829, 'SIN INFORMAR', '4400', 5038),
(5065, b'1', 2366, 'CACHI ', '4417', 5064),
(5066, b'1', 2367, 'PAYOGASTA ', '4415', 5064),
(5067, b'1', 2368, 'ESCALCHI ', '4417', 5064),
(5068, b'1', 2369, 'SAN JOSE DE ESCALCHI ', '4417', 5064),
(5069, b'1', 2370, 'CACHI ADENTRO ', '4417', 5064),
(5070, b'1', 2371, 'LA PAYA ', '4417', 5064),
(5071, b'1', 2372, 'RANCAGUA ', '4417', 5064),
(5072, b'1', 2373, 'SAN JOSE DE CACHI  ', '4417', 5064),
(5073, b'1', 5830, 'SIN INFORMAR', '4400', 5064),
(5075, b'1', 2374, 'CAFAYATE ', '4427', 5074),
(5076, b'1', 2375, 'TOLOMBON ', '4427', 5074),
(5077, b'1', 2376, 'LAS CONCHAS ', '4427', 5074),
(5078, b'1', 2377, 'SANTA BARBARA  ', '4427', 5074),
(5079, b'1', 5831, 'SIN INFORMAR', '4400', 5074),
(5081, b'1', 2378, 'SALTA ', '4400', 5080),
(5082, b'1', 4298, 'VILLA SAN LORENZO ', '4401', 5080),
(5083, b'1', 4299, 'ATOCHA ', '4401', 5080),
(5084, b'1', 4300, 'LAS COSTAS ', '4401', 5080),
(5085, b'1', 4301, 'LA CIENAGA ', '4401', 5080),
(5086, b'1', 4302, 'SAN RAFAEL ', '4401', 5080),
(5087, b'1', 4303, 'CASTELLANOS ', '4401', 5080),
(5088, b'1', 4304, 'SAN LUIS  ', '4400', 5080),
(5089, b'1', 5832, 'SIN INFORMAR', '4400', 5080),
(5091, b'1', 4305, 'CERRILLOS ', '4403', 5090),
(5092, b'1', 4306, 'LA MERCED ', '4421', 5090),
(5093, b'1', 4307, 'SAN AGUSTIN ', '4421', 5090),
(5094, b'1', 4308, 'VILLA LOS ALAMOS ', '4403', 5090),
(5095, b'1', 4309, 'SUMALAO  ', '4421', 5090),
(5096, b'1', 5833, 'SIN INFORMAR', '4400', 5090),
(5098, b'1', 4310, 'CHICOANA ', '4423', 5097),
(5099, b'1', 4311, 'EL CARRIL ', '4421', 5097),
(5100, b'1', 4312, 'ESCOIPE ', '4423', 5097),
(5101, b'1', 4313, 'VIÑACO ', '4423', 5097),
(5102, b'1', 4314, 'CALVIMONTE ', '4421', 5097),
(5103, b'1', 4315, 'AGUA NEGRA ', '4423', 5097),
(5104, b'1', 4316, 'EL MARAY ', '4423', 5097),
(5105, b'1', 4317, 'EL NOGALAR ', '4423', 5097),
(5106, b'1', 4318, 'LA ZANJA ', '4423', 5097),
(5107, b'1', 4319, 'PULARES ', '4423', 5097),
(5108, b'1', 4320, 'SAN FERNANDO DE ESCOIPE ', '4423', 5097),
(5109, b'1', 4321, 'SAN MARTIN  ', '4423', 5097),
(5110, b'1', 5834, 'SIN INFORMAR', '4400', 5097),
(5112, b'1', 4322, 'CAMPO SANTO ', '4430', 5111),
(5113, b'1', 4323, 'EL BORDO ', '4432', 5111),
(5114, b'1', 4324, 'GENERAL GüEMES ', '4430', 5111),
(5115, b'1', 4325, 'COBOS ', '4432', 5111),
(5116, b'1', 4326, 'CABEZA DE BUEY ', '4430', 5111),
(5117, b'1', 4327, 'PALOMITAS ', '4430', 5111),
(5118, b'1', 4328, 'BETANIA ', '4432', 5111),
(5119, b'1', 4329, 'CRUZ QUEMADA ', '4430', 5111),
(5120, b'1', 4330, 'EL SALTO ', '4430', 5111),
(5121, b'1', 4331, 'KM 1094 ', '4430', 5111),
(5122, b'1', 4332, 'LAS MESITAS ', '4430', 5111),
(5123, b'1', 4333, 'VIRGILIO TEDIN ', '4430', 5111),
(5124, b'1', 4334, 'LOS SAUCES  ', '4430', 5111),
(5125, b'1', 5835, 'SIN INFORMAR', '4400', 5111),
(5127, b'1', 4335, 'TARTAGAL ', '4560', 5126),
(5128, b'1', 4336, 'EMBARCACION ', '4550', 5126),
(5129, b'1', 4337, 'SALVADOR MAZZA ', '4568', 5126),
(5130, b'1', 4338, 'PAVON ARRIBA', '4566', 5126),
(5131, b'1', 4339, 'CAMPAMENTO VESPUCIO ', '4563', 5126),
(5132, b'1', 4340, 'GENERAL BALLIVIAN ', '4552', 5126),
(5133, b'1', 4341, 'DRAGONES ', '4554', 5126),
(5134, b'1', 4342, 'TRAHUNCURA', '8351', 5126),
(5135, b'1', 4343, 'MISION CHAQUEÑA ', '4550', 5126),
(5136, b'1', 4344, 'PEYRANO', '4560', 5126),
(5137, b'1', 4345, 'HICKMAN ', '4554', 5126),
(5138, b'1', 4346, 'CAMPO DURAN ', '4566', 5126),
(5139, b'1', 4347, 'MISION TIERRAS FISCALES ', '5200', 5126),
(5140, b'1', 4348, 'PIQUIRENDA ', '4560', 5126),
(5141, b'1', 4349, 'TRANQUITAS ', '4560', 5126),
(5142, b'1', 4350, 'CAPIAZUTI ', '4560', 5126),
(5143, b'1', 4351, 'PADRE LOZANO ', '4550', 5126),
(5144, b'1', 4352, 'TOBANTIRENDA ', '4566', 5126),
(5145, b'1', 4353, 'CARBONCITO ', '4550', 5126),
(5146, b'1', 4354, 'CAMPICHUELO ', '4550', 5126),
(5147, b'1', 4355, 'VILLA LA ANGOSTURA', '8407', 5126),
(5148, b'1', 4356, 'RECAREDO ', '4562', 5126),
(5149, b'1', 4357, 'ACAMBUCO ', '4560', 5126),
(5150, b'1', 4358, 'ANGOSTURA ', '4560', 5126),
(5151, b'1', 4359, 'BARRIO EL JARDIN DE SAN MARTIN ', '4560', 5126),
(5152, b'1', 4360, 'BARRIO EL MILAGRO ', '4550', 5126),
(5153, b'1', 4361, 'CORRALITO ', '4550', 5126),
(5154, b'1', 4362, 'EL ESPINILLO ', '4554', 5126),
(5155, b'1', 4363, 'LA QUENA ', '4554', 5126),
(5156, b'1', 4364, 'LUNA MUERTA ', '4554', 5126),
(5157, b'1', 4365, 'MISION CARBONCITO ', '4550', 5126),
(5158, b'1', 4366, 'MISION EL CRUCE ', '4550', 5126),
(5159, b'1', 4367, 'MISION SALIM ', '4550', 5126),
(5160, b'1', 4368, 'POCOY ', '4552', 5126),
(5161, b'1', 4369, 'POZO BRAVO ', '4550', 5126),
(5162, b'1', 4370, 'RIO SECO ', '4550', 5126),
(5163, b'1', 4371, 'SENDA HACHADA ', '4550', 5126),
(5164, b'1', 4372, 'SENILLOSA ', '4550', 5126),
(5165, b'1', 4373, 'TONONO ', '4560', 5126),
(5166, b'1', 4374, 'YARIGUARENDA ', '4560', 5126),
(5167, b'1', 4375, 'ZANJA DEL TIGRE ', '4550', 5126),
(5168, b'1', 5836, 'SIN INFORMAR', '4400', 5126),
(5169, b'1', 6258, 'GENERAL MOSCONI', NULL, 5126),
(5170, b'1', 6262, 'AGUARAY', NULL, 5126),
(5172, b'1', 4376, 'GENERAL MOSCONI', '4425', 5171),
(5173, b'1', 4377, 'ALEMANIA ', '4425', 5171),
(5174, b'1', 4378, 'RIO MAYO ', '2594', 5171),
(5175, b'1', 4379, 'PAMPA GRANDE ', '4425', 5171),
(5176, b'1', 4380, 'LAS JUNTAS  ', '4425', 5171),
(5177, b'1', 5837, 'SIN INFORMAR', '4425', 5171),
(5179, b'1', 4381, 'IRUYA ', '4633', 5178),
(5180, b'1', 4382, 'ISLA DE CAÑAS ', '4531', 5178),
(5181, b'1', 4383, 'COLANZULI ', '4633', 5178),
(5182, b'1', 4384, 'CHIYAYOC ', '4633', 5178),
(5183, b'1', 4385, 'RODEO COLORADO ', '4633', 5178),
(5184, b'1', 4386, 'SAN JUAN ', '4633', 5178),
(5185, b'1', 4387, 'VOLCAN HIGUERAS ', '4633', 5178),
(5186, b'1', 5838, 'SIN INFORMAR', '4400', 5178),
(5188, b'1', 4388, 'LA CALDERA ', '4401', 5187),
(5189, b'1', 4389, 'VAQUEROS ', '4401', 5187),
(5190, b'1', 4390, 'LA CALDERILLA ', '4401', 5187),
(5191, b'1', 4391, 'LOS YACONES ', '2587', 5187),
(5192, b'1', 4392, 'POTRERO DE CASTILLA ', '2594', 5187),
(5193, b'1', 5839, 'SIN INFORMAR', '4400', 5187),
(5195, b'1', 4393, 'EL JARDIN ', '4126', 5194),
(5196, b'1', 4394, 'EL TALA ', '4126', 5194),
(5197, b'1', 4395, 'LA CANDELARIA ', '4126', 5194),
(5198, b'1', 4396, 'EL BRETE ', '4126', 5194),
(5199, b'1', 4397, 'EL ANGOSTO ', '4126', 5194),
(5200, b'1', 4398, 'EL CEIBAL ', '4126', 5194),
(5201, b'1', 5840, 'SIN INFORMAR', '4400', 5194),
(5203, b'1', 4399, 'EL SALADILLO ', '4415', 5202),
(5204, b'1', 4400, 'MUÑANO ', '4415', 5202),
(5205, b'1', 4401, 'POTRERILLOS ', '4415', 5202),
(5206, b'1', 4402, 'TIPAN ', '4415', 5202),
(5207, b'1', 4403, 'CERRO NEGRO ', '4415', 5202),
(5208, b'1', 4404, 'EL RODEO ', '4415', 5202),
(5209, b'1', 4405, 'EL TRIGAL ', '4415', 5202),
(5210, b'1', 4406, 'LA POMA ', '4415', 5202),
(5211, b'1', 4407, 'COBRES ', '4415', 5202),
(5212, b'1', 5841, 'SIN INFORMAR', '4400', 5202),
(5214, b'1', 4408, 'EL CARMEN ', '4421', 5213),
(5215, b'1', 4409, 'OSMA ', '4421', 5213),
(5216, b'1', 4410, 'VEINTE DE FEBRERO ', '4421', 5213),
(5217, b'1', 4411, 'SALADILLO', '4421', 5213),
(5218, b'1', 4412, 'CORONEL MOLDES ', '4421', 5213),
(5219, b'1', 4413, 'LA VIÑA ', '4421', 5213),
(5220, b'1', 4414, 'AMPASCACHI ', '4421', 5213),
(5221, b'1', 4415, 'TALAPAMPA ', '4421', 5213),
(5222, b'1', 4416, 'CABRA CORRAL ', '4421', 5213),
(5223, b'1', 5842, 'SIN INFORMAR', '4400', 5213),
(5225, b'1', 4417, 'CAIPE ', '4411', 5224),
(5226, b'1', 4418, 'CHUCULAQUI ', '4411', 5224),
(5227, b'1', 4419, 'LAGUNA SECA ', '4411', 5224),
(5228, b'1', 4420, 'MINA LA CASUALIDAD ', '4411', 5224),
(5229, b'1', 4421, 'MINA TINCALADO ', '4411', 5224),
(5230, b'1', 4422, 'QUEBRADA DEL AGUA ', '4411', 5224),
(5231, b'1', 4423, 'SALAR DE POCITOS ', '4411', 5224),
(5232, b'1', 4424, 'SOCOMPA ', '4411', 5224),
(5233, b'1', 4425, 'TACA TACA ', '4411', 5224),
(5234, b'1', 4426, 'UNQUILLAR ', '4411', 5224),
(5235, b'1', 4427, 'VEGA DE ARIZARO ', '4411', 5224),
(5236, b'1', 4428, 'SAN ANTONIO DE LOS COBRES ', '4411', 5224),
(5237, b'1', 4429, 'OLACAPATO ', '4411', 5224),
(5238, b'1', 4430, 'SANTA ROSA DE LOS PASTOS GRANDES ', '4411', 5224),
(5239, b'1', 4431, 'TOLAR GRANDE ', '4411', 5224),
(5240, b'1', 5843, 'SIN INFORMAR', '4400', 5224),
(5242, b'1', 4432, 'SAN JOSE DE METAN ', '4440', 5241),
(5243, b'1', 4433, 'EL GALPON ', '4444', 5241),
(5244, b'1', 4434, 'RIO PIEDRAS ', '4434', 5241),
(5245, b'1', 4435, 'EL TUNAL ', '4446', 5241),
(5246, b'1', 4436, 'LUMBRERAS ', '4434', 5241),
(5247, b'1', 4437, 'METAN VIEJO ', '4440', 5241),
(5248, b'1', 4438, 'SAN JOSE DE LA ORQUERA ', '4440', 5241),
(5249, b'1', 4439, 'PRESA EL TUNAL ', '4446', 5241),
(5250, b'1', 4440, 'ALTO DEL MISTOL ', '4440', 5241),
(5251, b'1', 4441, 'BAJO GRANDE ', '4440', 5241),
(5252, b'1', 4442, 'ESTECO ', '4446', 5241),
(5253, b'1', 4443, 'JURAMENTO ', '4440', 5241),
(5254, b'1', 4444, 'LAS JUNTAS ', '4440', 5241),
(5255, b'1', 4445, 'OVEJERIA ', '4440', 5241),
(5256, b'1', 4446, 'PUNTA DE AGUA ', '4440', 5241),
(5257, b'1', 4447, 'SCHNEIDEWIND ', '4440', 5241),
(5258, b'1', 4448, 'YATASTO ', '4440', 5241),
(5259, b'1', 4449, 'EL NARANJO ', '4440', 5241),
(5260, b'1', 4450, 'PARAJE DEL JURAMENTO ', '4440', 5241),
(5261, b'1', 5844, 'SIN INFORMAR', '4400', 5241),
(5263, b'1', 4451, 'MOLINOS ', '4419', 5262),
(5264, b'1', 4452, 'SECLANTAS ', '4419', 5262),
(5265, b'1', 4453, 'LA PUERTA ', '4419', 5262),
(5266, b'1', 4454, 'COLOME ', '4419', 5262),
(5267, b'1', 4455, 'LURACATAO ', '4419', 5262),
(5268, b'1', 4456, 'BREALITO ', '4419', 5262),
(5269, b'1', 4457, 'TACUIL ', '4419', 5262),
(5270, b'1', 4458, 'EL CHURCAL  ', '4419', 5262),
(5271, b'1', 5845, 'SIN INFORMAR', '4400', 5262),
(5273, b'1', 4459, 'ALGARROBAL ', '4534', 5272),
(5274, b'1', 4460, 'CHAGUARAL ', '4534', 5272),
(5275, b'1', 4461, 'EL QUIMILAR ', '4533', 5272),
(5276, b'1', 4462, 'ESTEBAN DE URIZAR ', '4533', 5272),
(5277, b'1', 4463, 'INGENIO SAN MARTIN DEL TABACAL ', '4533', 5272),
(5278, b'1', 4464, 'JERONIMO MATORRAS ', '4530', 5272),
(5279, b'1', 4465, 'KM 1.281 ', '4530', 5272),
(5280, b'1', 4466, 'LA ESTRELLA ', '4537', 5272),
(5281, b'1', 4467, 'MANUEL ELORDI ', '4550', 5272),
(5282, b'1', 4468, 'MARTINEZ DEL TINEO ', '4450', 5272),
(5283, b'1', 4469, 'MISION ZENTA ', '4550', 5272),
(5284, b'1', 4470, 'RIO PESCADO ', '4550', 5272),
(5285, b'1', 4471, 'SAUCELITO ', '4530', 5272),
(5286, b'1', 4472, 'YUCHAN ', '4530', 5272),
(5287, b'1', 4473, 'SAN RAMON DE LA NUEVA ORAN ', '4530', 5272),
(5288, b'1', 4474, 'PICHANAL ', '4534', 5272),
(5289, b'1', 4475, 'O\'HIGGINS', '4531', 5272),
(5290, b'1', 4476, 'HIPOLITO YRIGOYEN ', '4533', 5272),
(5291, b'1', 4477, 'URUNDEL ', '4542', 5272),
(5292, b'1', 4478, 'AGUAS BLANCAS ', '4531', 5272),
(5293, b'1', 4479, 'EL TABACAL ', '4533', 5272),
(5294, b'1', 4480, 'LA MISION ', '4530', 5272),
(5295, b'1', 5846, 'SIN INFORMAR', '4400', 5272),
(5296, b'1', 6281, 'COLONIA SANTA ROSA', NULL, 5272),
(5298, b'1', 4481, 'CORONEL JUAN SOLA ', '4554', 5297),
(5299, b'1', 4482, 'RIVADAVIA ', '4554', 5297),
(5300, b'1', 4483, 'SANTA VICTORIA ESTE ', '4561', 5297),
(5301, b'1', 4484, 'LA UNION ', '4535', 5297),
(5302, b'1', 4485, 'LOS BLANCOS ', '4554', 5297),
(5303, b'1', 4486, 'SANTA MARIA ', '4561', 5297),
(5304, b'1', 4487, 'ALTO DE LA SIERRA ', '4561', 5297),
(5305, b'1', 4488, 'SANTA ROSA ', '4561', 5297),
(5306, b'1', 4489, 'CAPITAN JUAN PAGE ', '4554', 5297),
(5307, b'1', 4490, 'PLUMA DE PATO ', '4554', 5297),
(5308, b'1', 4491, 'ALTO VERDE ', '4561', 5297),
(5309, b'1', 4492, 'AMBERES ', '4561', 5297),
(5310, b'1', 4493, 'BELGRANO ', '4561', 5297),
(5311, b'1', 4494, 'EL ÑATO ', '4561', 5297),
(5312, b'1', 4495, 'LA CORZUELA ', '4561', 5297),
(5313, b'1', 4496, 'LA ESPERANZA ', '4535', 5297),
(5314, b'1', 4497, 'MARTIN GARCIA ', '4554', 5297),
(5315, b'1', 4498, 'PALMARCITO ', '4554', 5297),
(5316, b'1', 4499, 'POZO CERCADO ', '4554', 5297),
(5317, b'1', 4500, 'POZO HONDO ', '4554', 5297),
(5318, b'1', 4501, 'PUERTO LA PAZ ', '4561', 5297),
(5319, b'1', 4502, 'SAN AGUSTIN ', '4554', 5297),
(5320, b'1', 4503, 'SAN ISIDRO ', '4554', 5297),
(5321, b'1', 4504, 'SAN MIGUEL ', '4554', 5297),
(5322, b'1', 4505, 'SURI PINTADO ', '4554', 5297),
(5323, b'1', 4506, 'VUELTA DE LOS TOBAS ', '4554', 5297),
(5324, b'1', 4507, 'MISION LA PAZ ', '4561', 5297),
(5325, b'1', 4508, 'LA CURVITA ', '4535', 5297),
(5326, b'1', 4509, 'LA PUNTANA ', '4561', 5297),
(5327, b'1', 5847, 'SIN INFORMAR', '4400', 5297),
(5329, b'1', 4510, 'ROSARIO DE LA FRONTERA ', '4190', 5328),
(5330, b'1', 4511, 'ANTILLA ', '4193', 5328),
(5331, b'1', 4512, 'COPO QUILE ', '4190', 5328),
(5332, b'1', 4513, 'EL POTRERO ', '4190', 5328),
(5333, b'1', 4514, 'EL NARANJO ', '4190', 5328),
(5334, b'1', 4515, 'SAN FELIPE', '4190', 5328),
(5335, b'1', 4516, 'ALMIRANTE BROWN ', '4190', 5328),
(5336, b'1', 4517, 'APEADERO COCHABAMBA ', '4190', 5328),
(5337, b'1', 4518, 'ARENAL ', '4190', 5328),
(5338, b'1', 4519, 'BALBOA ', '4190', 5328),
(5339, b'1', 4520, 'EL BORDO ', '4190', 5328),
(5340, b'1', 4521, 'EL MORENILLO ', '4190', 5328),
(5341, b'1', 4522, 'HORCONES ', '4190', 5328),
(5342, b'1', 4523, 'LA MERCED ', '4190', 5328),
(5343, b'1', 4524, 'LOS BAÑOS ', '4190', 5328),
(5344, b'1', 4525, 'LOS MOGOTES ', '4190', 5328),
(5345, b'1', 4526, 'PUENTE DE PLATA ', '4190', 5328),
(5346, b'1', 4527, 'RIO URUEÑA ', '4190', 5328),
(5347, b'1', 4528, 'SANTA MARIA', '4190', 5328),
(5348, b'1', 5848, 'SIN INFORMAR', '4400', 5328),
(5350, b'1', 4529, 'CAMPO QUIJANO ', '4407', 5349),
(5351, b'1', 4530, 'ROSARIO DE LERMA ', '4405', 5349),
(5352, b'1', 4531, 'LA SILLETA ', '4407', 5349),
(5353, b'1', 4532, 'CACHIÑAL ', '4409', 5349),
(5354, b'1', 4533, 'CHORRILLOS ', '4409', 5349),
(5355, b'1', 4534, 'DIEGO DE ALMAGRO ', '4407', 5349),
(5356, b'1', 4535, 'EL ALISAL ', '4409', 5349),
(5357, b'1', 4536, 'GOBERNADOR M. SOLA ', '4409', 5349),
(5358, b'1', 4537, 'INCAHUASI ', '4409', 5349),
(5359, b'1', 4538, 'INGENIERO MAURY ', '4409', 5349),
(5360, b'1', 4539, 'LAS CUEVAS ', '4409', 5349),
(5361, b'1', 4540, 'MESETA ', '4405', 5349),
(5362, b'1', 4541, 'PUERTA TASTIL ', '4409', 5349),
(5363, b'1', 4542, 'SANTA ROSA DE TASTIL ', '4409', 5349),
(5364, b'1', 4543, 'TACUARA ', '4409', 5349),
(5365, b'1', 4544, 'VILLA ANGELICA ', '4405', 5349),
(5366, b'1', 4545, 'EL ROSAL ', '4409', 5349),
(5367, b'1', 4546, 'MAIZALES ', '4405', 5349),
(5368, b'1', 4547, 'EL ALISAL ', '4409', 5349),
(5369, b'1', 4548, 'INCAMAYO ', '4409', 5349),
(5370, b'1', 4549, 'ALFARCITO ', '4409', 5349),
(5371, b'1', 4550, 'SAN BERNARDO DE LAS ZORRAS', '4409', 5349),
(5372, b'1', 5849, 'SIN INFORMAR', '4400', 5349),
(5374, b'1', 4551, 'ANGASTACO ', '4427', 5373),
(5375, b'1', 4552, 'ANIMANA ', '4427', 5373),
(5376, b'1', 4553, 'SAN CARLOS ', '4427', 5373),
(5377, b'1', 4554, 'EL BARRIAL ', '4427', 5373),
(5378, b'1', 4555, 'LA ANGOSTURA ', '4427', 5373),
(5379, b'1', 4556, 'MINA DON OTTO ', '4427', 5373),
(5380, b'1', 4557, 'MONTEVERDE ', '4427', 5373),
(5381, b'1', 4558, 'PUCARA ', '4427', 5373),
(5382, b'1', 4559, 'SANTA ROSA ', '4427', 5373),
(5383, b'1', 4560, 'AMBLAYO ', '4427', 5373),
(5384, b'1', 4561, 'PARAJE CORRALITO ', '4427', 5373),
(5385, b'1', 4562, 'PARAJE SAN ANTONIO ', '4427', 5373),
(5386, b'1', 4563, 'PAYOGASTILLA ', '4427', 5373),
(5387, b'1', 5850, 'SIN INFORMAR', '4400', 5373),
(5389, b'1', 4564, 'SANTA VICTORIA OESTE ', '4400', 5388),
(5390, b'1', 4565, 'LOS TOLDOS ', '4531', 5388),
(5391, b'1', 4566, 'NAZARENO ', '4651', 5388),
(5392, b'1', 4567, 'POSCAYA ', '4651', 5388),
(5393, b'1', 4568, 'CAMPO LA CRUZ ', '4400', 5388),
(5394, b'1', 4569, 'SAN MARCOS ', '4400', 5388),
(5395, b'1', 4570, 'ACOYTE ', '4651', 5388),
(5396, b'1', 4571, 'LIZOITE ', '4651', 5388),
(5397, b'1', 4572, 'RODEO PAMPA ', '4651', 5388),
(5398, b'1', 4573, 'CAMPO LA PAZ ', '4561', 5388),
(5399, b'1', 5851, 'SIN INFORMAR', '4400', 5388),
(5401, b'1', 6223, 'SIN INFORMAR', '0', 5400),
(5404, b'1', 4574, 'CAMPO AFUERA ', '5419', 5403),
(5405, b'1', 4575, 'EL RINCON ', '5419', 5403),
(5406, b'1', 4576, 'LA CAÑADA ', '5419', 5403),
(5407, b'1', 4577, 'VILLA AMPACAMA ', '5419', 5403),
(5408, b'1', 4578, 'GENERAL SAN MARTIN ', '5419', 5403),
(5409, b'1', 4579, 'EL SALADO ', '5419', 5403),
(5410, b'1', 4580, 'EL TAPON ', '5419', 5403),
(5411, b'1', 4581, 'LA FRONTERA ', '5419', 5403),
(5412, b'1', 4582, 'LA LAJA ', '5419', 5403),
(5413, b'1', 4583, 'LAS LOMITAS ', '5419', 5403),
(5414, b'1', 4584, 'LAS TAPIAS ', '5419', 5403),
(5415, b'1', 4585, 'OBISPO ZAPATA  ', '5419', 5403),
(5416, b'1', 5852, 'SIN INFORMAR', '5419', 5403),
(5418, b'1', 4586, 'VILLA EL SALVADOR ', '5415', 5417),
(5419, b'1', 4587, 'VILLA SEFAIR TALACASTO ', '5415', 5417),
(5420, b'1', 4588, 'LAS TAPIAS ', '5415', 5417),
(5421, b'1', 4589, 'EL BOSQUE ', '5415', 5417),
(5422, b'1', 4590, 'ESTACION JUAN JUFRE ', '5415', 5417),
(5423, b'1', 4591, 'PUNTA DEL MONTE ', '5415', 5417),
(5424, b'1', 4592, 'EL ALAMITO  ', '5415', 5417),
(5425, b'1', 5853, 'SIN INFORMAR', '5415', 5417),
(5427, b'1', 4593, 'BARREAL ', '5405', 5426),
(5428, b'1', 4594, 'CALINGASTA ', '5403', 5426),
(5429, b'1', 4595, 'TAMBERIAS ', '5403', 5426),
(5430, b'1', 4596, 'VILLA PITUIL ', '5403', 5426),
(5431, b'1', 4597, 'LA ISLA ', '5403', 5426),
(5432, b'1', 4598, 'PUCHUZUM ', '5403', 5426),
(5433, b'1', 4599, 'SOROCAYENSE ', '5403', 5426),
(5434, b'1', 4600, 'VILLA CORRAL ', '5403', 5426),
(5435, b'1', 4601, 'VILLA NUEVA  ', '5403', 5426),
(5436, b'1', 5854, 'SIN INFORMAR', '5403', 5426),
(5438, b'1', 4602, 'SAN JUAN ', '5400', 5437),
(5439, b'1', 4603, 'CONCEPCION ', '5400', 5437),
(5440, b'1', 4604, 'TRINIDAD ', '5400', 5437),
(5441, b'1', 4605, 'DESAMPARADOS ', '5400', 5437),
(5442, b'1', 5855, 'SIN INFORMAR', '5400', 5437),
(5444, b'1', 4606, 'BERMEJO ', '5442', 5443),
(5445, b'1', 4607, 'CIUDAD DE CAUCETE ', '5442', 5443),
(5446, b'1', 4608, 'EL RINCON ', '5442', 5443),
(5447, b'1', 4609, 'MARAYES ', '5442', 5443),
(5448, b'1', 4610, 'LAS TALAS ', '5442', 5443),
(5449, b'1', 4611, 'LOS MEDANOS ', '5442', 5443),
(5450, b'1', 4612, 'PIE DE PALO ', '5442', 5443),
(5451, b'1', 4613, 'VALLECITO ', '5442', 5443),
(5452, b'1', 4614, 'VILLA INDEPENDENCIA ', '5442', 5443),
(5453, b'1', 4615, 'LAS CHACRAS', '5442', 5443),
(5454, b'1', 5856, 'SIN INFORMAR', '5442', 5443),
(5456, b'1', 4616, 'CHIMBAS ', '5413', 5455),
(5457, b'1', 4617, 'EL MOGOTE ', '5413', 5455),
(5458, b'1', 4618, 'BARRIO LAPRIDA ', '5413', 5455),
(5459, b'1', 4619, 'VILLA OBRERA ', '5413', 5455),
(5460, b'1', 4620, 'VILLA OBSERVATORIO ', '5413', 5455),
(5461, b'1', 4621, 'VILLA UNION  ', '5413', 5455),
(5462, b'1', 5857, 'SIN INFORMAR', '5413', 5455),
(5464, b'1', 4622, 'ANGUALASTO ', '5465', 5463),
(5465, b'1', 4623, 'BELLA VISTA ', '5465', 5463),
(5466, b'1', 4624, 'COLOLA ', '5465', 5463),
(5467, b'1', 4625, 'IGLESIA ', '5465', 5463),
(5468, b'1', 4626, 'LAS FLORES ', '5465', 5463),
(5469, b'1', 4627, 'PISMANTA ', '5465', 5463),
(5470, b'1', 4628, 'RODEO ', '5465', 5463),
(5471, b'1', 4629, 'TUDCUM ', '5465', 5463),
(5472, b'1', 4630, 'CAMPANARIO ', '5465', 5463),
(5473, b'1', 4631, 'COLANGUIL ', '5465', 5463),
(5474, b'1', 4632, 'EL CHINGUILLO ', '5465', 5463),
(5475, b'1', 4633, 'MAIPIRINQUI ', '5465', 5463),
(5476, b'1', 4634, 'MALIMAN ', '5465', 5463),
(5477, b'1', 4635, 'ZONDA  ', '5465', 5463),
(5478, b'1', 5858, 'SIN INFORMAR', '5465', 5463),
(5480, b'1', 4636, 'SAN JOSE DE JACHAL ', '5460', 5479),
(5481, b'1', 4637, 'EL FISCAL ', '5460', 5479),
(5482, b'1', 4638, 'EL MEDANO ', '5460', 5479),
(5483, b'1', 4639, 'GRAN CHINA ', '5460', 5479),
(5484, b'1', 4640, 'HUACO ', '5460', 5479),
(5485, b'1', 4641, 'LA FALDA ', '5460', 5479),
(5486, b'1', 4642, 'MOGNA ', '5460', 5479),
(5487, b'1', 4643, 'NIQUIVIL ', '5460', 5479),
(5488, b'1', 4644, 'PAMPA VIEJA ', '5460', 5479),
(5489, b'1', 4645, 'SAN ISIDRO ', '5460', 5479),
(5490, b'1', 4646, 'TAMBERIAS ', '5460', 5479),
(5491, b'1', 4647, 'VILLA MALVINAS ARGENTINAS ', '5460', 5479),
(5492, b'1', 4648, 'VILLA MERCEDES ', '5460', 5479),
(5493, b'1', 4649, 'SAN ROQUE ', '5460', 5479),
(5494, b'1', 4650, 'TUCUNUCO ', '5460', 5479),
(5495, b'1', 4651, 'PAVON ARRIBA', '5460', 5479),
(5496, b'1', 4652, 'ENTRE RIOS ', '5460', 5479),
(5497, b'1', 4653, 'LA REPRESA ', '5460', 5479),
(5498, b'1', 4654, 'HUERTA HUACHI  ', '5460', 5479),
(5499, b'1', 5859, 'SIN INFORMAR', '5460', 5479),
(5501, b'1', 4655, 'TRAHUNCURA', '8351', 5500),
(5502, b'1', 4656, 'COLONIA FIORITO ', '5417', 5500),
(5503, b'1', 4657, 'PEYRANO', '5417', 5500),
(5504, b'1', 4658, 'NUEVE DE JULIO ', '5417', 5500),
(5505, b'1', 4659, 'DIBELLA ', '5417', 5500),
(5506, b'1', 4660, 'JOSE DOLORES ', '5200', 5500),
(5507, b'1', 4661, 'LA MAJADITA ', '5417', 5500),
(5508, b'1', 4662, 'TIERRA ADENTRO ', '5417', 5500),
(5509, b'1', 4663, 'ALTO DE SIERRA ESTE ', '5438', 5500),
(5510, b'1', 4664, 'RINCON CERCADO  ', '5417', 5500),
(5511, b'1', 5860, 'SIN INFORMAR', '5417', 5500),
(5513, b'1', 4665, 'BARRIO RUTA 40 ', '5427', 5512),
(5514, b'1', 4666, 'CARPINTERIA ', '5427', 5512),
(5515, b'1', 4667, 'LA RINCONADA ', '5427', 5512),
(5516, b'1', 4668, 'VILLA LA ANGOSTURA', '8407', 5512),
(5517, b'1', 4669, 'VILLA ABERASTAIN ', '5427', 5512),
(5518, b'1', 4670, 'VILLA BARBOZA ', '5427', 5512),
(5519, b'1', 4671, 'VILLA CENTENARIO ', '5427', 5512),
(5520, b'1', 4672, 'VILLA NACUSI ', '5427', 5512),
(5521, b'1', 5861, 'SIN INFORMAR', '5427', 5512),
(5523, b'1', 4673, 'VILLA KRAUSE ', '5425', 5522),
(5524, b'1', 4674, 'EL MEDANITO ', '5425', 5522),
(5525, b'1', 4675, 'VILLA BOLAÑOS', '5425', 5522),
(5526, b'1', 5862, 'SIN INFORMAR', '5425', 5522),
(5528, b'1', 4676, 'RIVADAVIA', '5407', 5527),
(5529, b'1', 4677, 'MARQUESADO ', '5407', 5527),
(5530, b'1', 4678, 'LA BEBIDA ', '5407', 5527),
(5531, b'1', 5863, 'SIN INFORMAR', '5407', 5527),
(5533, b'1', 4679, 'BARRIO SADOP ', '5439', 5532),
(5534, b'1', 4680, 'DOS ACEQUIAS (EST. LOS ANGACOS) ', '5439', 5532),
(5535, b'1', 4681, 'SAN ISIDRO (EST. LOS ANGACOS) ', '5439', 5532),
(5536, b'1', 4682, 'VILLA EL SALVADOR ', '5415', 5532),
(5537, b'1', 4683, 'VILLA DOMINGUITO (EST. PUNTILLA BLANCA) ', '5439', 5532),
(5538, b'1', 4684, 'VILLA DON BOSCO (EST. ANGACO SUD) ', '5439', 5532),
(5539, b'1', 4685, 'VILLA SAN MARTIN ', '5415', 5532),
(5540, b'1', 5864, 'SIN INFORMAR', '5439', 5532),
(5542, b'1', 4686, 'ALTO DE SIERRA ', '5438', 5541),
(5543, b'1', 4687, 'COLONIA GUTIERREZ ', '5411', 5541),
(5544, b'1', 4688, 'SANTA LUCIA ', '5411', 5541),
(5545, b'1', 4689, 'GENERAL MOSCONI', '5411', 5541),
(5546, b'1', 5865, 'SIN INFORMAR', '5411', 5541),
(5548, b'1', 4690, 'CAÑADA HONDA ', '5435', 5547),
(5549, b'1', 4691, 'RIO MAYO ', '2594', 5547),
(5550, b'1', 4692, 'COLONIA FISCAL ', '5435', 5547),
(5551, b'1', 4693, 'DIVISADERO ', '5435', 5547),
(5552, b'1', 4694, 'GUANACACHE ', '5435', 5547),
(5553, b'1', 4695, 'LAS LAGUNAS ', '5435', 5547),
(5554, b'1', 4696, 'LOS BERROS ', '5435', 5547),
(5555, b'1', 4697, 'PEDERNAL ', '5435', 5547),
(5556, b'1', 4698, 'PUNTA DEL MEDANO ', '5435', 5547),
(5557, b'1', 4699, 'MEDIA AGUA ', '5435', 5547),
(5558, b'1', 4700, 'COCHAGUAL ', '5435', 5547),
(5559, b'1', 4701, 'RETAMITO ', '5435', 5547),
(5560, b'1', 4702, 'TRES ESQUINA ', '5435', 5547),
(5561, b'1', 5866, 'SIN INFORMAR', '5435', 5547),
(5563, b'1', 4703, 'TALACASTO ', '5409', 5562),
(5564, b'1', 4704, 'MATAGUSANOS ', '2587', 5562),
(5565, b'1', 4705, 'VILLA AURORA ', '2594', 5562),
(5566, b'1', 4706, 'EL CHILOTE ', '5409', 5562),
(5567, b'1', 4707, 'GUALILAN ', '5409', 5562),
(5568, b'1', 4708, 'SANTA ROSA ', '5409', 5562),
(5569, b'1', 4709, 'LA TOMA ', '5409', 5562),
(5570, b'1', 4710, 'VILLA IBAÑEZ ', '5409', 5562),
(5571, b'1', 5867, 'SIN INFORMAR', '5409', 5562),
(5573, b'1', 4711, 'ASTICA ', '5449', 5572),
(5574, b'1', 4712, 'BALDES DEL ROSARIO ', '5449', 5572),
(5575, b'1', 4713, 'CHUCUMA ', '5449', 5572),
(5576, b'1', 4714, 'LOS BALDECITOS ', '5449', 5572),
(5577, b'1', 4715, 'USNO ', '5449', 5572),
(5578, b'1', 4716, 'VILLA SAN AGUSTIN ', '5449', 5572),
(5579, b'1', 4717, 'AGUA CERCADA ', '5449', 5572),
(5580, b'1', 4718, 'SIERRA DE ELIZONDO ', '5449', 5572),
(5581, b'1', 4719, 'ISCHIGUALASTO ', '5449', 5572),
(5582, b'1', 4720, 'LAS TUMANAS ', '5449', 5572),
(5583, b'1', 4721, 'LOS BRETES ', '5449', 5572),
(5584, b'1', 4722, 'LOS RINCONES ', '5449', 5572),
(5585, b'1', 4723, 'SIERRRA DE RIVERO ', '5449', 5572),
(5586, b'1', 4724, 'SIERRA DE CHAVEZ ', '5449', 5572),
(5587, b'1', 4725, 'LA MAJADITA ', '5449', 5572),
(5588, b'1', 4726, 'LA MESADA ', '5449', 5572),
(5589, b'1', 4727, 'VALDES DE ASTICA ', '5449', 5572),
(5590, b'1', 4728, 'VALDES DEL SUR ', '5449', 5572),
(5591, b'1', 4729, 'RIO VERDE ', '5449', 5572),
(5592, b'1', 4730, 'VALDES DE LAS CHILCAS ', '5449', 5572),
(5593, b'1', 5868, 'SIN INFORMAR', '5449', 5572),
(5595, b'1', 4731, 'EL ENCON ', '5443', 5594),
(5596, b'1', 4732, 'LA CHIMBERA ', '5443', 5594),
(5597, b'1', 4733, 'TUPELI ', '5443', 5594),
(5598, b'1', 4734, 'VILLA BORJAS ', '5443', 5594),
(5599, b'1', 4735, 'VILLA EL TANGO ', '5443', 5594),
(5600, b'1', 4736, 'SANTA ROSA ', '5443', 5594),
(5601, b'1', 4737, 'CASUARINAS ', '5443', 5594),
(5602, b'1', 4738, 'POZO SALADO  ', '5443', 5594),
(5603, b'1', 5869, 'SIN INFORMAR', '5443', 5594),
(5605, b'1', 4739, 'VILLA BASILIO NIEVAS ', '5401', 5604),
(5606, b'1', 4740, 'VILLA TACU ', '5401', 5604),
(5607, b'1', 5870, 'SIN INFORMAR', '5401', 5604),
(5609, b'1', 6224, 'SIN INFORMAR', '0', 5608),
(5612, b'1', 4741, 'CANDELARIA ', '5713', 5611),
(5613, b'1', 4742, 'LA MAJADA ', '5703', 5611),
(5614, b'1', 4743, 'LEANDRO N. ALEM ', '5703', 5611),
(5615, b'1', 4744, 'LUJAN ', '5709', 5611),
(5616, b'1', 4745, 'QUINES ', '5711', 5611),
(5617, b'1', 4746, 'RIO JUAN GOMEZ ', '5705', 5611),
(5618, b'1', 4747, 'SAN FRANCISCO DEL MONTE DE ORO ', '5705', 5611),
(5619, b'1', 4748, 'AGRO CANDELARIA ', '5707', 5611),
(5620, b'1', 4749, 'BALDE DE AZCURRA ', '5707', 5611),
(5621, b'1', 4750, 'BALDE DE PUERTAS ', '5707', 5611),
(5622, b'1', 4751, 'BALDE DE QUINES ', '5715', 5611),
(5623, b'1', 4752, 'BALDECITO ', '5713', 5611),
(5624, b'1', 4753, 'BARZOLA ', '5719', 5611),
(5625, b'1', 4754, 'BELLA VISTA ', '5707', 5611),
(5626, b'1', 4755, 'EL BAÑADO ', '5711', 5611),
(5627, b'1', 4756, 'EL CHAÑAR ', '5711', 5611),
(5628, b'1', 4757, 'EL RETAMO ', '5711', 5611),
(5629, b'1', 4758, 'EL VINAGRILLO ', '5711', 5611),
(5630, b'1', 4759, 'EL ZAMPAL ', '5703', 5611),
(5631, b'1', 4760, 'EL ZAPALLAR ', '5711', 5611),
(5632, b'1', 4761, 'LA BOTIJA ', '5707', 5611),
(5633, b'1', 4762, 'LA CHAÑARIENTA ', '5703', 5611),
(5634, b'1', 4763, 'LA LEONA ', '5703', 5611),
(5635, b'1', 4764, 'LA SELVA ', '5724', 5611),
(5636, b'1', 4765, 'LA TRANCA ', '5421', 5611),
(5637, b'1', 4766, 'LA VENECIA ', '5703', 5611),
(5638, b'1', 4767, 'LOMAS BLANCAS ', '5707', 5611),
(5639, b'1', 4768, 'PUNTA NEGRA ', '5707', 5611),
(5640, b'1', 4769, 'SAN IGNACIO ', '5719', 5611),
(5641, b'1', 4770, 'SAN ROQUE ', '5719', 5611),
(5642, b'1', 4771, 'SAN VICENTE ', '5719', 5611),
(5643, b'1', 4772, 'SANTA ROSA DE CANTANTAL ', '5719', 5611),
(5644, b'1', 4773, 'LA CANDELA ', '5707', 5611),
(5645, b'1', 5871, 'SIN INFORMAR', '5707', 5611),
(5647, b'1', 4774, 'ALTO TAVIRA ', '5703', 5646),
(5648, b'1', 4775, 'ARBOL SOLO ', '5703', 5646),
(5649, b'1', 4776, 'BAJO DEL DURAZNO ', '5719', 5646),
(5650, b'1', 4777, 'BARRIAL ', '5703', 5646),
(5651, b'1', 4778, 'BELLA ESTANCIA ', '5719', 5646),
(5652, b'1', 4779, 'BUEN ORDEN ', '5719', 5646),
(5653, b'1', 4780, 'CABEZA DE VACA ', '5719', 5646),
(5654, b'1', 4781, 'CAÑADA DE VILAN ', '5719', 5646),
(5655, b'1', 4782, 'DIVISADERO ', '5703', 5646),
(5656, b'1', 4783, 'EL CHAÑAR ', '5703', 5646),
(5657, b'1', 4784, 'EL DICHOSO ', '5719', 5646),
(5658, b'1', 4785, 'EL GIGANTE ', '5719', 5646),
(5659, b'1', 4786, 'EL JARILLAL ', '5719', 5646),
(5660, b'1', 4787, 'EL MILAGRO ', '5703', 5646),
(5661, b'1', 4788, 'EL RAMBLON ', '5719', 5646),
(5662, b'1', 4789, 'EL RECODO ', '5719', 5646),
(5663, b'1', 4790, 'EL SOSIEGO ', '5719', 5646),
(5664, b'1', 4791, 'HUALTARAN ', '5719', 5646),
(5665, b'1', 4792, 'LA AURORA ', '5771', 5646),
(5666, b'1', 4793, 'LA PERLITA ', '5719', 5646),
(5667, b'1', 4794, 'LAS BRISAS ', '5719', 5646),
(5668, b'1', 4795, 'LOS ARADITOS ', '5719', 5646),
(5669, b'1', 4796, 'LOS CERRILLOS ', '5715', 5646),
(5670, b'1', 4797, 'LOS RAMBLONES ', '5703', 5646),
(5671, b'1', 4798, 'POZO DEL TALA ', '5703', 5646),
(5672, b'1', 4799, 'PUERTA DE LA QUEBRADA ', '5719', 5646),
(5673, b'1', 4800, 'REPRESA DEL CARMEN ', '5719', 5646),
(5674, b'1', 4801, 'SAN ANTONIO ', '5719', 5646),
(5675, b'1', 4802, 'SAN ISIDRO ', '5719', 5646),
(5676, b'1', 4803, 'VIZCACHERA ', '5703', 5646),
(5677, b'1', 4804, 'TORO NEGRO ', '5703', 5646),
(5678, b'1', 4805, 'LA CALERA ', '5719', 5646);
INSERT INTO `localidades` (`id`, `activo`, `id_segun_api`, `nombre`, `codigo_postal`, `municipio`) VALUES
(5679, b'1', 4806, 'NOGOLI ', '5703', 5646),
(5680, b'1', 4807, 'VILLA DE LA QUEBRADA ', '5703', 5646),
(5681, b'1', 4808, 'VILLA GENERAL ROCA ', '5703', 5646),
(5682, b'1', 5872, 'SIN INFORMAR', '5719', 5646),
(5684, b'1', 4809, 'BALCARCE ', '5883', 5683),
(5685, b'1', 4810, 'CANAL NORTE ', '5759', 5683),
(5686, b'1', 4811, 'CUATRO ESQUINAS ', '5750', 5683),
(5687, b'1', 4812, 'EL CHURRASCO ', '5759', 5683),
(5688, b'1', 4813, 'EL PORVENIR ', '5775', 5683),
(5689, b'1', 4814, 'EL RECUERDO ', '5883', 5683),
(5690, b'1', 4815, 'EL SAUCE ', '5770', 5683),
(5691, b'1', 4816, 'EL SIFON ', '5759', 5683),
(5692, b'1', 4817, 'EL TALA ', '5759', 5683),
(5693, b'1', 4818, 'PAVON ARRIBA', '5773', 5683),
(5694, b'1', 4819, 'LAS CANTERAS ', '5759', 5683),
(5695, b'1', 4820, 'LAS ROSAS ', '5750', 5683),
(5696, b'1', 4821, 'LOS LOBOS ', '5771', 5683),
(5697, b'1', 4822, 'TRAHUNCURA', '8351', 5683),
(5698, b'1', 4823, 'LOMA VERDE ', '5759', 5683),
(5699, b'1', 4824, 'PEYRANO', '5753', 5683),
(5700, b'1', 4825, 'PUNTA DEL MONTE ', '5759', 5683),
(5701, b'1', 4826, 'SAN FELIPE ', '5759', 5683),
(5702, b'1', 4827, 'SAN MIGUEL ', '5200', 5683),
(5703, b'1', 4828, 'SANTA MARTINA ', '5770', 5683),
(5704, b'1', 4829, 'CONCARAN ', '5770', 5683),
(5705, b'1', 4830, 'CORTADERAS ', '5883', 5683),
(5706, b'1', 4831, 'NASCHEL ', '5759', 5683),
(5707, b'1', 4832, 'PAPAGAYOS ', '5883', 5683),
(5708, b'1', 4833, 'RENCA ', '5775', 5683),
(5709, b'1', 4834, 'SAN PABLO ', '5773', 5683),
(5710, b'1', 4835, 'VILLA LA ANGOSTURA', '8407', 5683),
(5711, b'1', 4836, 'VILLA DEL CARMEN ', '5835', 5683),
(5712, b'1', 4837, 'VILLA LARCA ', '5883', 5683),
(5713, b'1', 5873, 'SIN INFORMAR', '5759', 5683),
(5714, b'1', 6282, 'TILISARAO', NULL, 5683),
(5716, b'1', 4838, 'CAROLINA ', '5701', 5715),
(5717, b'1', 4839, 'EL TRAPICHE ', '5701', 5715),
(5718, b'1', 4840, 'FRAGA ', '5736', 5715),
(5719, b'1', 4841, 'LA BAJADA ', '5701', 5715),
(5720, b'1', 4842, 'LA FLORIDA ', '5701', 5715),
(5721, b'1', 4843, 'LA TOMA ', '5750', 5715),
(5722, b'1', 4844, 'RIOCITO ', '5701', 5715),
(5723, b'1', 4845, 'SALADILLO ', '5751', 5715),
(5724, b'1', 4846, 'ARROYO BARRANQUITA ', '5701', 5715),
(5725, b'1', 4847, 'BALDE DE LA ISLA ', '5701', 5715),
(5726, b'1', 4848, 'BALDECITOS ', '5713', 5715),
(5727, b'1', 4849, 'CAÑADA HONDA ', '5701', 5715),
(5728, b'1', 4850, 'COMANDANTE GRANVILLE ', '5736', 5715),
(5729, b'1', 4851, 'CUATRO ESQUINAS ', '5750', 5715),
(5730, b'1', 4852, 'EL AMAGO ', '5701', 5715),
(5731, b'1', 4853, 'EL DURAZNO ', '5701', 5715),
(5732, b'1', 4854, 'EL MANANTIAL ', '5701', 5715),
(5733, b'1', 4855, 'EL ZAPALLAR ', '5711', 5715),
(5734, b'1', 4856, 'GENERAL MOSCONI', '5722', 5715),
(5735, b'1', 4857, 'JUAN GEZ ', '5722', 5715),
(5736, b'1', 4858, 'RIO MAYO ', '2594', 5715),
(5737, b'1', 4859, 'LA ATALAYA ', '5736', 5715),
(5738, b'1', 4860, 'LA CUMBRE ', '5736', 5715),
(5739, b'1', 4861, 'LA PETRA ', '5751', 5715),
(5740, b'1', 4862, 'LA PUERTA ', '5755', 5715),
(5741, b'1', 4863, 'LAS TOTORAS ', '5751', 5715),
(5742, b'1', 4864, 'LOS MEMBRILLOS ', '5701', 5715),
(5743, b'1', 4865, 'LOS POCITOS ', '5736', 5715),
(5744, b'1', 4866, 'PAMPA DEL TAMBOREO ', '5701', 5715),
(5745, b'1', 4867, 'PASO DE LAS CARRETAS ', '5701', 5715),
(5746, b'1', 4868, 'PASO DEL REY ', '5701', 5715),
(5747, b'1', 4869, 'PUERTA DE PANCANTA ', '5701', 5715),
(5748, b'1', 4870, 'RIO GRANDE ', '5701', 5715),
(5749, b'1', 4871, 'SAN GREGORIO ', '2587', 5715),
(5750, b'1', 4872, 'VALLE DE PANCANTA ', '2594', 5715),
(5751, b'1', 4873, 'VIRORCO ', '5701', 5715),
(5752, b'1', 5874, 'SIN INFORMAR', '5736', 5715),
(5754, b'1', 4874, 'CALDENADAS ', '5730', 5753),
(5755, b'1', 4875, 'CHALANTA ', '5730', 5753),
(5756, b'1', 4876, 'CORONEL ALZOGARAY ', '5736', 5753),
(5757, b'1', 4877, 'CRAMER ', '5733', 5753),
(5758, b'1', 4878, 'EL CENTENARIO ', '6279', 5753),
(5759, b'1', 4879, 'EL DURAZNO ', '6277', 5753),
(5760, b'1', 4880, 'GLORIA DE DIOS ', '6277', 5753),
(5761, b'1', 4881, 'LA AGUADA ', '5750', 5753),
(5762, b'1', 4882, 'LA ANGELINA ', '5730', 5753),
(5763, b'1', 4883, 'LA ESQUINA ', '5709', 5753),
(5764, b'1', 4884, 'LA PORTADA ', '5731', 5753),
(5765, b'1', 4885, 'LAS ISLETAS ', '5730', 5753),
(5766, b'1', 4886, 'LAS VIZCACHERAS ', '5731', 5753),
(5767, b'1', 4887, 'LIBORIO LUNA ', '5736', 5753),
(5768, b'1', 4888, 'PEDERNERA ', '5730', 5753),
(5769, b'1', 4889, 'PIONEROS SIGLO XXI ', '5736', 5753),
(5770, b'1', 4890, 'RIO QUINTO ', '5738', 5753),
(5771, b'1', 4891, 'SOVEN ', '6277', 5753),
(5772, b'1', 4892, 'TRAVESIA ', '5738', 5753),
(5773, b'1', 4893, 'JUAN JORBA ', '5731', 5753),
(5774, b'1', 4894, 'JUAN LLERENA ', '5736', 5753),
(5775, b'1', 4895, 'JUSTO DARACT ', '5738', 5753),
(5776, b'1', 4896, 'LA PUNILLA ', '5831', 5753),
(5777, b'1', 4897, 'LAVAISSE ', '5730', 5753),
(5778, b'1', 4898, 'SAN JOSE DEL MORRO ', '5731', 5753),
(5779, b'1', 4899, 'VILLA MERCEDES ', '5730', 5753),
(5780, b'1', 4900, 'VILLA REYNOLDS ', '5733', 5753),
(5781, b'1', 4901, 'VILLA SALLES ', '5738', 5753),
(5782, b'1', 5875, 'SIN INFORMAR', '5736', 5753),
(5784, b'1', 4902, 'ANCHORENA ', '6389', 5783),
(5785, b'1', 4903, 'ARIZONA ', '6389', 5783),
(5786, b'1', 4904, 'BAGUAL ', '6216', 5783),
(5787, b'1', 4905, 'BATAVIA ', '6279', 5783),
(5788, b'1', 4906, 'BUENA ESPERANZA ', '6277', 5783),
(5789, b'1', 4907, 'FORTIN EL PATRIA ', '6279', 5783),
(5790, b'1', 4908, 'FORTUNA ', '6216', 5783),
(5791, b'1', 4909, 'LA MAROMA ', '6216', 5783),
(5792, b'1', 4910, 'MARTIN DE LOYOLA ', '6279', 5783),
(5793, b'1', 4911, 'NAHUEL MAPA ', '6279', 5783),
(5794, b'1', 4912, 'NAVIA ', '6279', 5783),
(5795, b'1', 4913, 'NUEVA GALIA ', '6216', 5783),
(5796, b'1', 4914, 'UNION ', '6216', 5783),
(5797, b'1', 4915, 'AURORA PUNTANA ', '6216', 5783),
(5798, b'1', 4916, 'BAJADA NUEVA ', '6277', 5783),
(5799, b'1', 4917, 'CASIMIRO GOMEZ ', '6277', 5783),
(5800, b'1', 4918, 'COCHEQUINGAN ', '6216', 5783),
(5801, b'1', 4919, 'COLONIA CALZADA ', '6279', 5783),
(5802, b'1', 4920, 'COLONIA LA FLORIDA ', '6216', 5783),
(5803, b'1', 4921, 'COLONIA LA VERDE ', '6389', 5783),
(5804, b'1', 4922, 'COLONIA URDANIZ ', '6216', 5783),
(5805, b'1', 4923, 'CORONEL SEGOVIA ', '6279', 5783),
(5806, b'1', 4924, 'EL PEJE ', '6216', 5783),
(5807, b'1', 4925, 'EL PORVENIR ', '6216', 5783),
(5808, b'1', 4926, 'FRISIA ', '6216', 5783),
(5809, b'1', 4927, 'LOS OVEROS ', '6216', 5783),
(5810, b'1', 4928, 'NUEVA CONSTITUCION ', '6279', 5783),
(5811, b'1', 4929, 'USIYAL ', '6216', 5783),
(5812, b'1', 4930, 'VICENTE DUPUY ', '6216', 5783),
(5813, b'1', 5876, 'SIN INFORMAR', '6216', 5783),
(5815, b'1', 4931, 'BAÑADO DE CAUTANA ', '5711', 5814),
(5816, b'1', 4932, 'BALDE DE ESCUDERO ', '5715', 5814),
(5817, b'1', 4933, 'CAPILLA DE ROMERO ', '5779', 5814),
(5818, b'1', 4934, 'CERRITO BLANCO ', '5777', 5814),
(5819, b'1', 4935, 'INJERTOS ', '5779', 5814),
(5820, b'1', 4936, 'LA AGUADA ', '5779', 5814),
(5821, b'1', 4937, 'LA INVERNADA ', '5777', 5814),
(5822, b'1', 4938, 'LA MEDULA ', '5713', 5814),
(5823, b'1', 4939, 'LA QUEBRADA ', '5703', 5814),
(5824, b'1', 4940, 'LA UNION ', '5779', 5814),
(5825, b'1', 4941, 'LAS CHILCAS ', '5779', 5814),
(5826, b'1', 4942, 'LAS ISLITAS ', '5715', 5814),
(5827, b'1', 4943, 'LAS LOMITAS ', '5779', 5814),
(5828, b'1', 4944, 'LAS PALOMAS ', '5715', 5814),
(5829, b'1', 4945, 'LOS ARGüELLOS ', '5777', 5814),
(5830, b'1', 4946, 'LOS CHAÑARES ', '5777', 5814),
(5831, b'1', 4947, 'LOS DURAZNITOS ', '5773', 5814),
(5832, b'1', 4948, 'LOS QUEBRACHOS ', '5770', 5814),
(5833, b'1', 4949, 'OJO DEL RIO ', '5777', 5814),
(5834, b'1', 4950, 'PASO ANCHO ', '5721', 5814),
(5835, b'1', 4951, 'PIEDRA BLANCA ', '5881', 5814),
(5836, b'1', 4952, 'PUNTA DEL AGUA ', '5873', 5814),
(5837, b'1', 4953, 'RINCON DEL ESTE ', '5881', 5814),
(5838, b'1', 4954, 'ROSARIO ', '5779', 5814),
(5839, b'1', 4955, 'O\'HIGGINS', '5883', 5814),
(5840, b'1', 4956, 'CERRO DE ORO ', '5881', 5814),
(5841, b'1', 4957, 'LAFINUR ', '5871', 5814),
(5842, b'1', 4958, 'LOS CAJONES ', '5871', 5814),
(5843, b'1', 4959, 'LOS MOLLES ', '5711', 5814),
(5844, b'1', 4960, 'MERLO ', '5881', 5814),
(5845, b'1', 4961, 'SANTA ROSA DE CONLARA ', '5777', 5814),
(5846, b'1', 4962, 'TALITA ', '5711', 5814),
(5847, b'1', 5877, 'SIN INFORMAR', '5779', 5814),
(5848, b'1', 6300, 'CARPINTERIA', NULL, 5814),
(5850, b'1', 4963, 'ALTO BLANCO ', '5700', 5849),
(5851, b'1', 4964, 'BUENA VISTA ', '5701', 5849),
(5852, b'1', 4965, 'CHARLONE ', '5719', 5849),
(5853, b'1', 4966, 'COLONIA SANTA VIRGINIA ', '5700', 5849),
(5854, b'1', 4967, 'DONADO ', '5721', 5849),
(5855, b'1', 4968, 'DONOVAN ', '5701', 5849),
(5856, b'1', 4969, 'EL LECHUZA ', '5724', 5849),
(5857, b'1', 4970, 'EL PORTEZUELO ', '5750', 5849),
(5858, b'1', 4971, 'EL RECUERDO ', '5883', 5849),
(5859, b'1', 4972, 'LAS BARRANCAS ', '5719', 5849),
(5860, b'1', 4973, 'GORGONTA ', '5721', 5849),
(5861, b'1', 4974, 'HUEJEDA ', '5721', 5849),
(5862, b'1', 4975, 'LA IRENE ', '5721', 5849),
(5863, b'1', 4976, 'LA SEÑA ', '5700', 5849),
(5864, b'1', 4977, 'LA SOLEDAD ', '5700', 5849),
(5865, b'1', 4978, 'LAS GAMAS ', '5721', 5849),
(5866, b'1', 4979, 'LOS PUQUIOS ', '5701', 5849),
(5867, b'1', 4980, 'MATACO ', '5724', 5849),
(5868, b'1', 4981, 'PASO DE LAS VACAS ', '5721', 5849),
(5869, b'1', 4982, 'PESCADORES ', '5701', 5849),
(5870, b'1', 4983, 'POZO DEL CARRIL ', '5703', 5849),
(5871, b'1', 4984, 'PUNTA DEL CERRO ', '5721', 5849),
(5872, b'1', 4985, 'SAN MARTIN DEL ALTO NEGRO ', '5700', 5849),
(5873, b'1', 4986, 'SANTA ROSA ', '5777', 5849),
(5874, b'1', 4987, 'SUYUQUE NUEVO ', '5703', 5849),
(5875, b'1', 4988, 'SUYUQUE VIEJO ', '5703', 5849),
(5876, b'1', 4989, 'VARELA ', '5721', 5849),
(5877, b'1', 4990, 'VILLA PASCUA ', '5700', 5849),
(5878, b'1', 4991, 'ALTO PELADO ', '5721', 5849),
(5879, b'1', 4992, 'ALTO PENCOSO ', '5724', 5849),
(5880, b'1', 4993, 'BALDE ', '5724', 5849),
(5881, b'1', 4994, 'BEAZLEY ', '5721', 5849),
(5882, b'1', 4995, 'CAZADOR ', '5721', 5849),
(5883, b'1', 4996, 'CHOSMES ', '5724', 5849),
(5884, b'1', 4997, 'DESAGUADERO ', '5724', 5849),
(5885, b'1', 4998, 'EL VOLCAN ', '5701', 5849),
(5886, b'1', 4999, 'JARILLA ', '5724', 5849),
(5887, b'1', 5000, 'JUANA KOSLAY ', '5701', 5849),
(5888, b'1', 5001, 'LA PUNTA ', '5710', 5849),
(5889, b'1', 5002, 'MOSMOTA ', '5721', 5849),
(5890, b'1', 5003, 'POTRERO DE LOS FUNES ', '5701', 5849),
(5891, b'1', 5004, 'SALINAS DEL BEBEDERO ', '5724', 5849),
(5892, b'1', 5005, 'SAN GERONIMO ', '5719', 5849),
(5893, b'1', 5006, 'SAN LUIS ', '5700', 5849),
(5894, b'1', 5007, 'ZANJITAS ', '5721', 5849),
(5895, b'1', 5878, 'SIN INFORMAR', '5700', 5849),
(5897, b'1', 5008, 'LAS AGUADAS ', '5771', 5896),
(5898, b'1', 5009, 'LAS CHACRAS ', '5753', 5896),
(5899, b'1', 5010, 'LAS LAGUNAS ', '5773', 5896),
(5900, b'1', 5011, 'LAS VERTIENTES ', '5755', 5896),
(5901, b'1', 5012, 'PASO GRANDE ', '5753', 5896),
(5902, b'1', 5013, 'SAN MARTIN ', '5755', 5896),
(5903, b'1', 5014, 'VILLA DE PRAGA ', '5753', 5896),
(5904, b'1', 5015, 'ALSA ', '5755', 5896),
(5905, b'1', 5016, 'BAJO DE VELIZ ', '5755', 5896),
(5906, b'1', 5017, 'BARRANCOS ALTOS ', '5777', 5896),
(5907, b'1', 5018, 'BUENA VISTA ', '5701', 5896),
(5908, b'1', 5019, 'CABEZA DE NOVILLO ', '5771', 5896),
(5909, b'1', 5020, 'CAÑADA QUEMADA ', '5753', 5896),
(5910, b'1', 5021, 'CERROS LARGOS ', '5701', 5896),
(5911, b'1', 5022, 'EL ARENAL ', '5701', 5896),
(5912, b'1', 5023, 'EL DIVISADERO ', '5703', 5896),
(5913, b'1', 5024, 'EL ESTANQUITO ', '5755', 5896),
(5914, b'1', 5025, 'EL RINCON ', '5755', 5896),
(5915, b'1', 5026, 'EL VALLE ', '5755', 5896),
(5916, b'1', 5027, 'INTIHUASI ', '5701', 5896),
(5917, b'1', 5028, 'LA CIENAGA ', '5701', 5896),
(5918, b'1', 5029, 'LA COCHA ', '5773', 5896),
(5919, b'1', 5030, 'LA HUERTA ', '5753', 5896),
(5920, b'1', 5031, 'LA RAMADA ', '5753', 5896),
(5921, b'1', 5032, 'LA TOLORA ', '5755', 5896),
(5922, b'1', 5033, 'LAS LAGUNAS ', '5773', 5896),
(5923, b'1', 5034, 'LOS COMEDEROS ', '5770', 5896),
(5924, b'1', 5035, 'MANANTIAL ', '5755', 5896),
(5925, b'1', 5036, 'MESILLA DEL CURA ', '5755', 5896),
(5926, b'1', 5037, '9 DE JULIO ', '5755', 5896),
(5927, b'1', 5038, 'PIEDRAS ANCHAS ', '5755', 5896),
(5928, b'1', 5039, 'POTRERILLO ', '5753', 5896),
(5929, b'1', 5040, 'PUERTA COLORADA ', '5771', 5896),
(5930, b'1', 5041, 'QUEBRADA DE SAN VICENTE ', '5755', 5896),
(5931, b'1', 5042, 'RINCON DEL CARMEN ', '5771', 5896),
(5932, b'1', 5043, 'RODEO VIEJO ', '5755', 5896),
(5933, b'1', 5044, 'SAN ANTONIO ', '5755', 5896),
(5934, b'1', 5045, 'SAN ISIDRO ', '5753', 5896),
(5935, b'1', 5046, 'SAN RAFAEL ', '5753', 5896),
(5936, b'1', 5047, 'TALA VERDE ', '5771', 5896),
(5937, b'1', 5879, 'SIN INFORMAR', '5755', 5896),
(5939, b'1', 6225, 'SIN INFORMAR', '0', 5938),
(5942, b'1', 5048, 'COMANDANTE LUIS PIEDRABUENA', '9303', 5941),
(5943, b'1', 5049, 'PUERTO SANTA CRUZ', '9300', 5941),
(5944, b'1', 5050, 'PUERTO DE PUNTA QUILLA', '9300', 5941),
(5945, b'1', 5583, 'RIO CHICO', '9303', 5941),
(5946, b'1', 5880, 'SIN INFORMAR', '9303', 5941),
(5948, b'1', 5584, 'CALETA OLIVIA', '9011', 5947),
(5949, b'1', 5585, 'CAÑADON SECO', '9013', 5947),
(5950, b'1', 5586, 'FITZ ROY', '9019', 5947),
(5951, b'1', 5587, 'JARAMILLO', '9053', 5947),
(5952, b'1', 5588, 'KOLUEL KAYKE', '9019', 5947),
(5953, b'1', 5589, 'PAMPA ALTA', '9050', 5947),
(5954, b'1', 5590, 'TRES CERROS', '9050', 5947),
(5955, b'1', 5591, 'LAS HERAS', '9017', 5947),
(5956, b'1', 5592, 'PICO TRUNCADO', '9015', 5947),
(5957, b'1', 5593, 'PUERTO DESEADO', '9050', 5947),
(5958, b'1', 5594, 'TELLIER', '9050', 5947),
(5959, b'1', 5595, 'BAHIA LAURA', '9310', 5947),
(5960, b'1', 5596, 'CABO BLANCO', '9051', 5947),
(5961, b'1', 5597, 'LA CABAÑA', '9050', 5947),
(5962, b'1', 5598, 'LOS MONOS', '9050', 5947),
(5963, b'1', 5881, 'SIN INFORMAR', '9050', 5947),
(5965, b'1', 5599, 'BELLA VISTA', '9401', 5964),
(5966, b'1', 5600, 'CERRO LEON', '9400', 5964),
(5967, b'1', 5601, 'ESPERANZA', '9401', 5964),
(5968, b'1', 5602, 'FUENTES DEL COYLE', '9407', 5964),
(5969, b'1', 5603, 'GüER AIKE', '9400', 5964),
(5970, b'1', 5604, 'EL TURBIO VIEJO', '9407', 5964),
(5971, b'1', 5605, 'CABO VIRGENES', '9400', 5964),
(5972, b'1', 5606, 'PUNTA LOYOLA', '9400', 5964),
(5973, b'1', 5607, 'EL TURBIO', '9407', 5964),
(5974, b'1', 5608, 'J. DUFOUR', '9408', 5964),
(5975, b'1', 5609, 'MINA 3', '9407', 5964),
(5976, b'1', 5610, 'RIO GALLEGOS', '9400', 5964),
(5977, b'1', 5611, 'RIO TURBIO', '9407', 5964),
(5978, b'1', 5612, 'ROSPENTEK AIKE', '9407', 5964),
(5979, b'1', 5613, 'VEINTIOCHO DE NOVIEMBRE', '9408', 5964),
(5980, b'1', 5882, 'SIN INFORMAR', '9400', 5964),
(5982, b'1', 5614, 'EL CALAFATE', '9405', 5981),
(5983, b'1', 5615, 'EL CHALTEN', '9301', 5981),
(5984, b'1', 5616, 'TRES LAGOS', '9301', 5981),
(5985, b'1', 5617, 'LA LEONA', '9405', 5981),
(5986, b'1', 5618, 'PUERTO BANDERA', '9405', 5981),
(5987, b'1', 5883, 'SIN INFORMAR', '9405', 5981),
(5989, b'1', 5619, 'LOS ANTIGUOS', '9041', 5988),
(5990, b'1', 5620, 'PERITO MORENO (SANTA CRUZ)', '9040', 5988),
(5991, b'1', 5621, 'CUEVA DE LAS MANOS', '9040', 5988),
(5992, b'1', 5622, 'EL PLUMA', '9017', 5988),
(5993, b'1', 5623, 'GENDARMERIA NACIONAL', '9040', 5988),
(5994, b'1', 5884, 'SIN INFORMAR', '9040', 5988),
(5996, b'1', 5624, 'EL SALADO', '9310', 5995),
(5997, b'1', 5625, 'BELLA VISTA', '9310', 5995),
(5998, b'1', 5626, 'PUERTO SAN JULIAN', '9310', 5995),
(5999, b'1', 5885, 'SIN INFORMAR', '9310', 5995),
(6001, b'1', 5627, 'RIO BLANCO', '9011', 6000),
(6002, b'1', 5628, 'LAGO POSADAS', '9015', 6000),
(6003, b'1', 5629, 'RIO OLNIE', '9011', 6000),
(6004, b'1', 5630, 'TAMEL AIKE', '9315', 6000),
(6005, b'1', 5631, 'BAJO CARACOLES', '9315', 6000),
(6006, b'1', 5632, 'GOBERNADOR GREGORES', '9311', 6000),
(6007, b'1', 5633, 'HIPOLITO YRIGOYEN', '9011', 6000),
(6008, b'1', 5886, 'SIN INFORMAR', '9011', 6000),
(6010, b'1', 6226, 'SIN INFORMAR', '0', 6009),
(6013, b'1', 2801, 'ARMSTRONG', '2508', 6012),
(6014, b'1', 2802, 'BOUQUET', '2523', 6012),
(6015, b'1', 2803, 'LAS PAREJAS', '2505', 6012),
(6016, b'1', 2804, 'LAS ROSAS', '2520', 6012),
(6017, b'1', 2805, 'MONTES DE OCA', '2521', 6012),
(6018, b'1', 2806, 'TORTUGAS', '2512', 6012),
(6019, b'1', 5979, 'SIN INFORMAR', '2257', 6012),
(6021, b'1', 2807, 'AREQUITO', '2183', 6020),
(6022, b'1', 2808, 'ARTEAGA', '2187', 6020),
(6023, b'1', 2809, 'BERABEVU', '2639', 6020),
(6024, b'1', 2810, 'BIGAND', '2177', 6020),
(6025, b'1', 2811, 'CASILDA', '2170', 6020),
(6026, b'1', 2812, 'CHABAS', '2173', 6020),
(6027, b'1', 2813, 'CHAÑAR LADEADO', '2643', 6020),
(6028, b'1', 2814, 'GöDEKEN', '2640', 6020),
(6029, b'1', 2815, 'LOS MOLINOS', '2181', 6020),
(6030, b'1', 2816, 'LOS QUIRQUINCHOS', '2637', 6020),
(6031, b'1', 2817, 'SAN JOSE DE LA ESQUINA', '2185', 6020),
(6032, b'1', 2818, 'SANFORD', '2174', 6020),
(6033, b'1', 2819, 'VILLADA', '2174', 6020),
(6034, b'1', 5980, 'SIN INFORMAR', '3000', 6020),
(6036, b'1', 2820, 'ALDAO', '2214', 6035),
(6037, b'1', 2821, 'ANGELICA', '2303', 6035),
(6038, b'1', 2822, 'ATALIVA', '2307', 6035),
(6039, b'1', 2823, 'AURELIA', '3083', 6035),
(6040, b'1', 2824, 'BAUER Y SIGER', '2403', 6035),
(6041, b'1', 2825, 'BELLA ITALIA', '2301', 6035),
(6042, b'1', 2826, 'CASTELLANOS', '2301', 6035),
(6043, b'1', 2827, 'COLONIA BICHA', '2317', 6035),
(6044, b'1', 2828, 'COLONIA BIGAND', '2317', 6035),
(6045, b'1', 2829, 'COLONIA CELLO', '2405', 6035),
(6046, b'1', 2830, 'COLONIA ITURRASPE', '3001', 6035),
(6047, b'1', 2831, 'COLONIA MARGARITA', '2443', 6035),
(6048, b'1', 2832, 'COLONIA RAQUEL', '2322', 6035),
(6049, b'1', 2833, 'CORONEL FRAGA', '2301', 6035),
(6050, b'1', 2834, 'EGUSQUIZA', '2301', 6035),
(6051, b'1', 2835, 'ESMERALDA', '2456', 6035),
(6052, b'1', 2836, 'ESTACION CLUCELLAS', '2407', 6035),
(6053, b'1', 2837, 'EUSEBIA Y CAROLINA', '2317', 6035),
(6054, b'1', 2838, 'ESTACION MARIA JUANA', '2445', 6035),
(6055, b'1', 2839, 'EUSTOLIA', '2403', 6035),
(6056, b'1', 2840, 'FIDELA', '2301', 6035),
(6057, b'1', 2841, 'FRONTERA', '2438', 6035),
(6058, b'1', 2842, 'GALISTEO', '2307', 6035),
(6059, b'1', 2843, 'GARIBALDI', '2443', 6035),
(6060, b'1', 2844, 'HUGENTOBLER', '2317', 6035),
(6061, b'1', 2845, 'HUMBERTO PRIMO', '2309', 6035),
(6062, b'1', 2846, 'JOSEFINA', '2403', 6035),
(6063, b'1', 2847, 'LEHMANN', '2305', 6035),
(6064, b'1', 2848, 'MARIA JUANA', '2445', 6035),
(6065, b'1', 2849, 'MAUA', '2311', 6035),
(6066, b'1', 2850, 'PLAZA CLUCELLAS', '2407', 6035),
(6067, b'1', 2851, 'PRESIDENTE ROCA', '2301', 6035),
(6068, b'1', 2852, 'PUEBLO MARINI', '2301', 6035),
(6069, b'1', 2853, 'RAFAELA', '2300', 6035),
(6070, b'1', 2854, 'RAMONA', '2301', 6035),
(6071, b'1', 2855, 'SAGUIER', '2301', 6035),
(6072, b'1', 2856, 'SAN ANTONIO', '2301', 6035),
(6073, b'1', 2857, 'SAN VICENTE', '2447', 6035),
(6074, b'1', 2858, 'SANTA CLARA DE SAGUIER', '2405', 6035),
(6075, b'1', 2859, 'SUNCHALES', '2322', 6035),
(6076, b'1', 2860, 'SUSANA', '2321', 6035),
(6077, b'1', 2861, 'TACURAL', '2324', 6035),
(6078, b'1', 2862, 'TACURALES', '2324', 6035),
(6079, b'1', 2863, 'VILA', '2301', 6035),
(6080, b'1', 2864, 'VILLA SAN JOSE', '2301', 6035),
(6081, b'1', 2865, 'VIRGINIA', '2311', 6035),
(6082, b'1', 2866, 'ZENON PEREYRA', '2409', 6035),
(6083, b'1', 5981, 'SIN INFORMAR', '2301', 6035),
(6084, b'1', 6310, 'BAUER Y SIGEL', '2403', 6035),
(6086, b'1', 2867, 'ALCORTA', '2117', 6085),
(6087, b'1', 2868, 'BOMBAL', '2179', 6085),
(6088, b'1', 2869, 'CAÑADA RICA', '2105', 6085),
(6089, b'1', 2870, 'CEPEDA', '2105', 6085),
(6090, b'1', 2871, 'EMPALME VILLA CONSTITUCION', '2918', 6085),
(6091, b'1', 2872, 'GENERAL GELLY', '2919', 6085),
(6092, b'1', 2873, 'GODOY', '2921', 6085),
(6093, b'1', 2874, 'JUAN BERNABE MOLINA', '2103', 6085),
(6094, b'1', 2875, 'JUNCAL', '2723', 6085),
(6095, b'1', 2876, 'LA VANGUARDIA', '2105', 6085),
(6096, b'1', 2877, 'MAXIMO PAZ', '2115', 6085),
(6097, b'1', 2878, 'PAVON ARRIBA', '2109', 6085),
(6098, b'1', 2879, 'RUEDA', '2921', 6085),
(6099, b'1', 2880, 'SANTA TERESA', '2919', 6085),
(6100, b'1', 2881, 'SARGENTO CABRAL', '2105', 6085),
(6101, b'1', 2882, 'TRAHUNCURA', '8351', 6085),
(6102, b'1', 2883, 'VILLA CONSTITUCION', '2919', 6085),
(6103, b'1', 5982, 'SIN INFORMAR', '2919', 6085),
(6104, b'1', 6260, 'PAVON', NULL, 6085),
(6105, b'1', 6287, 'THEOBALD', NULL, 6085),
(6106, b'1', 6301, 'PEYRANO', '2113', 6085),
(6108, b'1', 2884, 'PEYRANO', '3001', 6107),
(6109, b'1', 2885, 'COLONIA MASCIAS', '3001', 6107),
(6110, b'1', 2886, 'HELVECIA', '3003', 6107),
(6111, b'1', 2887, 'SALADERO MARIANO CABAL', '5200', 6107),
(6112, b'1', 2888, 'SANTA ROSA DE CALCHINES', '3022', 6107),
(6113, b'1', 5983, 'SIN INFORMAR', '3066', 6107),
(6115, b'1', 2889, 'AARON CASTELLANOS', '6106', 6114),
(6116, b'1', 2890, 'AMENABAR', '6103', 6114),
(6117, b'1', 2891, 'CAFFERATA', '2643', 6114),
(6118, b'1', 2892, 'CAÑADA DEL UCLE', '2635', 6114),
(6119, b'1', 2893, 'CARMEN', '2618', 6114),
(6120, b'1', 2894, 'CARRERAS', '2729', 6114),
(6121, b'1', 2895, 'VILLA LA ANGOSTURA', '8407', 6114),
(6122, b'1', 2896, 'CHOVET', '2633', 6114),
(6123, b'1', 2897, 'CHRISTOPHERSEN', '6039', 6114),
(6124, b'1', 2898, 'DIEGO DE ALVEAR', '6036', 6114),
(6125, b'1', 2899, 'ELORTONDO', '2732', 6114),
(6126, b'1', 2900, 'FIRMAT', '2630', 6114),
(6127, b'1', 2901, 'HUGHES', '2725', 6114),
(6128, b'1', 2902, 'LA CHISPA', '2601', 6114),
(6129, b'1', 2903, 'LABORDEBOY', '2726', 6114),
(6130, b'1', 2904, 'LAZZARINO', '6103', 6114),
(6131, b'1', 2905, 'MAGGIOLO', '2622', 6114),
(6132, b'1', 2906, 'MARIA TERESA', '2609', 6114),
(6133, b'1', 2907, 'MELINCUE', '2728', 6114),
(6134, b'1', 2908, 'MIGUEL TORRES', '2631', 6114),
(6135, b'1', 2909, 'MURPHY', '2601', 6114),
(6136, b'1', 2910, 'RUFINO', '6100', 6114),
(6137, b'1', 2911, 'SAN EDUARDO', '2615', 6114),
(6138, b'1', 2912, 'SAN FRANCISCO DE SANTA FE', '2604', 6114),
(6139, b'1', 2913, 'SAN GREGORIO', '2613', 6114),
(6140, b'1', 2914, 'SANCTI SPIRITU', '2617', 6114),
(6141, b'1', 2915, 'SANTA ISABEL', '2605', 6114),
(6142, b'1', 2916, 'GENERAL MOSCONI', '6009', 6114),
(6143, b'1', 2917, 'VENADO TUERTO', '2600', 6114),
(6144, b'1', 2918, 'RIO MAYO ', '2594', 6114),
(6145, b'1', 2919, 'WHEELWRIGHT', '2722', 6114),
(6146, b'1', 5984, 'SIN INFORMAR', '2255', 6114),
(6147, b'1', 6267, 'TEODELINA', NULL, 6114),
(6148, b'1', 6278, 'VILLA CAÑAS', NULL, 6114),
(6150, b'1', 2920, 'ARROYO CEIBAL', '3575', 6149),
(6151, b'1', 2921, 'AVELLANEDA', '3561', 6149),
(6152, b'1', 2922, 'BERNA', '3569', 6149),
(6153, b'1', 2923, 'EL ARAZA', '3563', 6149),
(6154, b'1', 2924, 'EL RABON', '3592', 6149),
(6155, b'1', 2925, 'EL SOMBRERITO', '3585', 6149),
(6156, b'1', 2926, 'FLORENCIA', '3516', 6149),
(6157, b'1', 2927, 'GUADALUPE NORTE', '3574', 6149),
(6158, b'1', 2928, 'INGENIERO CHANOURDIE', '3575', 6149),
(6159, b'1', 2929, 'LA SARITA', '3563', 6149),
(6160, b'1', 2930, 'LANTERI', '3575', 6149),
(6161, b'1', 2931, 'LAS GARZAS', '2587', 6149),
(6162, b'1', 2932, 'LAS TOSCAS', '2594', 6149),
(6163, b'1', 2933, 'LOS LAURELES', '3567', 6149),
(6164, b'1', 2934, 'MALABRIGO', '3572', 6149),
(6165, b'1', 2935, 'NICANOR MOLINAS', '3563', 6149),
(6166, b'1', 2936, 'RECONQUISTA', '3560', 6149),
(6167, b'1', 2937, 'SAN ANTONIO DE OBLIGADO', '3587', 6149),
(6168, b'1', 2938, 'TACUARENDI', '3588', 6149),
(6169, b'1', 2939, 'VILLA ANA', '3583', 6149),
(6170, b'1', 2940, 'VILLA GUILLERMINA', '3589', 6149),
(6171, b'1', 2941, 'VILLA OCAMPO', '3580', 6149),
(6172, b'1', 5985, 'SIN INFORMAR', '3587', 6149),
(6174, b'1', 2942, 'BUSTINZA', '2501', 6173),
(6175, b'1', 2943, 'CAÑADA DE GOMEZ', '2500', 6173),
(6176, b'1', 2944, 'CARRIZALES', '2218', 6173),
(6177, b'1', 2945, 'CLASON', '2146', 6173),
(6178, b'1', 2946, 'CORREA', '2506', 6173),
(6179, b'1', 2947, 'LUCIO V. LOPEZ', '2142', 6173),
(6180, b'1', 2948, 'OLIVEROS', '2206', 6173),
(6181, b'1', 2949, 'PUEBLO ANDINO', '2214', 6173),
(6182, b'1', 2950, 'SALTO GRANDE', '2142', 6173),
(6183, b'1', 2951, 'SERODINO', '2216', 6173),
(6184, b'1', 2952, 'TOTORAS', '2144', 6173),
(6185, b'1', 2953, 'VILLA ELOISA', '2503', 6173),
(6186, b'1', 5986, 'SIN INFORMAR', '3018', 6173),
(6188, b'1', 2954, 'ALTO VERDE', '3001', 6187),
(6189, b'1', 2955, 'ANGEL GALLARDO', '3014', 6187),
(6190, b'1', 2956, 'AROMOS', '3036', 6187),
(6191, b'1', 2957, 'ARROYO AGUIAR', '3014', 6187),
(6192, b'1', 2958, 'ARROYO LEYES', '3001', 6187),
(6193, b'1', 2959, 'ASCOCHINGA', '3014', 6187),
(6194, b'1', 2960, 'BARRIO LA GUARDIA', '3001', 6187),
(6195, b'1', 2961, 'CABAL', '3036', 6187),
(6196, b'1', 2962, 'CAMPO ANDINO', '3021', 6187),
(6197, b'1', 2963, 'CANDIOTI', '3018', 6187),
(6198, b'1', 2964, 'COLASTINE', '3001', 6187),
(6199, b'1', 2965, 'EMILIA', '3036', 6187),
(6200, b'1', 2966, 'IRIONDO', '3018', 6187),
(6201, b'1', 2967, 'LAGUNA PAIVA', '3020', 6187),
(6202, b'1', 2968, 'LASSAGA', '3000', 6187),
(6203, b'1', 2969, 'LLAMBI CAMPBELL', '3036', 6187),
(6204, b'1', 2970, 'MANUCHO', '3023', 6187),
(6205, b'1', 2971, 'MONTE VERA', '3014', 6187),
(6206, b'1', 2972, 'NELSON', '3032', 6187),
(6207, b'1', 2973, 'PARAJE CHACO CHICO', '3000', 6187),
(6208, b'1', 2974, 'PARAJE LA COSTA', '3001', 6187),
(6209, b'1', 2975, 'RECREO', '3018', 6187),
(6210, b'1', 2976, 'RINCON POTRERO', '3001', 6187),
(6211, b'1', 2977, 'SAN JOSE DEL RINCON', '3089', 6187),
(6212, b'1', 2978, 'SANTA FE', '3000', 6187),
(6213, b'1', 2979, 'SANTO TOME', '3016', 6187),
(6214, b'1', 2980, 'SAUCE VIEJO', '3017', 6187),
(6215, b'1', 2981, 'VILLA LAURA', '3014', 6187),
(6216, b'1', 5987, 'SIN INFORMAR', '3000', 6187),
(6218, b'1', 2982, 'COLONIA CAVOUR', '3083', 6217),
(6219, b'1', 2983, 'COLONIA SAN JOSE', '3016', 6217),
(6220, b'1', 2984, 'CULULU', '3023', 6217),
(6221, b'1', 2985, 'ELISA', '3029', 6217),
(6222, b'1', 2986, 'EMPALME SAN CARLOS', '3007', 6217),
(6223, b'1', 2987, 'ESPERANZA', '3080', 6217),
(6224, b'1', 2988, 'FELICIA', '3087', 6217),
(6225, b'1', 2989, 'FRANCK', '3009', 6217),
(6226, b'1', 2990, 'GRUTLY', '3083', 6217),
(6227, b'1', 2991, 'HIPATIA', '3023', 6217),
(6228, b'1', 2992, 'HUMBOLDT', '3081', 6217),
(6229, b'1', 2993, 'ITUZAINGO', '2311', 6217),
(6230, b'1', 2994, 'JACINTO L. ARAUZ', '3029', 6217),
(6231, b'1', 2995, 'LA PELADA', '3027', 6217),
(6232, b'1', 2996, 'LAS TUNAS', '3017', 6217),
(6233, b'1', 2997, 'MARIA LUISA', '3025', 6217),
(6234, b'1', 2998, 'MATILDE', '3013', 6217),
(6235, b'1', 2999, 'NUEVO TORINO', '3087', 6217),
(6236, b'1', 3000, 'PILAR', '3085', 6217),
(6237, b'1', 3001, 'PROGRESO', '3023', 6217),
(6238, b'1', 3002, 'PROVIDENCIA', '3025', 6217),
(6239, b'1', 3003, 'PUJATO NORTE', '3080', 6217),
(6240, b'1', 3004, 'RIVADAVIA', '3081', 6217),
(6241, b'1', 3005, 'SA PEREIRA', '3011', 6217),
(6242, b'1', 3006, 'SAN AGUSTIN', '3017', 6217),
(6243, b'1', 3007, 'SAN CARLOS CENTRO', '3013', 6217),
(6244, b'1', 3008, 'SAN CARLOS NORTE', '3010', 6217),
(6245, b'1', 3009, 'SAN CARLOS SUD', '3013', 6217),
(6246, b'1', 3010, 'SAN JERONIMO DEL SAUCE', '3019', 6217),
(6247, b'1', 3011, 'SAN JERONIMO NORTE', '3015', 6217),
(6248, b'1', 3012, 'SAN MARIANO', '3039', 6217),
(6249, b'1', 3013, 'SANTA CLARA DE BUENA VISTA', '2258', 6217),
(6250, b'1', 3014, 'SANTA MARIA CENTRO', '3011', 6217),
(6251, b'1', 3015, 'O\'HIGGINS', '3011', 6217),
(6252, b'1', 3016, 'SANTO DOMINGO', '3025', 6217),
(6253, b'1', 3017, 'SARMIENTO', '3023', 6217),
(6254, b'1', 3018, 'SOUTOMAYOR', '3025', 6217),
(6255, b'1', 5988, 'SIN INFORMAR', '3080', 6217),
(6257, b'1', 3019, 'EL NOCHERO', '3069', 6256),
(6258, b'1', 3020, 'ESTEBAN RAMS', '3066', 6256),
(6259, b'1', 3021, 'GATO COLORADO', '3541', 6256),
(6260, b'1', 3022, 'GREGORIA PEREZ DE DENIS', '3069', 6256),
(6261, b'1', 3023, 'JUAN DE GARAY', '3066', 6256),
(6262, b'1', 3024, 'LOGROÑO', '3066', 6256),
(6263, b'1', 3025, 'MONTEFIORE', '2341', 6256),
(6264, b'1', 3026, 'POZO BORRADO', '3067', 6256),
(6265, b'1', 3027, 'SAN BERNARDO', '3061', 6256),
(6266, b'1', 3028, 'SANTA MARGARITA', '3068', 6256),
(6267, b'1', 3029, 'TOSTADO', '3060', 6256),
(6268, b'1', 3030, 'VILLA MINETTI', '3061', 6256),
(6269, b'1', 5989, 'SIN INFORMAR', '2341', 6256),
(6271, b'1', 3031, 'ACEBAL', '2109', 6270),
(6272, b'1', 3032, 'ALBARELLOS', '2101', 6270),
(6273, b'1', 3033, 'ALVAREZ', '2107', 6270),
(6274, b'1', 3034, 'ALVEAR', '2126', 6270),
(6275, b'1', 3035, 'ARMINDA', '2119', 6270),
(6276, b'1', 3036, 'ARROYO SECO', '2128', 6270),
(6277, b'1', 3037, 'CARMEN DEL SAUCE', '2109', 6270),
(6278, b'1', 3038, 'CORONEL BOGADO', '2103', 6270),
(6279, b'1', 3039, 'CORONEL RODOLFO S. DOMINGUEZ', '2105', 6270),
(6280, b'1', 3040, 'FIGHIERA', '2126', 6270),
(6281, b'1', 3041, 'FUNES', '2132', 6270),
(6282, b'1', 3042, 'GENERAL LAGOS', '2127', 6270),
(6283, b'1', 3043, 'GRANADERO BAIGORRIA', '2152', 6270),
(6284, b'1', 3044, 'IBARLUCEA', '2142', 6270),
(6285, b'1', 3045, 'PEREZ', '2121', 6270),
(6286, b'1', 3046, 'PIÑERO', '2119', 6270),
(6287, b'1', 3047, 'PUEBLO ESTHER', '2129', 6270),
(6288, b'1', 3048, 'PUEBLO MUÑOZ', '2120', 6270),
(6289, b'1', 3049, 'PUEBLO URANGA', '2105', 6270),
(6290, b'1', 3050, 'ROSARIO', '2000', 6270),
(6291, b'1', 3051, 'SOLDINI', '2107', 6270),
(6292, b'1', 3052, 'VILLA AMELIA', '2109', 6270),
(6293, b'1', 3053, 'VILLA GOBERNADOR GALVEZ', '2124', 6270),
(6294, b'1', 3054, 'ZAVALLA', '2123', 6270),
(6295, b'1', 5990, 'SIN INFORMAR', '2000', 6270),
(6297, b'1', 3055, 'AGUARA GRANDE', '3071', 6296),
(6298, b'1', 3056, 'AMBROSETTI', '2352', 6296),
(6299, b'1', 3057, 'ARRUFO', '2344', 6296),
(6300, b'1', 3058, 'CAPIVARA', '2311', 6296),
(6301, b'1', 3059, 'CERES', '2340', 6296),
(6302, b'1', 3060, 'COLONIA ANA', '2349', 6296),
(6303, b'1', 3061, 'COLONIA BOSSI', '2317', 6296),
(6304, b'1', 3062, 'COLONIA CLARA', '3025', 6296),
(6305, b'1', 3063, 'COLONIA DOS ROSAS Y LA LEGUA', '2349', 6296),
(6306, b'1', 3064, 'COLONIA ROSA', '2347', 6296),
(6307, b'1', 3065, 'CONSTANZA', '2311', 6296),
(6308, b'1', 3066, 'CURUPAITY', '2342', 6296),
(6309, b'1', 3067, 'HERSILIA', '2352', 6296),
(6310, b'1', 3068, 'HUANQUEROS', '3076', 6296),
(6311, b'1', 3069, 'LA CABRAL', '3074', 6296),
(6312, b'1', 3070, 'LA LUCILA', '3072', 6296),
(6313, b'1', 3071, 'LA RUBIA (SANTA FE)', '3052', 6296),
(6314, b'1', 3072, 'LAS AVISPAS', '3074', 6296),
(6315, b'1', 3073, 'LAS PALMERAS', '2326', 6296),
(6316, b'1', 3074, 'MOISES VILLE', '2313', 6296),
(6317, b'1', 3075, 'MONIGOTES', '2342', 6296),
(6318, b'1', 3076, 'MONTE OSCURIDAD', '2349', 6296),
(6319, b'1', 3077, 'ÑANDUCITA', '3072', 6296),
(6320, b'1', 3078, 'PALACIOS (SANTA FE)', '2326', 6296),
(6321, b'1', 3079, 'PORTUGALETE', '3071', 6296),
(6322, b'1', 3080, 'SAN CRISTOBAL', '3070', 6296),
(6323, b'1', 3081, 'SAN GUILLERMO', '2347', 6296),
(6324, b'1', 3082, 'SANTURCE', '3074', 6296),
(6325, b'1', 3083, 'SOLEDAD', '3025', 6296),
(6326, b'1', 3084, 'SUARDI', '2349', 6296),
(6327, b'1', 3085, 'VILLA SARALEGUI', '3046', 6296),
(6328, b'1', 3086, 'VILLA TRINIDAD', '2345', 6296),
(6329, b'1', 5991, 'SIN INFORMAR', '3070', 6296),
(6331, b'1', 3087, 'ALEJANDRA', '3051', 6330),
(6332, b'1', 3088, 'CACIQUE ARIACAIQUIN', '3041', 6330),
(6333, b'1', 3089, 'COLONIA DURAN', '3553', 6330),
(6334, b'1', 3090, 'LA BRAVA', '3005', 6330),
(6335, b'1', 3091, 'ROMANG', '3555', 6330),
(6336, b'1', 3092, 'SAN JAVIER', '3005', 6330),
(6337, b'1', 5992, 'SIN INFORMAR', '3005', 6330),
(6339, b'1', 3093, 'AROCENA', '2242', 6338),
(6340, b'1', 3094, 'BARRANCAS', '2246', 6338),
(6341, b'1', 3095, 'BERNARDO DE IRIGOYEN', '2248', 6338),
(6342, b'1', 3096, 'CAMPO PIAGGIO', '2252', 6338),
(6343, b'1', 3097, 'CASALEGNO', '2248', 6338),
(6344, b'1', 3098, 'CENTENO', '2148', 6338),
(6345, b'1', 3099, 'CORONDA', '2240', 6338),
(6346, b'1', 3100, 'DESVIO ARIJON', '2242', 6338),
(6347, b'1', 3101, 'DIAZ', '2222', 6338),
(6348, b'1', 3102, 'GABOTO', '2208', 6338),
(6349, b'1', 3103, 'GALVEZ', '2252', 6338),
(6350, b'1', 3104, 'GESSLER', '2253', 6338),
(6351, b'1', 3105, 'LARRECHEA', '2241', 6338),
(6352, b'1', 3106, 'LOMA ALTA', '2253', 6338),
(6353, b'1', 3107, 'LOPEZ', '2255', 6338),
(6354, b'1', 3108, 'MACIEL', '2208', 6338),
(6355, b'1', 3109, 'MONJE', '2212', 6338),
(6356, b'1', 3110, 'PUEBLO IRIGOYEN', '2249', 6338),
(6357, b'1', 3111, 'SAN EUGENIO', '2253', 6338),
(6358, b'1', 3112, 'SAN FABIAN', '2242', 6338),
(6359, b'1', 3113, 'SAN GENARO', '2146', 6338),
(6360, b'1', 5993, 'SIN INFORMAR', '3009', 6338),
(6362, b'1', 3114, 'ANGELONI', '3048', 6361),
(6363, b'1', 3115, 'CAYASTACITO', '3038', 6361),
(6364, b'1', 3116, 'COLONIA DOLORES', '3045', 6361),
(6365, b'1', 3117, 'ESTHER', '3036', 6361),
(6366, b'1', 3118, 'GOBERNADOR CRESPO', '3044', 6361),
(6367, b'1', 3119, 'LA CAMILA', '3054', 6361),
(6368, b'1', 3120, 'LA CRIOLLA', '3052', 6361),
(6369, b'1', 3121, 'LA PENCA Y CARAGUATA', '3045', 6361),
(6370, b'1', 3122, 'MARCELINO ESCALADA', '3042', 6361),
(6371, b'1', 3123, 'NARE', '3046', 6361),
(6372, b'1', 3124, 'PEDRO GOMEZ CELLO', '3054', 6361),
(6373, b'1', 3125, 'RAMAYON', '3042', 6361),
(6374, b'1', 3126, 'SAN BERNARDO', '3048', 6361),
(6375, b'1', 3127, 'SAN JUSTO', '3040', 6361),
(6376, b'1', 3128, 'SAN MARTIN NORTE', '3045', 6361),
(6377, b'1', 3129, 'SILVA', '3045', 6361),
(6378, b'1', 3130, 'VERA Y PINTADO', '3054', 6361),
(6379, b'1', 3131, 'VIDELA', '3048', 6361),
(6380, b'1', 5994, 'SIN INFORMAR', '3040', 6361),
(6382, b'1', 3132, 'ALDAO', '2214', 6381),
(6383, b'1', 3133, 'CORONEL ARNOLD', '2123', 6381),
(6384, b'1', 3134, 'FUENTES', '2123', 6381),
(6385, b'1', 3135, 'PUJATO', '2122', 6381),
(6386, b'1', 3136, 'RICARDONE', '2201', 6381),
(6387, b'1', 3137, 'SAN JERONIMO SUD', '2136', 6381),
(6388, b'1', 3138, 'TIMBUES', '2204', 6381),
(6389, b'1', 3139, 'VILLA MUGUETA', '2175', 6381),
(6390, b'1', 3140, 'LUIS PALACIOS', '2142', 6381),
(6391, b'1', 3141, 'CAPITAN BERMUDEZ', '2154', 6381),
(6392, b'1', 3142, 'CARCARAÑA', '2138', 6381),
(6393, b'1', 3143, 'FRAY LUIS BELTRAN', '2156', 6381),
(6394, b'1', 3144, 'PUERTO GENERAL SAN MARTIN', '2202', 6381),
(6395, b'1', 3145, 'ROLDAN', '2134', 6381),
(6396, b'1', 3146, 'SAN LORENZO', '2200', 6381),
(6397, b'1', 5995, 'SIN INFORMAR', '2200', 6381),
(6399, b'1', 3147, 'CAÑADA ROSQUIN', '2454', 6398),
(6400, b'1', 3148, 'CARLOS PELLEGRINI', '2453', 6398),
(6401, b'1', 3149, 'CASAS', '2148', 6398),
(6402, b'1', 3150, 'CASTELAR', '2401', 6398),
(6403, b'1', 3151, 'COLONIA BELGRANO', '2257', 6398),
(6404, b'1', 3152, 'CRISPI', '2441', 6398),
(6405, b'1', 3153, 'EL TREBOL', '2535', 6398),
(6406, b'1', 3154, 'LANDETA', '2531', 6398),
(6407, b'1', 3155, 'LAS BANDURRIAS', '2148', 6398),
(6408, b'1', 3156, 'LAS PETACAS', '2451', 6398),
(6409, b'1', 3157, 'LOS CARDOS', '2533', 6398),
(6410, b'1', 3158, 'MARIA SUSANA', '2527', 6398),
(6411, b'1', 3159, 'PIAMONTE', '2529', 6398),
(6412, b'1', 3160, 'SAN JORGE', '2451', 6398),
(6413, b'1', 3161, 'SAN MARTIN DE LAS ESCOBAS', '2349', 6398),
(6414, b'1', 3162, 'SASTRE', '2440', 6398),
(6415, b'1', 3163, 'TRAILL', '2456', 6398),
(6416, b'1', 5996, 'SIN INFORMAR', '2202', 6398),
(6418, b'1', 3164, 'CALCHAQUI', '3050', 6417),
(6419, b'1', 3165, 'CAÑADA OMBU', '3551', 6417),
(6420, b'1', 3166, 'FORTIN OLMOS', '3553', 6417),
(6421, b'1', 3167, 'GARABATO', '3551', 6417),
(6422, b'1', 3168, 'GOLONDRINA', '3551', 6417),
(6423, b'1', 3169, 'INTIYACO', '3551', 6417),
(6424, b'1', 3170, 'LA GALLARETA', '3057', 6417),
(6425, b'1', 3171, 'LOS AMORES', '3551', 6417),
(6426, b'1', 3172, 'MARGARITA', '3056', 6417),
(6427, b'1', 3173, 'TARTAGAL', '3565', 6417),
(6428, b'1', 3174, 'TOBA', '3551', 6417),
(6429, b'1', 3175, 'VERA', '3550', 6417),
(6430, b'1', 5997, 'SIN INFORMAR', '3550', 6417),
(6432, b'1', 6227, 'SIN INFORMAR', '0', 6431),
(6435, b'1', 5634, 'PINTO', '2356', 6434),
(6436, b'1', 5635, 'ARGENTINA', '2354', 6434),
(6437, b'1', 5636, 'CASARES', '2357', 6434),
(6438, b'1', 5637, 'MALBRAN', '2354', 6434),
(6439, b'1', 5887, 'SIN INFORMAR', '2354', 6434),
(6441, b'1', 5638, 'CAMPO GALLO', '3747', 6440),
(6442, b'1', 5639, 'DONADEU', '3741', 6440),
(6443, b'1', 5640, 'SACHAYOJ', '3731', 6440),
(6444, b'1', 5641, 'SANTOS LUGARES', '4301', 6440),
(6445, b'1', 5642, 'AGUSTINA LIBARONA', '3741', 6440),
(6446, b'1', 5643, 'CORONEL MANUEL LEONCIO RICO', '3712', 6440),
(6447, b'1', 5644, 'EL SETENTA', '3741', 6440),
(6448, b'1', 5645, 'HUACHANA', '3741', 6440),
(6449, b'1', 5646, 'LAS CARPAS', '3741', 6440),
(6450, b'1', 5647, 'SAN GREGORIO', '4301', 6440),
(6451, b'1', 5648, 'VILLA PALMAR', '4301', 6440),
(6452, b'1', 5888, 'SIN INFORMAR', '3731', 6440),
(6454, b'1', 5649, 'CHILCA LA LOMA', '4301', 6453),
(6455, b'1', 5650, 'COLLERA HUARCUNA', '4315', 6453),
(6456, b'1', 5651, 'HOYON', '4315', 6453),
(6457, b'1', 5652, 'LOS TOLOZAS', '4319', 6453),
(6458, b'1', 5653, 'SOCONCHO', '4317', 6453),
(6459, b'1', 5654, 'TASIGASTA', '4317', 6453),
(6460, b'1', 5655, 'YACU CHIRI', '4317', 6453),
(6461, b'1', 5656, 'ESTACION ATAMISQUI', '4317', 6453),
(6462, b'1', 5657, 'MEDELLIN', '4313', 6453),
(6463, b'1', 5658, 'VILLA ATAMISQUI', '4317', 6453),
(6464, b'1', 5889, 'SIN INFORMAR', '4317', 6453),
(6466, b'1', 5659, 'COLONIA DORA', '4332', 6465),
(6467, b'1', 5660, 'HERRERA', '4328', 6465),
(6468, b'1', 5661, 'ICAÑO', '4334', 6465),
(6469, b'1', 5662, 'LUGONES', '4326', 6465),
(6470, b'1', 5663, 'REAL SAYANA', '4334', 6465),
(6471, b'1', 5664, 'VILLA MAILIN', '4328', 6465),
(6472, b'1', 5890, 'SIN INFORMAR', '4332', 6465),
(6474, b'1', 5665, 'ANTAJE', '4300', 6473),
(6475, b'1', 5666, 'ARDILES', '4302', 6473),
(6476, b'1', 5667, 'CAÑADA ESCOBAR', '4301', 6473),
(6477, b'1', 5668, 'CHAUPI POZO', '4302', 6473),
(6478, b'1', 5669, 'CLODOMIRA', '4338', 6473),
(6479, b'1', 5670, 'LA AURORA', '4336', 6473),
(6480, b'1', 5671, 'LA DARSENA', '4300', 6473),
(6481, b'1', 5672, 'LOS QUIROGA', '4302', 6473),
(6482, b'1', 5673, 'ESTACION SIMBOLAR', '4339', 6473),
(6483, b'1', 5674, 'TRAMO 16', '4300', 6473),
(6484, b'1', 5891, 'SIN INFORMAR', '4300', 6473),
(6485, b'1', 6237, 'LA BANDA', '4300', 6473),
(6487, b'1', 5675, 'BANDERA', '3064', 6486),
(6488, b'1', 5676, 'CUATRO BOCAS', '3061', 6486),
(6489, b'1', 5677, 'FORTIN INCA', '3062', 6486),
(6490, b'1', 5678, 'GUARDIA ESCOLTA', '3062', 6486),
(6491, b'1', 5892, 'SIN INFORMAR', '3064', 6486),
(6493, b'1', 5679, 'SAN PEDRO', '4200', 6492),
(6494, b'1', 5680, 'VILLA ZANJON', '4206', 6492),
(6495, b'1', 5681, 'SANTIAGO DEL ESTERO', '4200', 6492),
(6496, b'1', 5893, 'SIN INFORMAR', '4200', 6492),
(6498, b'1', 5682, 'CHOYA', '4233', 6497),
(6499, b'1', 5683, 'FRIAS', '4230', 6497),
(6500, b'1', 5684, 'LAPRIDA', '4205', 6497),
(6501, b'1', 5685, 'TAPSO', '4234', 6497),
(6502, b'1', 5686, 'VILLA LA PUNTA', '4203', 6497),
(6503, b'1', 5687, 'ANCAJAN', '4233', 6497),
(6504, b'1', 5688, 'ESTACION LA PUNTA', '4203', 6497),
(6505, b'1', 5689, 'MAQUIJATA', '4203', 6497),
(6506, b'1', 5690, 'SAN PEDRO DE CHOYA', '4238', 6497),
(6507, b'1', 5894, 'SIN INFORMAR', '4233', 6497),
(6509, b'1', 5051, 'SAN JOSE DEL BOQUERON', '4301', 6508),
(6510, b'1', 5052, 'VILLA MATOQUE', '4301', 6508),
(6511, b'1', 5691, 'EL CABURE', '3712', 6508),
(6512, b'1', 5692, 'LOS PIRPINTOS', '3712', 6508),
(6513, b'1', 5693, 'MONTE QUEMADO', '3714', 6508),
(6514, b'1', 5694, 'PAMPA DE LOS GUANACOS', '3712', 6508),
(6515, b'1', 5895, 'SIN INFORMAR', '3714', 6508),
(6517, b'1', 5053, 'BANDERA BAJADA', '4301', 6516),
(6518, b'1', 5054, 'COLONIA SAN JUAN', '4353', 6516),
(6519, b'1', 5055, 'LA CAÑADA', '4354', 6516),
(6520, b'1', 5056, 'LA INVERNADA', '4301', 6516),
(6521, b'1', 5057, 'VILLA FIGUEROA', '4301', 6516),
(6522, b'1', 5896, 'SIN INFORMAR', '4301', 6516),
(6524, b'1', 5058, 'AÑATUYA', '3760', 6523),
(6525, b'1', 5059, 'AVERIAS', '3766', 6523),
(6526, b'1', 5060, 'ESTACION TACAÑITAS', '3766', 6523),
(6527, b'1', 5061, 'LOS JURIES', '3763', 6523),
(6528, b'1', 5062, 'TOMAS YOUNG', '3765', 6523),
(6529, b'1', 5897, 'SIN INFORMAR', '4324', 6523),
(6531, b'1', 5063, 'DOÑA LUISA', '4238', 6530),
(6532, b'1', 5064, 'GUAMPACHA', '4203', 6530),
(6533, b'1', 5065, 'LAVALLE', '4234', 6530),
(6534, b'1', 5066, 'SAN PEDRO DE GUASAYAN', '4238', 6530),
(6535, b'1', 5898, 'SIN INFORMAR', '4238', 6530),
(6537, b'1', 5067, 'PAVON ARRIBA', '4187', 6536),
(6538, b'1', 5068, 'EL CHARCO', '4306', 6536),
(6539, b'1', 5069, 'GRAMILLA', '4306', 6536),
(6540, b'1', 5070, 'POZO HONDO', '4184', 6536),
(6541, b'1', 5899, 'SIN INFORMAR', '4322', 6536),
(6543, b'1', 5071, 'TRAHUNCURA', '8351', 6542),
(6544, b'1', 5072, 'EL CUADRADO', '3765', 6542),
(6545, b'1', 5073, 'PEYRANO', '4356', 6542),
(6546, b'1', 5074, 'POZO DEL TOBA', '3741', 6542),
(6547, b'1', 5075, 'SUNCHO CORRAL', '3750', 6542),
(6548, b'1', 5076, 'VILELAS', '5200', 6542),
(6549, b'1', 5900, 'SIN INFORMAR', '3749', 6542),
(6551, b'1', 5077, 'AYUNCHA', '4208', 6550),
(6552, b'1', 5078, 'BELTRAN', '4308', 6550),
(6553, b'1', 5079, 'CHUÑA ALBARDON', '4208', 6550),
(6554, b'1', 5080, 'DIENTE DEL ARADO', '4208', 6550),
(6555, b'1', 5081, 'JUMI POZO', '4208', 6550),
(6556, b'1', 5082, 'KILOMETRO 83', '4208', 6550),
(6557, b'1', 5083, 'KILOMETRO 90', '4208', 6550),
(6558, b'1', 5084, 'VILLA LA ANGOSTURA', '8407', 6550),
(6559, b'1', 5085, 'LA NORIA', '4208', 6550),
(6560, b'1', 5086, 'LA REVANCHA', '4208', 6550),
(6561, b'1', 5087, 'MONTE REDONDO', '4208', 6550),
(6562, b'1', 5088, 'PUESTO DE JUANES', '4208', 6550),
(6563, b'1', 5089, 'PUESTO DE SUAREZ', '4208', 6550),
(6564, b'1', 5090, 'PUNUA', '4208', 6550),
(6565, b'1', 5091, 'SAN GERONIMO', '4208', 6550),
(6566, b'1', 5092, 'SAN VICENTE', '4208', 6550),
(6567, b'1', 5093, 'SANTA BARBARA', '4208', 6550),
(6568, b'1', 5094, 'SAUCE SOLO', '4208', 6550),
(6569, b'1', 5095, 'TAQUETUYOJ', '4208', 6550),
(6570, b'1', 5096, 'TIO POZO', '4208', 6550),
(6571, b'1', 5097, 'VILLA VIEJA O LORETO VIEJO', '4208', 6550),
(6572, b'1', 5098, 'LORETO O VILLA SAN MARTIN', '4208', 6550),
(6573, b'1', 5901, 'SIN INFORMAR', '4208', 6550),
(6575, b'1', 5099, 'VILLA UNION', '2357', 6574),
(6576, b'1', 5902, 'SIN INFORMAR', '2357', 6574),
(6578, b'1', 5100, 'LAS TINAJAS', '4351', 6577),
(6579, b'1', 5101, 'OTUMPA', '3741', 6577),
(6580, b'1', 5102, 'PATAY', '3745', 6577),
(6581, b'1', 5103, 'QUIMILI', '3740', 6577),
(6582, b'1', 5104, 'TINTINA', '3743', 6577),
(6583, b'1', 5105, 'GENERAL MOSCONI', '4351', 6577),
(6584, b'1', 5903, 'SIN INFORMAR', '3741', 6577),
(6586, b'1', 5106, 'SOL DE JULIO', '5255', 6585),
(6587, b'1', 5107, 'RIO MAYO ', '2594', 6585),
(6588, b'1', 5904, 'SIN INFORMAR', '5250', 6585),
(6589, b'1', 6318, 'OJO DE AGUA', '5250', 6585),
(6591, b'1', 5108, 'EL MOJON', '4197', 6590),
(6592, b'1', 5109, 'LAS DELICIAS', '4189', 6590),
(6593, b'1', 5110, 'NUEVA ESPERANZA', '4197', 6590),
(6594, b'1', 5111, 'POZO BETBEDER', '4189', 6590),
(6595, b'1', 5112, 'QUEBRACHO COTO', '4195', 6590),
(6596, b'1', 5113, 'RAPELLI', '4189', 6590),
(6597, b'1', 5114, 'AHI VEREMOS', '4300', 6590),
(6598, b'1', 5115, 'EL REMATE', '4197', 6590),
(6599, b'1', 5116, 'LA FRAGUA', '4197', 6590),
(6600, b'1', 5117, 'SAN RAMON', '4339', 6590),
(6601, b'1', 5118, 'SANTO DOMINGO', '4301', 6590),
(6602, b'1', 5905, 'SIN INFORMAR', '4197', 6590),
(6604, b'1', 5119, 'BELGRANO', '5253', 6603),
(6605, b'1', 5120, 'SUMAMPA VIEJO', '2587', 6603),
(6606, b'1', 5121, 'VILLA QUEBRACHOS', '2594', 6603),
(6607, b'1', 5122, 'RAMIREZ DE VELAZCO', '5253', 6603),
(6608, b'1', 5123, 'SUMAMPA', '5253', 6603),
(6609, b'1', 5906, 'SIN INFORMAR', '5253', 6603),
(6611, b'1', 5124, 'CHAUCHILLAS', '4201', 6610),
(6612, b'1', 5125, 'COLONIA TINCO', '4220', 6610),
(6613, b'1', 5126, 'LOS NUÑEZ', '4220', 6610),
(6614, b'1', 5127, 'POZUELOS', '4306', 6610),
(6615, b'1', 5128, 'TERMAS DE RIO HONDO', '4220', 6610),
(6616, b'1', 5129, 'VILLA RIO HONDO', '4225', 6610),
(6617, b'1', 5130, 'VINARA', '4223', 6610),
(6618, b'1', 5907, 'SIN INFORMAR', '4220', 6610),
(6620, b'1', 5131, 'COLONIA ALPINA', '2341', 6619),
(6621, b'1', 5132, 'PALO NEGRO', '2354', 6619),
(6622, b'1', 5133, 'SELVA', '2354', 6619),
(6623, b'1', 5908, 'SIN INFORMAR', '2341', 6619),
(6624, b'1', 6286, 'LAGUNA LOS PORONGOS', NULL, 6619),
(6626, b'1', 5134, 'BELTRAN', '4308', 6625),
(6627, b'1', 5135, 'COLONIA EL SIMBOLAR', '4354', 6625),
(6628, b'1', 5136, 'FERNANDEZ', '4322', 6625),
(6629, b'1', 5137, 'INGENIERO FORRES', '4312', 6625),
(6630, b'1', 5138, 'VILLA ROBLES', '4301', 6625),
(6631, b'1', 5139, 'VILMER', '4301', 6625),
(6632, b'1', 5909, 'SIN INFORMAR', '4301', 6625),
(6634, b'1', 5140, 'LOS TELARES', '4321', 6633),
(6635, b'1', 5141, 'SABAGASTA', '4319', 6633),
(6636, b'1', 5142, 'VILLA SALAVINA', '4319', 6633),
(6637, b'1', 5143, 'ANGA', '4321', 6633),
(6638, b'1', 5144, 'BARRANCAS', '4319', 6633),
(6639, b'1', 5145, 'LOS CERRILLOS', '4321', 6633),
(6640, b'1', 5146, 'MALOTA', '4321', 6633),
(6641, b'1', 5147, 'MISTOL POZO', '4324', 6633),
(6642, b'1', 5148, 'RUBIA PASO', '4319', 6633),
(6643, b'1', 5149, 'SANTA LUCIA', '4319', 6633),
(6644, b'1', 5150, 'VERON', '4319', 6633),
(6645, b'1', 5151, 'YACU HURMANA', '4319', 6633),
(6646, b'1', 5910, 'SIN INFORMAR', '4319', 6633),
(6648, b'1', 5152, 'BREA POZO', '4313', 6647),
(6649, b'1', 5153, 'ESTACION TABOADA', '4324', 6647),
(6650, b'1', 5154, 'ATOJ POZO', '4313', 6647),
(6651, b'1', 5155, 'ASHPA SINCHI', '4313', 6647),
(6652, b'1', 5156, 'BARRANCAS COLORADAS', '4313', 6647),
(6653, b'1', 5157, 'BREA POZO VIEJO', '4313', 6647),
(6654, b'1', 5158, 'CHEEJ', '4313', 6647),
(6655, b'1', 5159, 'COLONIA PINTO', '4313', 6647),
(6656, b'1', 5160, 'DIASPA', '4313', 6647),
(6657, b'1', 5161, 'KILOMETRO 25', '4324', 6647),
(6658, b'1', 5162, 'LA BLANCA', '4313', 6647),
(6659, b'1', 5163, 'LA HIGUERA', '4206', 6647),
(6660, b'1', 5164, 'LA VERDE', '5250', 6647),
(6661, b'1', 5165, 'LAGUNA BLANCA', '4313', 6647),
(6662, b'1', 5166, 'LINTON', '4313', 6647),
(6663, b'1', 5167, 'LOS GALLEGOS', '4313', 6647),
(6664, b'1', 5168, 'MAJADAS SUD', '4313', 6647),
(6665, b'1', 5169, 'PAMPA ATUN', '4313', 6647),
(6666, b'1', 5170, 'PERCAS', '4324', 6647),
(6667, b'1', 5171, 'PERCHIL BAJO', '4313', 6647),
(6668, b'1', 5172, 'POZO MOSOJ', '4313', 6647),
(6669, b'1', 5173, 'PUESTITO', '4313', 6647),
(6670, b'1', 5174, 'QUIMILIOJ', '4313', 6647),
(6671, b'1', 5175, 'SAN JOSE DE FLORES', '4324', 6647),
(6672, b'1', 5176, 'SAN PASCUAL', '4308', 6647),
(6673, b'1', 5177, 'SUNCHO POZO', '3760', 6647),
(6674, b'1', 5178, 'TIO POZO', '4315', 6647),
(6675, b'1', 5179, 'TRES JAZMINES', '4313', 6647),
(6676, b'1', 5180, 'TUAMILLA', '4313', 6647),
(6677, b'1', 5181, ' VILLA NUEVA', '4313', 6647),
(6678, b'1', 5911, 'SIN INFORMAR', '4313', 6647),
(6680, b'1', 6236, 'SIN INFORMAR', '0', 6679),
(6682, b'1', 5182, 'ARRAGA', '4206', 6681),
(6683, b'1', 5183, 'NUEVA FRANCIA', '4206', 6681),
(6684, b'1', 5184, 'CAMPO ALEGRE', '4206', 6681),
(6685, b'1', 5185, 'SAN VICENTE', '4206', 6681),
(6686, b'1', 5186, 'SIMBOL', '4206', 6681),
(6687, b'1', 5187, 'SUMAMAO', '4206', 6681),
(6688, b'1', 5912, 'SIN INFORMAR', '4206', 6681),
(6690, b'1', 6228, 'SIN INFORMAR', '0', 6689),
(6693, b'1', 5319, 'ANTARTIDA ARGENTINA', '0', 6692),
(6694, b'1', 5930, 'SIN INFORMAR', '0', 6692),
(6696, b'1', 5320, 'ISLAS SHETLAND DEL SUR', '0', 6695),
(6697, b'1', 5321, 'ISLAS ORCADAS DEL SUR', '0', 6695),
(6698, b'1', 5322, 'GEORGIAS DEL SUR Y ROCAS CLERKE', '0', 6695),
(6699, b'1', 5323, 'ISLAS AURORA', '0', 6695),
(6700, b'1', 5324, 'SANDWICH DEL SUR', '0', 6695),
(6701, b'1', 5325, 'ISLAS MALVINAS', '0', 6695),
(6702, b'1', 5931, 'SIN INFORMAR', '0', 6695),
(6704, b'1', 5326, 'RADMAN', '9420', 6703),
(6705, b'1', 5327, 'RIO GRANDE', '9420', 6703),
(6706, b'1', 5328, 'PASO SAN SEBASTIAN', '9420', 6703),
(6707, b'1', 5329, 'TOLHUIN', '9420', 6703),
(6708, b'1', 5932, 'SIN INFORMAR', '9420', 6703),
(6710, b'1', 5330, 'LAGO ESCONDIDO', '9420', 6709),
(6711, b'1', 5331, 'PUERTO ALMANZA', '9410', 6709),
(6712, b'1', 5332, 'USHUAIA', '9410', 6709),
(6713, b'1', 5933, 'SIN INFORMAR', '9410', 6709),
(6715, b'1', 6229, 'SIN INFORMAR', '0', 6714),
(6718, b'1', 5188, 'BENJAMIN ARAOZ', '4119', 6717),
(6719, b'1', 5189, 'BURRUYACU', '4119', 6717),
(6720, b'1', 5190, 'EL CHAÑAR', '4117', 6717),
(6721, b'1', 5191, 'EL NARANJO', '4119', 6717),
(6722, b'1', 5192, 'EL PUESTITO', '4119', 6717),
(6723, b'1', 5193, 'EL TIMBO', '4101', 6717),
(6724, b'1', 5194, 'GOBERNADOR GARMENDIA', '4187', 6717),
(6725, b'1', 5195, 'LA RAMADA', '4119', 6717),
(6726, b'1', 5196, 'PIEDRABUENA', '4187', 6717),
(6727, b'1', 5197, 'SIETE DE ABRIL', '4195', 6717),
(6728, b'1', 5198, 'TALA POZO', '4119', 6717),
(6729, b'1', 5199, 'VILLA PADRE MONTI', '4101', 6717),
(6730, b'1', 5200, 'EL SUNCHAL', '4119', 6717),
(6731, b'1', 5201, 'LA CRUZ', '4119', 6717),
(6732, b'1', 5202, 'EL TAJAMAR', '4119', 6717),
(6733, b'1', 5913, 'SIN INFORMAR', '4119', 6717),
(6735, b'1', 5203, 'SAN MIGUEL DE TUCUMAN', '4000', 6734),
(6736, b'1', 5914, 'SIN INFORMAR', '4000', 6734),
(6738, b'1', 5204, 'ALPACHIRI', '4149', 6737),
(6739, b'1', 5205, 'ALTO VERDE', '4153', 6737),
(6740, b'1', 5206, 'ARCADIA', '4147', 6737),
(6741, b'1', 5207, 'CONCEPCION', '4146', 6737),
(6742, b'1', 5208, 'GASTONA', '4147', 6737),
(6743, b'1', 5209, 'INGENIO LA TRINIDAD', '4151', 6737),
(6744, b'1', 5210, 'MEDINAS', '4151', 6737),
(6745, b'1', 5211, 'BELICHA', '4149', 6737),
(6746, b'1', 5212, 'LOS GUCHEAS', '4151', 6737),
(6747, b'1', 5213, 'EL MOLINO', '4149', 6737),
(6748, b'1', 5915, 'SIN INFORMAR', '4174', 6737),
(6750, b'1', 5214, 'ALDERETES', '4178', 6749),
(6751, b'1', 5215, 'BANDA DEL RIO SALI', '4109', 6749),
(6752, b'1', 5216, 'COLOMBRES', '4111', 6749),
(6753, b'1', 5217, 'DELFIN GALLO', '4117', 6749),
(6754, b'1', 5218, 'EL BRACHO', '4111', 6749),
(6755, b'1', 5219, 'EL NARANJITO', '4115', 6749),
(6756, b'1', 5220, 'LA FLORIDA', '4117', 6749),
(6757, b'1', 5221, 'LAS CEJAS', '4186', 6749),
(6758, b'1', 5222, 'LOS BULACIO', '4111', 6749),
(6759, b'1', 5223, 'LOS PEREYRAS', '4178', 6749),
(6760, b'1', 5224, 'LOS VILLAGRA', '4111', 6749),
(6761, b'1', 5225, 'LUISIANA', '4117', 6749),
(6762, b'1', 5226, 'EL CEVILAR', '4111', 6749),
(6763, b'1', 5227, 'SAN MIGUEL', '4178', 6749),
(6764, b'1', 5228, 'LOS PEREZ', '4117', 6749),
(6765, b'1', 5229, 'LOS RALOS', '4182', 6749),
(6766, b'1', 5230, 'RANCHILLOS', '4178', 6749),
(6767, b'1', 5231, 'SAN ANDRES', '4111', 6749),
(6768, b'1', 5916, 'SIN INFORMAR', '4178', 6749),
(6770, b'1', 5232, 'FAMAILLA', '4132', 6769),
(6771, b'1', 5917, 'SIN INFORMAR', '4132', 6769),
(6773, b'1', 5233, 'GRANEROS', '4159', 6772),
(6774, b'1', 5234, 'LAMADRID', '4176', 6772),
(6775, b'1', 5235, 'TACO RALO', '4242', 6772),
(6776, b'1', 5918, 'SIN INFORMAR', '4159', 6772),
(6778, b'1', 5236, 'ESCABA', '4158', 6777),
(6779, b'1', 5237, 'JUAN B. ALBERDI', '4158', 6777),
(6780, b'1', 5238, 'VILLA BELGRANO', '4158', 6777),
(6781, b'1', 5919, 'SIN INFORMAR', '4158', 6777),
(6783, b'1', 5239, 'EL SACRIFICIO', '4161', 6782),
(6784, b'1', 5240, 'HUASA PAMPA', '4162', 6782),
(6785, b'1', 5241, 'LA COCHA', '4162', 6782),
(6786, b'1', 5242, 'RUMI PUNCO', '4164', 6782),
(6787, b'1', 5243, 'SAN IGNACIO', '4164', 6782),
(6788, b'1', 5244, 'SAN JOSE DE LA COCHA', '4162', 6782),
(6789, b'1', 5245, 'YANIMA', '4158', 6782),
(6790, b'1', 5920, 'SIN INFORMAR', '4162', 6782),
(6792, b'1', 5246, 'AGUA DULCE Y LA SOLEDAD', '4115', 6791),
(6793, b'1', 5247, 'BELLA VISTA', '4168', 6791),
(6794, b'1', 5248, 'EL MOJON', '4178', 6791),
(6795, b'1', 5249, 'ESQUINA Y MANCOPA', '4111', 6791),
(6796, b'1', 5250, 'ESTACION ARAOZ Y TACANAS', '4178', 6791),
(6797, b'1', 5251, 'INGENIO LEALES', '4111', 6791),
(6798, b'1', 5252, 'LA ENCANTADA', '4111', 6791),
(6799, b'1', 5253, 'LAS TALAS', '4105', 6791),
(6800, b'1', 5254, 'LOS GOMEZ', '4113', 6791),
(6801, b'1', 5255, 'LOS PUESTOS', '4115', 6791),
(6802, b'1', 5256, 'MANUEL GARCIA FERNANDEZ', '4168', 6791),
(6803, b'1', 5257, 'QUILMES Y LOS SUELDOS', '4111', 6791),
(6804, b'1', 5258, 'RIO COLORADO', '4166', 6791),
(6805, b'1', 5259, 'SANTA ROSA DE LEALES', '4111', 6791),
(6806, b'1', 5260, 'VILLA DE LEALES', '4113', 6791),
(6807, b'1', 5261, 'VILLA FIAD', '4111', 6791),
(6808, b'1', 5921, 'SIN INFORMAR', '4115', 6791),
(6810, b'1', 5262, ' L MANANTIAL', '4105', 6809),
(6811, b'1', 5263, 'LULES', '4128', 6809),
(6812, b'1', 5264, 'SAN FELIPE Y SANTA BARBARA', '4105', 6809),
(6813, b'1', 5922, 'SIN INFORMAR', '4128', 6809);
INSERT INTO `localidades` (`id`, `activo`, `id_segun_api`, `nombre`, `codigo_postal`, `municipio`) VALUES
(6814, b'1', 6284, 'SAN PABLO', NULL, 6809),
(6815, b'1', 6285, 'VILLA NOUGUES', NULL, 6809),
(6817, b'1', 5265, 'PAVON ARRIBA', '4134', 6816),
(6818, b'1', 5266, 'CAPITAN CACERES', '4142', 6816),
(6819, b'1', 5267, 'EL CERCADO', '4142', 6816),
(6820, b'1', 5268, 'LOS SOSAS', '4142', 6816),
(6821, b'1', 5269, 'TRAHUNCURA', '8351', 6816),
(6822, b'1', 5270, 'RIO SECO', '4145', 6816),
(6823, b'1', 5271, 'PEYRANO', '4135', 6816),
(6824, b'1', 5272, 'SANTA ROSA Y LOS ROJO', '4142', 6816),
(6825, b'1', 5273, 'SARGENTO MOYA', '4144', 6816),
(6826, b'1', 5274, 'SOLDADO MALDONADO', '5200', 6816),
(6827, b'1', 5275, 'TENIENTE BERDINA', '4132', 6816),
(6828, b'1', 5276, 'VILLA QUINTEROS', '4144', 6816),
(6829, b'1', 5923, 'SIN INFORMAR', '4142', 6816),
(6830, b'1', 6273, 'MONTEROS', NULL, 6816),
(6832, b'1', 5277, 'AGUILARES', '4152', 6831),
(6833, b'1', 5278, 'EL POLEAR', '4172', 6831),
(6834, b'1', 5279, 'LOS SARMIENTOS', '4157', 6831),
(6835, b'1', 5280, 'MONTE BELLO', '4157', 6831),
(6836, b'1', 5281, 'SANTA ANA', '4155', 6831),
(6837, b'1', 5282, 'VILLA LA ANGOSTURA', '8407', 6831),
(6838, b'1', 5924, 'SIN INFORMAR', '4155', 6831),
(6840, b'1', 5283, 'ATAHONA', '4174', 6839),
(6841, b'1', 5284, 'BUENA VISTA', '4172', 6839),
(6842, b'1', 5285, 'CIUDACITA', '4174', 6839),
(6843, b'1', 5286, 'MANUELA PEDRAZA', '4172', 6839),
(6844, b'1', 5287, 'MONTEAGUDO', '4174', 6839),
(6845, b'1', 5288, 'PAMPA MAYO', '4174', 6839),
(6846, b'1', 5289, 'RIO CHICO', '4155', 6839),
(6847, b'1', 5290, 'SAN PEDRO', '4172', 6839),
(6848, b'1', 5291, 'SANTA CRUZ', '4149', 6839),
(6849, b'1', 5292, 'SIMOCA', '4172', 6839),
(6850, b'1', 5293, 'VILLA CHIGLIGASTA', '4174', 6839),
(6851, b'1', 5294, 'YERBA BUENA', '4172', 6839),
(6852, b'1', 5295, 'NUEVA TRINIDAD', '4151', 6839),
(6853, b'1', 5296, 'SAN ANTONIO', '4172', 6839),
(6854, b'1', 5297, 'LA TUNA', '4149', 6839),
(6855, b'1', 5925, 'SIN INFORMAR', '4172', 6839),
(6857, b'1', 5298, 'AMAICHA DEL VALLE', '4137', 6856),
(6858, b'1', 5299, 'COLALAO DEL VALLE', '4137', 6856),
(6859, b'1', 5300, 'EL MOLLAR', '4135', 6856),
(6860, b'1', 5301, 'TAFI DEL VALLE', '4137', 6856),
(6861, b'1', 5926, 'SIN INFORMAR', '4137', 6856),
(6863, b'1', 5302, 'ANCA JULI', '4105', 6862),
(6864, b'1', 5303, 'GENERAL MOSCONI', '4122', 6862),
(6865, b'1', 5304, 'LA ESPERANZA', '4103', 6862),
(6866, b'1', 5305, 'RIO MAYO ', '2594', 6862),
(6867, b'1', 5306, 'LOS NOGALES', '4101', 6862),
(6868, b'1', 5307, 'RACO', '4105', 6862),
(6869, b'1', 5308, 'TAFI VIEJO', '4103', 6862),
(6870, b'1', 5927, 'SIN INFORMAR', '4103', 6862),
(6871, b'1', 6272, 'LAS TALITAS', NULL, 6862),
(6872, b'1', 6288, 'EL CADILLAL', NULL, 6862),
(6874, b'1', 5309, 'CHOROMORO', '4122', 6873),
(6875, b'1', 5310, 'SAN PEDRO DE COLALAO', '4122', 6873),
(6876, b'1', 5311, 'TAPIA', '4122', 6873),
(6877, b'1', 5312, 'TRANCAS', '4124', 6873),
(6878, b'1', 5928, 'SIN INFORMAR', '4124', 6873),
(6880, b'1', 5313, 'SAN JAVIER', '4105', 6879),
(6881, b'1', 5314, 'CEVIL REDONDO', '4107', 6879),
(6882, b'1', 5315, 'MARCOS PAZ', '4107', 6879),
(6883, b'1', 5316, 'SAN JOSE', '4105', 6879),
(6884, b'1', 5317, 'VILLA CARMELA', '4105', 6879),
(6885, b'1', 5318, 'YERBA BUENA', '2587', 6879),
(6886, b'1', 5929, 'SIN INFORMAR', '4107', 6879),
(6888, b'1', 6230, 'SIN INFORMAR', '0', 6887);

-- --------------------------------------------------------

--
-- Table structure for table `lugares`
--

CREATE TABLE `lugares` (
  `id` bigint(20) NOT NULL,
  `activo` bit(1) NOT NULL,
  `direccion` bigint(20) NOT NULL
) ENGINE=InnoDB DEFAULT CHARSET=utf8mb4;

--
-- Dumping data for table `lugares`
--

INSERT INTO `lugares` (`id`, `activo`, `direccion`) VALUES
(6952, b'1', 6953),
(6958, b'1', 6954),
(6960, b'1', 6955),
(6962, b'1', 6956),
(7006, b'1', 7007);

-- --------------------------------------------------------

--
-- Table structure for table `mediciones`
--

CREATE TABLE `mediciones` (
  `id` bigint(20) NOT NULL,
  `activo` bit(1) NOT NULL,
  `actividad` int(11) DEFAULT NULL,
  `periodicidad` int(11) DEFAULT NULL,
  `periodo_imputacion` date DEFAULT NULL,
  `valor_string` varchar(255) DEFAULT NULL,
  `organizacion` bigint(20) NOT NULL,
  `tipo_consumo` bigint(20) NOT NULL,
  `tipo_medio_de_transporte` bigint(20) DEFAULT NULL,
  `valor_numerico` bigint(20) DEFAULT NULL
) ENGINE=InnoDB DEFAULT CHARSET=utf8mb4;

-- --------------------------------------------------------

--
-- Table structure for table `medios_de_transporte`
--

CREATE TABLE `medios_de_transporte` (
  `id` bigint(20) NOT NULL,
  `activo` bit(1) NOT NULL,
  `tipo_medio_de_transporte` bigint(20) NOT NULL
) ENGINE=InnoDB DEFAULT CHARSET=utf8mb4;

--
-- Dumping data for table `medios_de_transporte`
--

INSERT INTO `medios_de_transporte` (`id`, `activo`, `tipo_medio_de_transporte`) VALUES
(6950, b'1', 6923);

-- --------------------------------------------------------

--
-- Table structure for table `miembros`
--

CREATE TABLE `miembros` (
  `id` bigint(20) NOT NULL,
  `activo` bit(1) NOT NULL,
  `fecha_ingreso` date DEFAULT NULL,
  `persona` bigint(20) NOT NULL,
  `sector` bigint(20) DEFAULT NULL,
  `usuario` bigint(20) DEFAULT NULL
) ENGINE=InnoDB DEFAULT CHARSET=utf8mb4;

--
-- Dumping data for table `miembros`
--

INSERT INTO `miembros` (`id`, `activo`, `fecha_ingreso`, `persona`, `sector`, `usuario`) VALUES
(7009, b'1', '2022-09-29', 7008, 7005, 7010),
(7012, b'1', '2022-09-29', 7011, 7005, 7013);

-- --------------------------------------------------------

--
-- Table structure for table `miembros_por_tramo`
--

CREATE TABLE `miembros_por_tramo` (
  `tramo` bigint(20) NOT NULL,
  `miembro` bigint(20) NOT NULL
) ENGINE=InnoDB DEFAULT CHARSET=utf8mb4;

-- --------------------------------------------------------

--
-- Table structure for table `miembros_por_trayecto`
--

CREATE TABLE `miembros_por_trayecto` (
  `id` bigint(20) NOT NULL,
  `activo` bit(1) NOT NULL,
  `peso` double NOT NULL,
  `miembro` bigint(20) NOT NULL,
  `trayecto` bigint(20) NOT NULL
) ENGINE=InnoDB DEFAULT CHARSET=utf8mb4;

-- --------------------------------------------------------

--
-- Table structure for table `municipios`
--

CREATE TABLE `municipios` (
  `id` bigint(20) NOT NULL,
  `activo` bit(1) NOT NULL,
  `id_segun_api` int(11) NOT NULL,
  `nombre` varchar(255) DEFAULT NULL,
  `provincia` bigint(20) NOT NULL
) ENGINE=InnoDB DEFAULT CHARSET=utf8mb4;

--
-- Dumping data for table `municipios`
--

INSERT INTO `municipios` (`id`, `activo`, `id_segun_api`, `nombre`, `provincia`) VALUES
(3, b'1', 3168, 'SIN INFORMAR', 2),
(5, b'1', 330, 'ADOLFO ALSINA', 2),
(17, b'1', 331, 'ADOLFO GONZALES CHAVES', 2),
(25, b'1', 332, 'ALBERTI', 2),
(36, b'1', 333, 'ALMIRANTE BROWN', 2),
(49, b'1', 334, 'ARRECIFES', 2),
(54, b'1', 335, 'AVELLANEDA', 2),
(65, b'1', 336, 'AYACUCHO', 2),
(74, b'1', 337, 'AZUL', 2),
(88, b'1', 338, 'BAHIA BLANCA', 2),
(103, b'1', 339, 'BALCARCE', 2),
(111, b'1', 340, 'BARADERO', 2),
(117, b'1', 341, 'BENITO JUAREZ', 2),
(128, b'1', 342, 'BERAZATEGUI', 2),
(139, b'1', 343, 'BERISSO', 2),
(161, b'1', 344, 'BOLIVAR', 2),
(173, b'1', 345, 'BRAGADO', 2),
(185, b'1', 346, 'BRANDSEN', 2),
(202, b'1', 347, 'CAMPANA', 2),
(208, b'1', 348, 'CAÑUELAS', 2),
(218, b'1', 349, 'CAPITAN SARMIENTO', 2),
(222, b'1', 350, 'CARLOS CASARES', 2),
(239, b'1', 351, 'CARLOS TEJEDOR', 2),
(255, b'1', 352, 'CARMEN DE ARECO', 2),
(262, b'1', 353, 'CASTELLI', 2),
(267, b'1', 354, 'CHACABUCO', 2),
(282, b'1', 355, 'CHASCOMUS', 2),
(296, b'1', 356, 'CHIVILCOY', 2),
(309, b'1', 357, 'COLON', 2),
(315, b'1', 358, 'CORONEL ROSALES', 2),
(324, b'1', 359, 'CORONEL DORREGO', 2),
(335, b'1', 360, 'CORONEL PRINGLES', 2),
(348, b'1', 361, 'CORONEL SUAREZ', 2),
(367, b'1', 362, 'DAIREAUX', 2),
(376, b'1', 363, 'DOLORES', 2),
(383, b'1', 364, 'ENSENADA', 2),
(386, b'1', 365, 'ESCOBAR', 2),
(397, b'1', 366, 'ESTEBAN ECHEVERRIA', 2),
(404, b'1', 367, 'EXALTACION DE LA CRUZ', 2),
(419, b'1', 368, 'EZEIZA', 2),
(427, b'1', 369, 'FLORENCIO VARELA', 2),
(439, b'1', 370, 'FLORENTINO AMEGHINO', 2),
(446, b'1', 371, 'GENERAL ALVARADO', 2),
(453, b'1', 372, 'GENERAL ALVEAR', 2),
(456, b'1', 373, 'GENERAL ARENALES', 2),
(468, b'1', 374, 'GENERAL BELGRANO', 2),
(477, b'1', 375, 'GENERAL GUIDO', 2),
(483, b'1', 376, 'GENERAL MADARIAGA', 2),
(486, b'1', 377, 'GENERAL LA MADRID', 2),
(495, b'1', 378, 'GENERAL LAS HERAS', 2),
(504, b'1', 379, 'GENERAL LAVALLE', 2),
(509, b'1', 380, 'GENERAL PAZ', 2),
(515, b'1', 381, 'GENERAL PINTO', 2),
(528, b'1', 382, 'GENERAL PUEYRREDON', 2),
(559, b'1', 383, 'GENERAL RODRIGUEZ', 2),
(562, b'1', 384, 'GENERAL SAN MARTIN', 2),
(593, b'1', 385, 'GENERAL VIAMONTE', 2),
(602, b'1', 386, 'GENERAL VILLEGAS', 2),
(616, b'1', 387, 'GUAMINI', 2),
(624, b'1', 388, 'HIPOLITO YRIGOYEN', 2),
(628, b'1', 389, 'HURLINGHAM', 2),
(634, b'1', 390, 'ZARATE', 2),
(643, b'1', 391, 'VILLARINO', 2),
(659, b'1', 392, 'VILLA GESELL', 2),
(665, b'1', 393, 'VICENTE LOPEZ', 2),
(676, b'1', 394, 'VEINTICINCO DE MAYO', 2),
(690, b'1', 395, 'TRES LOMAS', 2),
(694, b'1', 396, 'TRES DE FEBRERO', 2),
(711, b'1', 397, 'TRES ARROYOS', 2),
(725, b'1', 398, 'TRENQUE LAUQUEN', 2),
(732, b'1', 399, 'TORNQUIST', 2),
(747, b'1', 400, 'TORDILLO', 2),
(752, b'1', 401, 'TIGRE', 2),
(765, b'1', 402, 'TAPALQUE', 2),
(770, b'1', 403, 'TANDIL', 2),
(783, b'1', 404, 'SUIPACHA', 2),
(788, b'1', 405, 'SAN VICENTE', 2),
(793, b'1', 406, 'SAN PEDRO', 2),
(805, b'1', 407, 'SAN NICOLAS', 2),
(814, b'1', 408, 'SAN MIGUEL', 2),
(821, b'1', 409, 'SAN ISIDRO', 2),
(829, b'1', 410, 'SAN FERNANDO', 2),
(835, b'1', 411, 'SAN CAYETANO', 2),
(844, b'1', 412, 'SAN ANTONIO DE ARECO', 2),
(850, b'1', 413, 'SAN ANDRES DE GILES', 2),
(868, b'1', 414, 'SALTO', 2),
(878, b'1', 415, 'SALLIQUELO', 2),
(883, b'1', 416, 'SALADILLO', 2),
(905, b'1', 417, 'SAAVEDRA', 2),
(917, b'1', 418, 'ROQUE PEREZ', 2),
(922, b'1', 419, 'ROJAS', 2),
(934, b'1', 420, 'RIVADAVIA', 2),
(950, b'1', 421, 'RAUCH', 2),
(956, b'1', 422, 'RAMALLO', 2),
(963, b'1', 423, 'QUILMES', 2),
(971, b'1', 424, 'PUNTA INDIO', 2),
(979, b'1', 425, 'PUAN', 2),
(996, b'1', 426, 'PRESIDENTE PERON', 2),
(1001, b'1', 427, 'PINAMAR', 2),
(1008, b'1', 428, 'PILAR', 2),
(1028, b'1', 429, 'PILA', 2),
(1036, b'1', 430, 'PERGAMINO', 2),
(1064, b'1', 431, 'PELLEGRINI', 2),
(1069, b'1', 432, 'PEHUAJO', 2),
(1093, b'1', 433, 'PATAGONES', 2),
(1102, b'1', 434, 'OLAVARRIA', 2),
(1128, b'1', 435, 'NUEVE DE JULIO', 2),
(1144, b'1', 436, 'NECOCHEA', 2),
(1155, b'1', 437, 'NAVARRO', 2),
(1161, b'1', 438, 'MORON', 2),
(1168, b'1', 439, 'MORENO', 2),
(1178, b'1', 440, 'MONTE HERMOSO', 2),
(1182, b'1', 441, 'MONTE', 2),
(1187, b'1', 442, 'MERLO', 2),
(1195, b'1', 443, 'MERCEDES', 2),
(1198, b'1', 444, 'MARCOS PAZ', 2),
(1201, b'1', 445, 'MAR CHIQUITA', 2),
(1218, b'1', 446, 'MALVINAS ARGENTINAS', 2),
(1229, b'1', 447, 'MAIPU', 2),
(1236, b'1', 448, 'MAGDALENA', 2),
(1245, b'1', 449, 'LUJAN', 2),
(1254, b'1', 450, 'LOMAS DE ZAMORA', 2),
(1264, b'1', 451, 'LOBOS', 2),
(1274, b'1', 452, 'LOBERIA', 2),
(1285, b'1', 453, 'LINCOLN', 2),
(1300, b'1', 454, 'LEANDRO N. ALEM', 2),
(1310, b'1', 455, 'LAS FLORES', 2),
(1329, b'1', 456, 'LAPRIDA', 2),
(1339, b'1', 457, 'LANUS', 2),
(1356, b'1', 458, 'LA PLATA', 2),
(1380, b'1', 459, 'LA MATANZA', 2),
(1399, b'1', 460, 'LA COSTA', 2),
(1416, b'1', 461, 'JUNIN', 2),
(1430, b'1', 462, 'JOSE C. PAZ', 2),
(1433, b'1', 463, 'ITUZAINGO', 2),
(1447, b'1', 3169, 'SIN INFORMAR', 1446),
(1449, b'1', 464, 'AMBATO', 1446),
(1494, b'1', 465, 'ANCASTI', 1446),
(1566, b'1', 466, 'ANDALGALA', 1446),
(1598, b'1', 467, 'ANTOFAGASTA DE LA SIERRA', 1446),
(1617, b'1', 468, 'BELEN ', 1446),
(1704, b'1', 469, 'CAPAYAN ', 1446),
(1752, b'1', 470, 'SAN FERNANDO DEL VALLE DE CATAMARCA ', 1446),
(1766, b'1', 471, 'EL ALTO', 1446),
(1842, b'1', 472, 'FRAY MAMERTO ESQUIU', 1446),
(1860, b'1', 473, 'LA PAZ', 1446),
(1940, b'1', 474, 'PACLIN', 1446),
(1975, b'1', 475, 'POMAN', 1446),
(1992, b'1', 476, 'SANTA MARIA', 1446),
(2052, b'1', 477, 'SANTA ROSA', 1446),
(2110, b'1', 478, 'TINOGASTA', 1446),
(2175, b'1', 479, 'VALLE VIEJO', 1446),
(2197, b'1', 3170, 'SIN INFORMAR', 2196),
(2199, b'1', 480, 'ALMIRANTE BROWN', 2196),
(2205, b'1', 481, 'BERMEJO', 2196),
(2213, b'1', 482, 'CHACABUCO', 2196),
(2216, b'1', 483, 'COMANDANTE FERNANDEZ', 2196),
(2219, b'1', 484, 'DOCE DE OCTUBRE', 2196),
(2224, b'1', 485, 'DOS DE ABRIL', 2196),
(2227, b'1', 486, 'FRAY JUSTO SANTA MARIA DE ORO', 2196),
(2231, b'1', 487, 'GENERAL BELGRANO', 2196),
(2234, b'1', 488, 'GENERAL DONOVAN', 2196),
(2240, b'1', 489, 'GENERAL GüEMES', 2196),
(2249, b'1', 490, 'INDEPENDENCIA', 2196),
(2254, b'1', 491, 'LIBERTAD', 2196),
(2259, b'1', 492, 'LIBERTADOR GENERAL SAN MARTIN', 2196),
(2268, b'1', 493, 'MAIPU', 2196),
(2271, b'1', 494, 'MAYOR LUIS JORGE FONTANA', 2196),
(2276, b'1', 495, 'NUEVE DE JULIO', 2196),
(2279, b'1', 496, 'OHiggins', 2196),
(2284, b'1', 497, 'PRESIDENCIA DE LA PLAZA', 2196),
(2287, b'1', 498, 'PRIMERO DE MAYO', 2196),
(2291, b'1', 499, 'QUITILIPI', 2196),
(2294, b'1', 500, 'SAN FERNANDO', 2196),
(2301, b'1', 501, 'SAN LORENZO', 2196),
(2305, b'1', 502, 'SARGENTO CABRAL', 2196),
(2311, b'1', 503, 'TAPENAGA', 2196),
(2315, b'1', 504, 'VEINTICINCO DE MAYO', 2196),
(2324, b'1', 1, 'RAWSON ', 2323),
(2334, b'1', 2, 'ALTO RIO SENGUER ', 2323),
(2351, b'1', 3, 'SARMIENTO ', 2323),
(2359, b'1', 3171, 'SIN INFORMAR', 2323),
(2361, b'1', 4, 'TEHUELCHES', 2323),
(2375, b'1', 5, 'TELSEN', 2323),
(2386, b'1', 505, 'CUSHAMEN', 2323),
(2405, b'1', 506, 'ESCALANTE', 2323),
(2443, b'1', 507, 'FLORENTINO AMEGHINO', 2323),
(2454, b'1', 508, 'FUTALEUFU', 2323),
(2468, b'1', 509, 'GAIMAN ', 2323),
(2474, b'1', 510, 'GASTRE', 2323),
(2487, b'1', 511, 'LANGUIÑEO', 2323),
(2500, b'1', 512, 'MARTIRES', 2323),
(2509, b'1', 513, 'PASO DE INDIOS', 2323),
(2514, b'1', 6, 'BIEDMA', 2323),
(2525, b'1', 260, 'CALAMUCHITA', 2524),
(2552, b'1', 261, 'CORDOBA', 2524),
(2555, b'1', 262, 'COLON', 2524),
(2578, b'1', 263, 'CRUZ DEL EJE', 2524),
(2586, b'1', 264, 'GENERAL ROCA', 2524),
(2601, b'1', 265, 'GENERAL SAN MARTIN', 2524),
(2619, b'1', 266, 'ISCHILIN', 2524),
(2631, b'1', 267, 'JUAREZ CELMAN', 2524),
(2651, b'1', 268, 'MARCOS JUAREZ', 2524),
(2682, b'1', 269, 'MINAS', 2524),
(2692, b'1', 270, 'POCHO', 2524),
(2701, b'1', 271, 'PRESIDENTE ROQUE SAENZ PEÑA', 2524),
(2713, b'1', 272, 'PUNILLA', 2524),
(2741, b'1', 273, 'RIO CUARTO', 2524),
(2772, b'1', 274, 'RIO PRIMERO', 2524),
(2799, b'1', 275, 'RIO SECO', 2524),
(2813, b'1', 276, 'RIO SEGUNDO', 2524),
(2836, b'1', 277, 'SAN ALBERTO', 2524),
(2851, b'1', 278, 'SAN JAVIER', 2524),
(2864, b'1', 279, 'SAN JUSTO', 2524),
(2905, b'1', 280, 'SANTA MARIA', 2524),
(2932, b'1', 281, 'SOBREMONTE', 2524),
(2938, b'1', 282, 'TERCERO ARRIBA', 2524),
(2957, b'1', 283, 'TOTORAL', 2524),
(2969, b'1', 284, 'TULUMBA', 2524),
(2980, b'1', 285, 'UNION', 2524),
(3009, b'1', 3172, 'SIN INFORMAR', 2524),
(3013, b'1', 305, 'BELLA VISTA', 3012),
(3016, b'1', 306, 'BERON DE ASTRADA', 3012),
(3020, b'1', 307, 'CORRIENTES CAPITAL', 3012),
(3027, b'1', 308, 'CONCEPCION', 3012),
(3033, b'1', 309, 'CURUZU CUATIA', 3012),
(3037, b'1', 310, 'EMPEDRADO', 3012),
(3040, b'1', 311, 'ESQUINA', 3012),
(3044, b'1', 312, 'GENERAL ALVEAR', 3012),
(3048, b'1', 313, 'GENERAL PAZ', 3012),
(3054, b'1', 314, 'GOYA', 3012),
(3087, b'1', 315, 'ITATI ', 3012),
(3091, b'1', 316, 'ITUZAINGO', 3012),
(3098, b'1', 317, 'LAVALLE', 3012),
(3105, b'1', 3173, 'SIN INFORMAR', 3012),
(3107, b'1', 318, 'MBURUCUYA', 3012),
(3110, b'1', 319, 'MERCEDES', 3012),
(3116, b'1', 320, 'MONTE CASEROS', 3012),
(3125, b'1', 321, 'PASO DE LOS LIBRES', 3012),
(3130, b'1', 322, 'SALADAS', 3012),
(3134, b'1', 323, 'SAN COSME', 3012),
(3139, b'1', 324, 'SAN LUIS DEL PALMAR', 3012),
(3143, b'1', 325, 'SAN MARTIN', 3012),
(3149, b'1', 326, 'SAN MIGUEL ', 3012),
(3154, b'1', 327, 'SAN ROQUE', 3012),
(3160, b'1', 328, 'SANTO TOME', 3012),
(3166, b'1', 329, 'SAUCE', 3012),
(3170, b'1', 241, 'CIUDAD DE BUENOS AIRES', 3169),
(3220, b'1', 3174, 'SIN INFORMAR', 3169),
(3223, b'1', 10, 'FEDERACION', 3222),
(3242, b'1', 11, 'FEDERAL', 3222),
(3257, b'1', 12, 'GUALEGUAY', 3222),
(3270, b'1', 13, 'GUALEGUAYCHU', 3222),
(3296, b'1', 14, 'ISLAS DEL IBICUY', 3222),
(3305, b'1', 15, 'LA PAZ', 3222),
(3336, b'1', 16, 'NOGOYA', 3222),
(3355, b'1', 17, 'PARANA', 3222),
(3408, b'1', 18, 'SAN JOSE DE FELICIANO', 3222),
(3419, b'1', 19, 'SAN SALVADOR', 3222),
(3427, b'1', 20, 'TALA', 3222),
(3441, b'1', 21, 'URUGUAY', 3222),
(3461, b'1', 22, 'VICTORIA', 3222),
(3473, b'1', 23, 'VILLAGUAY', 3222),
(3489, b'1', 3175, 'SIN INFORMAR', 3222),
(3491, b'1', 7, 'COLON', 3222),
(3504, b'1', 8, 'CONCORDIA', 3222),
(3520, b'1', 9, 'DIAMANTE', 3222),
(3540, b'1', 24, 'BERMEJO', 3539),
(3546, b'1', 25, 'FORMOSA', 3539),
(3556, b'1', 26, 'LAISHI ', 3539),
(3564, b'1', 27, 'MATACOS', 3539),
(3567, b'1', 28, 'PATIÑO', 3539),
(3586, b'1', 29, 'PILAGAS', 3539),
(3593, b'1', 30, 'PILCOMAYO', 3539),
(3603, b'1', 31, 'PIRANE', 3539),
(3610, b'1', 3176, 'SIN INFORMAR', 3539),
(3612, b'1', 32, 'RAMON LISTA', 3539),
(3617, b'1', 3177, 'SIN INFORMAR', 3616),
(3619, b'1', 51, 'COCHINOCA', 3616),
(3649, b'1', 52, 'DR MANUEL BELGRANO', 3616),
(3667, b'1', 53, 'EL CARMEN', 3616),
(3681, b'1', 54, 'HUMAHUACA', 3616),
(3707, b'1', 55, 'LEDESMA', 3616),
(3725, b'1', 56, 'PALPALA', 3616),
(3738, b'1', 57, 'RINCONADA', 3616),
(3766, b'1', 58, 'SAN ANTONIO', 3616),
(3771, b'1', 59, 'SAN PEDRO', 3616),
(3797, b'1', 60, 'SANTA BARBARA', 3616),
(3818, b'1', 61, 'SANTA CATALINA', 3616),
(3846, b'1', 62, 'SUSQUES', 3616),
(3864, b'1', 63, 'TILCARA', 3616),
(3870, b'1', 64, 'TUMBAYA', 3616),
(3875, b'1', 65, 'VALLE GRANDE', 3616),
(3883, b'1', 66, 'YAVI', 3616),
(3916, b'1', 3178, 'SIN INFORMAR', 3915),
(3918, b'1', 67, 'ATREUCO', 3915),
(3925, b'1', 68, 'CALEU CALEU', 3915),
(3929, b'1', 69, 'CAPITAL - SANTA ROSA', 3915),
(3933, b'1', 70, 'CATRILO', 3915),
(3941, b'1', 71, 'CHALILEO', 3915),
(3944, b'1', 72, 'CHAPALEUFU', 3915),
(3952, b'1', 73, 'CHICAL CO', 3915),
(3956, b'1', 74, 'CONHELO', 3915),
(3964, b'1', 75, 'CURACO', 3915),
(3968, b'1', 76, 'GUATRACHE ', 3915),
(3975, b'1', 77, 'HUCAL', 3915),
(3981, b'1', 78, 'LIHUEL CALEL', 3915),
(3984, b'1', 79, 'LIMAY MAHUIDA', 3915),
(3988, b'1', 80, 'LOVENTUE', 3915),
(3995, b'1', 81, 'MARACO', 3915),
(4002, b'1', 82, 'PUELEN', 3915),
(4007, b'1', 83, 'QUEMU QUEMU', 3915),
(4015, b'1', 84, 'RANCUL', 3915),
(4024, b'1', 85, 'REALICO', 3915),
(4033, b'1', 86, 'TOAY', 3915),
(4038, b'1', 87, 'TRENEL', 3915),
(4043, b'1', 88, 'UTRACAN', 3915),
(4054, b'1', 3179, 'SIN INFORMAR', 4053),
(4056, b'1', 33, 'ARAUCO', 4053),
(4067, b'1', 34, 'LA RIOJA', 4053),
(4084, b'1', 35, 'CASTRO BARROS', 4053),
(4095, b'1', 36, 'CHAMICAL', 4053),
(4105, b'1', 37, 'CHILECITO', 4053),
(4126, b'1', 38, 'CORONEL FELIPE VARELA', 4053),
(4136, b'1', 39, 'FAMATINA', 4053),
(4148, b'1', 40, 'GENERAL ANGEL V. PEÑALOZA', 4053),
(4154, b'1', 41, 'GENERAL BELGRANO', 4053),
(4164, b'1', 42, 'GENERAL JUAN FACUNDO QUIROGA', 4053),
(4171, b'1', 43, 'GENERAL LAMADRID', 4053),
(4175, b'1', 44, 'GENERAL OCAMPO', 4053),
(4185, b'1', 45, 'GENERAL SAN MARTIN', 4053),
(4193, b'1', 46, 'INDEPENDENCIA', 4053),
(4199, b'1', 47, 'ROSARIO VERA PEÑALOZA', 4053),
(4213, b'1', 48, 'SAN BLAS DE LOS SAUCES', 4053),
(4227, b'1', 49, 'SANAGASTA', 4053),
(4233, b'1', 50, 'VINCHINA', 4053),
(4240, b'1', 242, 'GENERAL ALVEAR', 4239),
(4246, b'1', 243, 'GODOY CRUZ', 4239),
(4253, b'1', 244, 'GUAYMALLEN', 4239),
(4275, b'1', 245, 'JUNIN', 4239),
(4287, b'1', 246, 'LA PAZ', 4239),
(4295, b'1', 247, 'LAS HERAS', 4239),
(4312, b'1', 248, 'LAVALLE', 4239),
(4341, b'1', 249, 'LUJAN DE CUYO', 4239),
(4358, b'1', 250, 'MAIPU', 4239),
(4373, b'1', 251, 'MALARGüE', 4239),
(4379, b'1', 252, 'RIVADAVIA ', 4239),
(4395, b'1', 253, 'SAN CARLOS', 4239),
(4403, b'1', 254, 'SAN MARTIN', 4239),
(4420, b'1', 255, 'SAN RAFAEL ', 4239),
(4440, b'1', 256, 'SANTA ROSA', 4239),
(4447, b'1', 257, 'TUNUYAN', 4239),
(4461, b'1', 258, 'TUPUNGATO', 4239),
(4476, b'1', 259, 'MENDOZA CAPITAL', 4239),
(4490, b'1', 3180, 'SIN INFORMAR', 4239),
(4493, b'1', 100, 'MONTECARLO', 4492),
(4498, b'1', 101, 'OBERA', 4492),
(4516, b'1', 102, 'SAN IGNACIO', 4492),
(4526, b'1', 103, 'SAN JAVIER', 4492),
(4532, b'1', 104, 'SAN PEDRO', 4492),
(4535, b'1', 105, 'VEINTICINCO DE MAYO', 4492),
(4539, b'1', 3181, 'SIN INFORMAR', 4492),
(4541, b'1', 89, 'APOSTOLES', 4492),
(4547, b'1', 90, 'CAINGUAS', 4492),
(4552, b'1', 91, 'CANDELARIA', 4492),
(4561, b'1', 92, 'POSADAS', 4492),
(4566, b'1', 93, 'CONCEPCION', 4492),
(4570, b'1', 94, 'ELDORADO', 4492),
(4577, b'1', 95, 'GENERAL MANUEL BELGRANO', 4492),
(4582, b'1', 96, 'GUARANI', 4492),
(4586, b'1', 97, 'IGUAZU', 4492),
(4592, b'1', 98, 'LEANDRO N. ALEM', 4492),
(4602, b'1', 99, 'LIBERTADOR GENERAL SAN MARTIN', 4492),
(4611, b'1', 106, 'ALUMINE', 4610),
(4624, b'1', 107, 'AÑELO', 4610),
(4634, b'1', 108, 'CATAN LIL ', 4610),
(4646, b'1', 109, 'CHOS MALAL ', 4610),
(4659, b'1', 110, 'COLLON CURA', 4610),
(4668, b'1', 111, 'CONFLUENCIA', 4610),
(4684, b'1', 112, 'HUILICHES', 4610),
(4694, b'1', 113, 'LACAR', 4610),
(4705, b'1', 114, 'LONCOPUE', 4610),
(4735, b'1', 115, 'LOS LAGOS', 4610),
(4751, b'1', 116, 'MINAS', 4610),
(4768, b'1', 117, 'ÑORQUIN', 4610),
(4783, b'1', 118, 'PEHUENCHES', 4610),
(4795, b'1', 119, 'PICUN LEUFU', 4610),
(4802, b'1', 120, 'PICUNCHES', 4610),
(4812, b'1', 121, 'ZAPALA', 4610),
(4823, b'1', 3182, 'SIN INFORMAR', 4610),
(4826, b'1', 122, 'ADOLFO ALSINA', 4825),
(4843, b'1', 123, 'AVELLANEDA', 4825),
(4857, b'1', 124, 'BARILOCHE', 4825),
(4878, b'1', 125, 'CONESA', 4825),
(4889, b'1', 126, 'EL CUY', 4825),
(4902, b'1', 127, 'GENERAL ROCA', 4825),
(4966, b'1', 128, 'NUEVE DE JULIO', 4825),
(4975, b'1', 129, 'ÑORQUINCO', 4825),
(4987, b'1', 130, 'PICHI MAHUIDA', 4825),
(4994, b'1', 131, 'PILCANIYEU', 4825),
(5005, b'1', 132, 'SAN ANTONIO', 4825),
(5013, b'1', 133, 'VALCHETA', 4825),
(5023, b'1', 134, 'VEINTICINCO DE MAYO', 4825),
(5035, b'1', 3183, 'SIN INFORMAR', 4825),
(5038, b'1', 135, 'ANTA', 5037),
(5064, b'1', 136, 'CACHI', 5037),
(5074, b'1', 137, 'CAFAYATE', 5037),
(5080, b'1', 138, 'SALTA CAPITAL', 5037),
(5090, b'1', 139, 'CERRILLOS', 5037),
(5097, b'1', 140, 'CHICOANA', 5037),
(5111, b'1', 141, 'GENERAL GüEMES', 5037),
(5126, b'1', 142, 'GENERAL JOSE DE SAN MARTIN', 5037),
(5171, b'1', 143, 'GUACHIPAS', 5037),
(5178, b'1', 144, 'IRUYA', 5037),
(5187, b'1', 145, 'LA CALDERA', 5037),
(5194, b'1', 146, 'LA CANDELARIA', 5037),
(5202, b'1', 147, 'LA POMA', 5037),
(5213, b'1', 148, 'LA VIÑA', 5037),
(5224, b'1', 149, 'LOS ANDES', 5037),
(5241, b'1', 150, 'METAN', 5037),
(5262, b'1', 151, 'MOLINOS', 5037),
(5272, b'1', 152, 'ORAN', 5037),
(5297, b'1', 153, 'RIVADAVIA', 5037),
(5328, b'1', 154, 'ROSARIO DE LA FRONTERA', 5037),
(5349, b'1', 155, 'ROSARIO DE LERMA ', 5037),
(5373, b'1', 156, 'SAN CARLOS', 5037),
(5388, b'1', 157, 'SANTA VICTORIA', 5037),
(5400, b'1', 3184, 'SIN INFORMAR', 5037),
(5403, b'1', 158, 'ALBARDON', 5402),
(5417, b'1', 159, 'ANGACO', 5402),
(5426, b'1', 160, 'CALINGASTA', 5402),
(5437, b'1', 161, 'SAN JUAN CAPITAL ', 5402),
(5443, b'1', 162, 'CAUCETE', 5402),
(5455, b'1', 163, 'CHIMBAS', 5402),
(5463, b'1', 164, 'IGLESIA', 5402),
(5479, b'1', 165, 'JACHAL', 5402),
(5500, b'1', 166, 'NUEVE DE JULIO', 5402),
(5512, b'1', 167, 'POCITO', 5402),
(5522, b'1', 168, 'RAWSON', 5402),
(5527, b'1', 169, 'RIVADAVIA', 5402),
(5532, b'1', 170, 'SAN MARTIN', 5402),
(5541, b'1', 171, 'SANTA LUCIA', 5402),
(5547, b'1', 172, 'SARMIENTO', 5402),
(5562, b'1', 173, 'ULLUM', 5402),
(5572, b'1', 174, 'VALLE FERTIL', 5402),
(5594, b'1', 175, 'VEINTICINCO DE MAYO', 5402),
(5604, b'1', 176, 'ZONDA', 5402),
(5608, b'1', 3185, 'SIN INFORMAR', 5402),
(5611, b'1', 177, 'AYACUCHO ', 5610),
(5646, b'1', 178, 'BELGRANO ', 5610),
(5683, b'1', 179, 'CHACABUCO ', 5610),
(5715, b'1', 180, 'CORONEL PRINGLES', 5610),
(5753, b'1', 181, 'GENERAL PEDERNERA ', 5610),
(5783, b'1', 182, 'DUPUY', 5610),
(5814, b'1', 183, 'JUNIN ', 5610),
(5849, b'1', 184, 'SAN LUIS CAPITAL', 5610),
(5896, b'1', 185, 'LIBERTADOR GENERAL SAN MARTIN ', 5610),
(5938, b'1', 3186, 'SIN INFORMAR', 5610),
(5941, b'1', 186, 'CORPEN AIKE', 5940),
(5947, b'1', 187, 'DESEADO', 5940),
(5964, b'1', 188, 'GüER AIKE', 5940),
(5981, b'1', 189, 'LAGO ARGENTINO ', 5940),
(5988, b'1', 190, 'LAGO BUENOS AIRES', 5940),
(5995, b'1', 191, 'MAGALLANES', 5940),
(6000, b'1', 192, 'RIO CHICO', 5940),
(6009, b'1', 3187, 'SIN INFORMAR', 5940),
(6012, b'1', 286, 'BELGRANO', 6011),
(6020, b'1', 287, 'CASEROS', 6011),
(6035, b'1', 288, 'CASTELLANOS', 6011),
(6085, b'1', 289, 'CONSTITUCION', 6011),
(6107, b'1', 290, 'GARAY', 6011),
(6114, b'1', 291, 'GENERAL LOPEZ', 6011),
(6149, b'1', 292, 'GENERAL OBLIGADO', 6011),
(6173, b'1', 293, 'IRIONDO', 6011),
(6187, b'1', 294, 'LA CAPITAL', 6011),
(6217, b'1', 295, 'LAS COLONIAS', 6011),
(6256, b'1', 296, 'NUEVE DE JULIO', 6011),
(6270, b'1', 297, 'ROSARIO', 6011),
(6296, b'1', 298, 'SAN CRISTOBAL', 6011),
(6330, b'1', 299, 'SAN JAVIER', 6011),
(6338, b'1', 300, 'SAN JERONIMO', 6011),
(6361, b'1', 301, 'SAN JUSTO', 6011),
(6381, b'1', 302, 'SAN LORENZO', 6011),
(6398, b'1', 303, 'SAN MARTIN', 6011),
(6417, b'1', 304, 'VERA', 6011),
(6431, b'1', 3188, 'SIN INFORMAR', 6011),
(6434, b'1', 193, 'AGUIRRE ', 6433),
(6440, b'1', 194, 'ALBERDI ', 6433),
(6453, b'1', 195, 'ATAMISQUI', 6433),
(6465, b'1', 196, 'AVELLANEDA', 6433),
(6473, b'1', 197, 'BANDA', 6433),
(6486, b'1', 198, 'BELGRANO', 6433),
(6492, b'1', 199, 'SANTIAGO DEL ESTERO CAPITAL', 6433),
(6497, b'1', 200, 'CHOYA', 6433),
(6508, b'1', 201, 'COPO', 6433),
(6516, b'1', 202, 'FIGUEROA ', 6433),
(6523, b'1', 203, 'GENERAL TABOADA', 6433),
(6530, b'1', 204, 'GUASAYAN ', 6433),
(6536, b'1', 205, 'JIMENEZ', 6433),
(6542, b'1', 206, 'JUAN FELIPE IBARRA', 6433),
(6550, b'1', 207, 'LORETO ', 6433),
(6574, b'1', 208, 'MITRE', 6433),
(6577, b'1', 209, 'MORENO', 6433),
(6585, b'1', 210, 'OJO DE AGUA', 6433),
(6590, b'1', 211, 'PELLEGRINI', 6433),
(6603, b'1', 212, 'QUEBRACHOS', 6433),
(6610, b'1', 213, 'RIO HONDO', 6433),
(6619, b'1', 214, 'RIVADAVIA', 6433),
(6625, b'1', 215, 'ROBLES', 6433),
(6633, b'1', 216, 'SALAVINA', 6433),
(6647, b'1', 217, 'SAN MARTIN', 6433),
(6679, b'1', 218, 'SARMIENTO', 6433),
(6681, b'1', 219, 'SILIPICA', 6433),
(6689, b'1', 3189, 'SIN INFORMAR', 6433),
(6692, b'1', 237, 'ANTARTIDA ARGENTINA', 6691),
(6695, b'1', 238, 'ISLAS DEL ATLANTICO SUR', 6691),
(6703, b'1', 239, 'RIO GRANDE', 6691),
(6709, b'1', 240, 'USHUAIA', 6691),
(6714, b'1', 3190, 'SIN INFORMAR', 6691),
(6717, b'1', 220, 'BURRUYACU', 6716),
(6734, b'1', 221, 'SAN MIGUEL DE TUCUMAN', 6716),
(6737, b'1', 222, 'CHICLIGASTA', 6716),
(6749, b'1', 223, 'CRUZ ALTA', 6716),
(6769, b'1', 224, 'FAMAILLA', 6716),
(6772, b'1', 225, 'GRANEROS', 6716),
(6777, b'1', 226, 'JUAN BAUTISTA ALBERDI ', 6716),
(6782, b'1', 227, 'LA COCHA ', 6716),
(6791, b'1', 228, 'LEALES', 6716),
(6809, b'1', 229, 'LULES', 6716),
(6816, b'1', 230, 'MONTEROS ', 6716),
(6831, b'1', 231, 'RIO CHICO ', 6716),
(6839, b'1', 232, 'SIMOCA', 6716),
(6856, b'1', 233, 'TAFI DEL VALLE', 6716),
(6862, b'1', 234, 'TAFI VIEJO ', 6716),
(6873, b'1', 235, 'TRANCAS', 6716),
(6879, b'1', 236, 'YERBA BUENA', 6716),
(6887, b'1', 3191, 'SIN INFORMAR', 6716);

-- --------------------------------------------------------

--
-- Table structure for table `organizaciones`
--

CREATE TABLE `organizaciones` (
  `id` bigint(20) NOT NULL,
  `activo` bit(1) NOT NULL,
  `cant_dias_habiles_por_semana` int(11) NOT NULL,
  `clasificacion` int(11) DEFAULT NULL,
  `razon_social` varchar(255) DEFAULT NULL,
  `tipo_organizacion` int(11) DEFAULT NULL,
  `factor_k` bigint(20) NOT NULL
) ENGINE=InnoDB DEFAULT CHARSET=utf8mb4;

--
-- Dumping data for table `organizaciones`
--

INSERT INTO `organizaciones` (`id`, `activo`, `cant_dias_habiles_por_semana`, `clasificacion`, `razon_social`, `tipo_organizacion`, `factor_k`) VALUES
(7003, b'1', 5, 3, 'Organizacion TEST', 2, 7004);

-- --------------------------------------------------------

--
-- Table structure for table `organizaciones_por_sector_territorial`
--

CREATE TABLE `organizaciones_por_sector_territorial` (
  `sector_territorial` bigint(20) NOT NULL,
  `organizacion` bigint(20) NOT NULL
) ENGINE=InnoDB DEFAULT CHARSET=utf8mb4;

-- --------------------------------------------------------

--
-- Table structure for table `paises`
--

CREATE TABLE `paises` (
  `id` bigint(20) NOT NULL,
  `activo` bit(1) NOT NULL,
  `id_segun_api` int(11) NOT NULL,
  `nombre` varchar(255) DEFAULT NULL
) ENGINE=InnoDB DEFAULT CHARSET=utf8mb4;

--
-- Dumping data for table `paises`
--

INSERT INTO `paises` (`id`, `activo`, `id_segun_api`, `nombre`) VALUES
(1, b'1', 9, 'ARGENTINA');

-- --------------------------------------------------------

--
-- Table structure for table `paradas`
--

CREATE TABLE `paradas` (
  `id` bigint(20) NOT NULL,
  `distancia_parada_siguiente` bigint(20) DEFAULT NULL,
  `parada_siguiente` bigint(20) DEFAULT NULL,
  `transporte_publico` bigint(20) NOT NULL
) ENGINE=InnoDB DEFAULT CHARSET=utf8mb4;

--
-- Dumping data for table `paradas`
--

INSERT INTO `paradas` (`id`, `distancia_parada_siguiente`, `parada_siguiente`, `transporte_publico`) VALUES
(6952, 6957, 6958, 6950),
(6958, 6959, 6960, 6950),
(6960, 6961, 6962, 6950),
(6962, NULL, NULL, 6950);

-- --------------------------------------------------------

--
-- Table structure for table `personas`
--

CREATE TABLE `personas` (
  `id` bigint(20) NOT NULL,
  `activo` bit(1) NOT NULL,
  `apellido` varchar(255) DEFAULT NULL,
  `documento` varchar(255) DEFAULT NULL,
  `nombre` varchar(255) DEFAULT NULL,
  `tipo_documento` int(11) DEFAULT NULL
) ENGINE=InnoDB DEFAULT CHARSET=utf8mb4;

--
-- Dumping data for table `personas`
--

INSERT INTO `personas` (`id`, `activo`, `apellido`, `documento`, `nombre`, `tipo_documento`) VALUES
(7008, b'1', 'Saidman', '12345678', 'Ezequiel', 0),
(7011, b'1', 'Ramos', '87654321', 'Milagros', 0);

-- --------------------------------------------------------

--
-- Table structure for table `provincias`
--

CREATE TABLE `provincias` (
  `id` bigint(20) NOT NULL,
  `activo` bit(1) NOT NULL,
  `id_segun_api` int(11) NOT NULL,
  `nombre` varchar(255) DEFAULT NULL,
  `pais` bigint(20) NOT NULL
) ENGINE=InnoDB DEFAULT CHARSET=utf8mb4;

--
-- Dumping data for table `provincias`
--

INSERT INTO `provincias` (`id`, `activo`, `id_segun_api`, `nombre`, `pais`) VALUES
(2, b'1', 168, 'BUENOS AIRES', 1),
(1446, b'1', 169, 'CATAMARCA', 1),
(2196, b'1', 170, 'CHACO', 1),
(2323, b'1', 171, 'CHUBUT', 1),
(2524, b'1', 172, 'CORDOBA', 1),
(3012, b'1', 173, 'CORRIENTES', 1),
(3169, b'1', 174, 'CIUDAD DE BUENOS AIRES', 1),
(3222, b'1', 175, 'ENTRE RIOS', 1),
(3539, b'1', 176, 'FORMOSA', 1),
(3616, b'1', 177, 'JUJUY', 1),
(3915, b'1', 178, 'LA PAMPA', 1),
(4053, b'1', 179, 'LA RIOJA', 1),
(4239, b'1', 180, 'MENDOZA', 1),
(4492, b'1', 181, 'MISIONES', 1),
(4610, b'1', 182, 'NEUQUEN', 1),
(4825, b'1', 183, 'RIO NEGRO', 1),
(5037, b'1', 184, 'SALTA', 1),
(5402, b'1', 185, 'SAN JUAN', 1),
(5610, b'1', 186, 'SAN LUIS', 1),
(5940, b'1', 187, 'SANTA CRUZ', 1),
(6011, b'1', 188, 'SANTA FE', 1),
(6433, b'1', 189, 'SANTIAGO DEL ESTERO', 1),
(6691, b'1', 190, 'TIERRA DEL FUEGO', 1),
(6716, b'1', 191, 'TUCUMAN', 1);

-- --------------------------------------------------------

--
-- Table structure for table `registros_calculo_hc_dato_actividad`
--

CREATE TABLE `registros_calculo_hc_dato_actividad` (
  `id` bigint(20) NOT NULL,
  `activo` bit(1) NOT NULL,
  `periodicidad` int(11) DEFAULT NULL,
  `periodo_imputacion` date DEFAULT NULL,
  `organizacion` bigint(20) NOT NULL,
  `valor` bigint(20) NOT NULL
) ENGINE=InnoDB DEFAULT CHARSET=utf8mb4;

-- --------------------------------------------------------

--
-- Table structure for table `registros_calculo_hc_trayecto`
--

CREATE TABLE `registros_calculo_hc_trayecto` (
  `id` bigint(20) NOT NULL,
  `activo` bit(1) NOT NULL,
  `miembro` bigint(20) NOT NULL,
  `trayecto` bigint(20) NOT NULL,
  `valor` bigint(20) NOT NULL
) ENGINE=InnoDB DEFAULT CHARSET=utf8mb4;

-- --------------------------------------------------------

--
-- Table structure for table `relaciones_unidades`
--

CREATE TABLE `relaciones_unidades` (
  `id` bigint(20) NOT NULL,
  `activo` bit(1) NOT NULL,
  `unidad_cociente` bigint(20) DEFAULT NULL,
  `unidad_derecha` bigint(20) DEFAULT NULL,
  `unidad_izquierda` bigint(20) DEFAULT NULL,
  `unidad_producto` bigint(20) DEFAULT NULL
) ENGINE=InnoDB DEFAULT CHARSET=utf8mb4;

--
-- Dumping data for table `relaciones_unidades`
--

INSERT INTO `relaciones_unidades` (`id`, `activo`, `unidad_cociente`, `unidad_derecha`, `unidad_izquierda`, `unidad_producto`) VALUES
(6911, b'1', 6905, 6890, 6901, NULL),
(6912, b'1', 6906, 6893, NULL, 6893),
(6913, b'1', 6907, 6896, 6901, NULL),
(6914, b'1', 6908, 6897, 6901, NULL),
(6915, b'1', 6909, 6893, 6901, NULL),
(6916, b'1', 6910, 6899, 6901, NULL);

-- --------------------------------------------------------

--
-- Table structure for table `sectores`
--

CREATE TABLE `sectores` (
  `id` bigint(20) NOT NULL,
  `activo` bit(1) NOT NULL,
  `nombre` varchar(255) DEFAULT NULL,
  `espacio` bigint(20) NOT NULL,
  `organizacion` bigint(20) NOT NULL
) ENGINE=InnoDB DEFAULT CHARSET=utf8mb4;

--
-- Dumping data for table `sectores`
--

INSERT INTO `sectores` (`id`, `activo`, `nombre`, `espacio`, `organizacion`) VALUES
(7005, b'1', 'Sector TEST', 7006, 7003);

-- --------------------------------------------------------

--
-- Table structure for table `sectores_territoriales`
--

CREATE TABLE `sectores_territoriales` (
  `id` bigint(20) NOT NULL,
  `activo` bit(1) NOT NULL,
  `nombre` varchar(255) DEFAULT NULL,
  `tipo_sector_territorial` int(11) DEFAULT NULL
) ENGINE=InnoDB DEFAULT CHARSET=utf8mb4;

-- --------------------------------------------------------

--
-- Table structure for table `solicitudes`
--

CREATE TABLE `solicitudes` (
  `id` bigint(20) NOT NULL,
  `activo` bit(1) NOT NULL,
  `miembro` bigint(20) NOT NULL,
  `sector` bigint(20) NOT NULL
) ENGINE=InnoDB DEFAULT CHARSET=utf8mb4;

-- --------------------------------------------------------

--
-- Table structure for table `tipos_de_consumo`
--

CREATE TABLE `tipos_de_consumo` (
  `id` bigint(20) NOT NULL,
  `activo` bit(1) NOT NULL,
  `actividad` int(11) DEFAULT NULL,
  `alcance` varchar(255) DEFAULT NULL,
  `nombre` varchar(255) DEFAULT NULL,
  `unidad` bigint(20) DEFAULT NULL
) ENGINE=InnoDB DEFAULT CHARSET=utf8mb4;

--
-- Dumping data for table `tipos_de_consumo`
--

INSERT INTO `tipos_de_consumo` (`id`, `activo`, `actividad`, `alcance`, `nombre`, `unidad`) VALUES
(6963, b'1', 0, '1: Emisiones directas', 'Gas Natural', 6896),
(6966, b'1', 0, '1: Emisiones directas', 'Diesel/Gasoil', 6897),
(6969, b'1', 0, '1: Emisiones directas', 'Kerosene', 6897),
(6972, b'1', 0, '1: Emisiones directas', 'Fuel Oil', 6897),
(6975, b'1', 0, '1: Emisiones directas', 'Nafta', 6897),
(6978, b'1', 0, '1: Emisiones directas', 'Carbón', 6893),
(6981, b'1', 0, '1: Emisiones directas', 'Carbón de leña', 6893),
(6984, b'1', 0, '1: Emisiones directas', 'Leña', 6893),
(6987, b'1', 1, '1: Emisiones directas', 'Combustible consumido - Gasoil', 6897),
(6990, b'1', 1, '1: Emisiones directas', 'Combustible consumido - GNC', 6897),
(6993, b'1', 1, '1: Emisiones directas', 'Combustible consumido - Nafta', 6897),
(6996, b'1', 2, '2: Emisiones indirectas asociadas a la electricidad', 'Electricidad', 6899),
(6999, b'1', 3, '3: Otras emisiones indirectas que ocurren en fuentes no controladas por la Organización', 'Categoría de producto transportado', NULL),
(7000, b'1', 3, '3: Otras emisiones indirectas que ocurren en fuentes no controladas por la Organización', 'Medio de transporte', NULL),
(7001, b'1', 3, '3: Otras emisiones indirectas que ocurren en fuentes no controladas por la Organización', 'Distancia media recorrida', 6890),
(7002, b'1', 3, '3: Otras emisiones indirectas que ocurren en fuentes no controladas por la Organización', 'Peso total transportado', 6893);

-- --------------------------------------------------------

--
-- Table structure for table `tipos_de_unidad`
--

CREATE TABLE `tipos_de_unidad` (
  `id` bigint(20) NOT NULL,
  `activo` bit(1) NOT NULL,
  `nombre` varchar(255) DEFAULT NULL
) ENGINE=InnoDB DEFAULT CHARSET=utf8mb4;

--
-- Dumping data for table `tipos_de_unidad`
--

INSERT INTO `tipos_de_unidad` (`id`, `activo`, `nombre`) VALUES
(6889, b'1', 'Longitud'),
(6892, b'1', 'Masa'),
(6895, b'1', 'Volumen'),
(6898, b'1', 'Energía'),
(6900, b'1', 'Equivalente carbono'),
(6904, b'1', 'Unidades compuestas');

-- --------------------------------------------------------

--
-- Table structure for table `tipos_medio_de_transporte`
--

CREATE TABLE `tipos_medio_de_transporte` (
  `id` bigint(20) NOT NULL,
  `activo` bit(1) NOT NULL,
  `nombre` varchar(255) DEFAULT NULL
) ENGINE=InnoDB DEFAULT CHARSET=utf8mb4;

--
-- Dumping data for table `tipos_medio_de_transporte`
--

INSERT INTO `tipos_medio_de_transporte` (`id`, `activo`, `nombre`) VALUES
(6917, b'1', 'Tren'),
(6920, b'1', 'Subte'),
(6923, b'1', 'Colectivo'),
(6926, b'1', 'Bicicleta'),
(6929, b'1', 'A pie'),
(6932, b'1', 'Monopatín'),
(6935, b'1', 'Moto'),
(6938, b'1', 'Auto'),
(6941, b'1', 'Camioneta'),
(6944, b'1', 'Camión de carga'),
(6947, b'1', 'Utilitario liviano');

-- --------------------------------------------------------

--
-- Table structure for table `tipos_servicio_contratado`
--

CREATE TABLE `tipos_servicio_contratado` (
  `id` bigint(20) NOT NULL,
  `activo` bit(1) NOT NULL,
  `nombre` varchar(255) DEFAULT NULL
) ENGINE=InnoDB DEFAULT CHARSET=utf8mb4;

-- --------------------------------------------------------

--
-- Table structure for table `tramos`
--

CREATE TABLE `tramos` (
  `id` bigint(20) NOT NULL,
  `activo` bit(1) NOT NULL,
  `distancia_recorrida` bigint(20) DEFAULT NULL,
  `lugar_fin` bigint(20) NOT NULL,
  `lugar_inicio` bigint(20) NOT NULL,
  `medio_de_transporte` bigint(20) NOT NULL,
  `trayecto` bigint(20) NOT NULL
) ENGINE=InnoDB DEFAULT CHARSET=utf8mb4;

-- --------------------------------------------------------

--
-- Table structure for table `transportes_publicos`
--

CREATE TABLE `transportes_publicos` (
  `combustible_consumido_por_km` double NOT NULL,
  `linea` varchar(255) DEFAULT NULL,
  `id` bigint(20) NOT NULL,
  `combustible` bigint(20) NOT NULL
) ENGINE=InnoDB DEFAULT CHARSET=utf8mb4;

--
-- Dumping data for table `transportes_publicos`
--

INSERT INTO `transportes_publicos` (`combustible_consumido_por_km`, `linea`, `id`, `combustible`) VALUES
(10, '15', 6950, 6951);

-- --------------------------------------------------------

--
-- Table structure for table `trayectos`
--

CREATE TABLE `trayectos` (
  `id` bigint(20) NOT NULL,
  `activo` bit(1) NOT NULL,
  `fecha_fin` date DEFAULT NULL,
  `fecha_inicio` date DEFAULT NULL,
  `fin` bigint(20) NOT NULL,
  `inicio` bigint(20) NOT NULL
) ENGINE=InnoDB DEFAULT CHARSET=utf8mb4;

-- --------------------------------------------------------

--
-- Table structure for table `unidades`
--

CREATE TABLE `unidades` (
  `id` bigint(20) NOT NULL,
  `activo` bit(1) NOT NULL,
  `es_base` bit(1) DEFAULT NULL,
  `factor_de_conversionaunidad_base` double NOT NULL,
  `nombre` varchar(255) DEFAULT NULL,
  `simbolo` varchar(255) DEFAULT NULL,
  `tipo_unidad` bigint(20) NOT NULL
) ENGINE=InnoDB DEFAULT CHARSET=utf8mb4;

--
-- Dumping data for table `unidades`
--

INSERT INTO `unidades` (`id`, `activo`, `es_base`, `factor_de_conversionaunidad_base`, `nombre`, `simbolo`, `tipo_unidad`) VALUES
(6890, b'1', b'1', 1, 'Kilometro', 'km', 6889),
(6891, b'1', b'0', 0.001, 'Metro', 'm', 6889),
(6893, b'1', b'1', 1, 'Kilogramo', 'kg', 6892),
(6894, b'1', b'0', 0.001, 'Gramo', 'g', 6892),
(6896, b'1', b'1', 1, 'Metro cubico', 'm3', 6895),
(6897, b'1', b'0', 0.001, 'Litro', 'lt', 6895),
(6899, b'1', b'1', 1, 'Kilowatt-Hora', 'kWh', 6898),
(6901, b'1', b'1', 1, 'Gramo equivalente carbono', 'gCO2eq', 6900),
(6902, b'1', b'0', 1000, 'Kilogramo equivalente carbono', 'kgCO2eq', 6900),
(6903, b'1', b'0', 1000000, 'Tonelada equivalente carbono', 'tnCO2eq', 6900),
(6905, b'1', b'1', 1, 'Gramo equivalente carbono sobre Kilometro', 'gCO2eq/km', 6904),
(6906, b'1', b'1', 1, '1 sobre Kilogramo', '1/kg', 6904),
(6907, b'1', b'1', 1, 'Gramo equivalente carbono sobre Metro cubico', 'gCO2eq/m3', 6904),
(6908, b'1', b'1', 1, 'Gramo equivalente carbono sobre Litro', 'gCO2eq/lt', 6904),
(6909, b'1', b'1', 1, 'Gramo equivalente carbono sobre Kilogramo', 'gCO2eq/kg', 6904),
(6910, b'1', b'1', 1, 'Gramo equivalente carbono sobre Kilowatt-Hora', 'gCO2eq/kWh', 6904);

-- --------------------------------------------------------

--
-- Table structure for table `usuarios`
--

CREATE TABLE `usuarios` (
  `id` bigint(20) NOT NULL,
  `activo` bit(1) NOT NULL,
  `admin` bit(1) NOT NULL,
  `bloqueado_hasta` datetime DEFAULT NULL,
  `cantidad_intentos_incorrectos` int(11) NOT NULL,
  `password` varchar(255) DEFAULT NULL,
  `username` varchar(255) DEFAULT NULL
) ENGINE=InnoDB DEFAULT CHARSET=utf8mb4;

--
-- Dumping data for table `usuarios`
--

INSERT INTO `usuarios` (`id`, `activo`, `admin`, `bloqueado_hasta`, `cantidad_intentos_incorrectos`, `password`, `username`) VALUES
(7010, b'1', b'1', NULL, 0, '$2a$10$EesDO9l7ETsnOYti4YrsVuSUic4htg6oEpyBhYBRwbEJto7ITbXG6', 'echisaidman'),
(7013, b'1', b'1', NULL, 0, '$2a$10$Cph9/5lvP6nsobvwqX2mlO3/UKo9wzZ9yazY.OjtpCcsJAHqSF6CW', 'miliramos');

-- --------------------------------------------------------

--
-- Table structure for table `vehiculos_no_contaminantes`
--

CREATE TABLE `vehiculos_no_contaminantes` (
  `id` bigint(20) NOT NULL
) ENGINE=InnoDB DEFAULT CHARSET=utf8mb4;

-- --------------------------------------------------------

--
-- Table structure for table `vehiculos_particulares`
--

CREATE TABLE `vehiculos_particulares` (
  `combustible_consumido_por_km` double NOT NULL,
  `id` bigint(20) NOT NULL,
  `combustible` bigint(20) NOT NULL,
  `tipo_servicio_contratado` bigint(20) NOT NULL
) ENGINE=InnoDB DEFAULT CHARSET=utf8mb4;

--
-- Indexes for dumped tables
--

--
-- Indexes for table `agentes_sectoriales`
--
ALTER TABLE `agentes_sectoriales`
  ADD PRIMARY KEY (`id`),
  ADD KEY `FK_AgentesSectoriales_SectorTerritorial` (`sector_territorial`);

--
-- Indexes for table `cantidades`
--
ALTER TABLE `cantidades`
  ADD PRIMARY KEY (`id`),
  ADD KEY `FK_Cantidades_Unidad` (`unidad`);

--
-- Indexes for table `combustibles`
--
ALTER TABLE `combustibles`
  ADD PRIMARY KEY (`id`),
  ADD KEY `FK_Combustibles_Unidad` (`unidad`);

--
-- Indexes for table `contactos`
--
ALTER TABLE `contactos`
  ADD PRIMARY KEY (`id`),
  ADD KEY `FK_Contactos_Organizacion` (`organizacion`);

--
-- Indexes for table `direcciones`
--
ALTER TABLE `direcciones`
  ADD PRIMARY KEY (`id`),
  ADD KEY `FK_Direcciones_Localidad` (`localidad`);

--
-- Indexes for table `espacios`
--
ALTER TABLE `espacios`
  ADD PRIMARY KEY (`id`);

--
-- Indexes for table `factores_de_emision`
--
ALTER TABLE `factores_de_emision`
  ADD PRIMARY KEY (`id`),
  ADD KEY `FK_FactoresDeEmision_Cantidad` (`cantidad`),
  ADD KEY `FK_FactoresDeEmision_TipoConsumo` (`tipo_consumo`),
  ADD KEY `FK_FactoresDeEmision_TipoMedioDeTransporte` (`tipo_medio_de_transporte`);

--
-- Indexes for table `localidades`
--
ALTER TABLE `localidades`
  ADD PRIMARY KEY (`id`),
  ADD KEY `FK_Localidades_Municipio` (`municipio`);

--
-- Indexes for table `lugares`
--
ALTER TABLE `lugares`
  ADD PRIMARY KEY (`id`),
  ADD KEY `FK_Lugares_Direccion` (`direccion`);

--
-- Indexes for table `mediciones`
--
ALTER TABLE `mediciones`
  ADD PRIMARY KEY (`id`),
  ADD KEY `FK_Mediciones_Organizacion` (`organizacion`),
  ADD KEY `FK_Mediciones_TipoConsumo` (`tipo_consumo`),
  ADD KEY `FK_Mediciones_TipoMedioDeTransporte` (`tipo_medio_de_transporte`),
  ADD KEY `FK_Mediciones_ValorNumerico` (`valor_numerico`);

--
-- Indexes for table `medios_de_transporte`
--
ALTER TABLE `medios_de_transporte`
  ADD PRIMARY KEY (`id`),
  ADD KEY `FK_MediosDeTransporte_TipoMedioDeTransporte` (`tipo_medio_de_transporte`);

--
-- Indexes for table `miembros`
--
ALTER TABLE `miembros`
  ADD PRIMARY KEY (`id`),
  ADD KEY `FK_Miembros_Persona` (`persona`),
  ADD KEY `FK_Miembros_Sector` (`sector`),
  ADD KEY `FK_Miembros_Usuario` (`usuario`);

--
-- Indexes for table `miembros_por_tramo`
--
ALTER TABLE `miembros_por_tramo`
  ADD KEY `FK_MiembrosPorTramo_Miembro` (`miembro`),
  ADD KEY `FK_MiembrosPorTramo_Tramo` (`tramo`);

--
-- Indexes for table `miembros_por_trayecto`
--
ALTER TABLE `miembros_por_trayecto`
  ADD PRIMARY KEY (`id`),
  ADD KEY `FK_MiembrosPorTrayecto_Miembro` (`miembro`),
  ADD KEY `FK_MiembrosPorTrayecto_Trayecto` (`trayecto`);

--
-- Indexes for table `municipios`
--
ALTER TABLE `municipios`
  ADD PRIMARY KEY (`id`),
  ADD KEY `FK_Municipios_Provincia` (`provincia`);

--
-- Indexes for table `organizaciones`
--
ALTER TABLE `organizaciones`
  ADD PRIMARY KEY (`id`),
  ADD KEY `FK_Organizaciones_FactorK` (`factor_k`);

--
-- Indexes for table `organizaciones_por_sector_territorial`
--
ALTER TABLE `organizaciones_por_sector_territorial`
  ADD KEY `FK_OrganizacionesPorSectorTerritorial_Organizacion` (`organizacion`),
  ADD KEY `FK_OrganizacionesPorSectorTerritorial_SectorTerritorial` (`sector_territorial`);

--
-- Indexes for table `paises`
--
ALTER TABLE `paises`
  ADD PRIMARY KEY (`id`);

--
-- Indexes for table `paradas`
--
ALTER TABLE `paradas`
  ADD PRIMARY KEY (`id`),
  ADD UNIQUE KEY `UK_b36vn5fa1kgtykhmq6mrapfuh` (`parada_siguiente`),
  ADD KEY `FK_Paradas_DistanciaParadaSiguiente` (`distancia_parada_siguiente`),
  ADD KEY `FK_Paradas_TransportePublico` (`transporte_publico`);

--
-- Indexes for table `personas`
--
ALTER TABLE `personas`
  ADD PRIMARY KEY (`id`);

--
-- Indexes for table `provincias`
--
ALTER TABLE `provincias`
  ADD PRIMARY KEY (`id`),
  ADD KEY `FK_Provincias_Pais` (`pais`);

--
-- Indexes for table `registros_calculo_hc_dato_actividad`
--
ALTER TABLE `registros_calculo_hc_dato_actividad`
  ADD PRIMARY KEY (`id`),
  ADD KEY `FK_RegistrosCalculoHCDatoActividad_Organizacion` (`organizacion`),
  ADD KEY `FK_RegistrosCalculoHCDatoActividad_Valor` (`valor`);

--
-- Indexes for table `registros_calculo_hc_trayecto`
--
ALTER TABLE `registros_calculo_hc_trayecto`
  ADD PRIMARY KEY (`id`),
  ADD KEY `FK_RegistrosCalculoHCTrayecto_Miembro` (`miembro`),
  ADD KEY `FK_RegistrosCalculoHCTrayecto_Trayecto` (`trayecto`),
  ADD KEY `FK_RegistrosCalculoHCTrayecto_Valor` (`valor`);

--
-- Indexes for table `relaciones_unidades`
--
ALTER TABLE `relaciones_unidades`
  ADD PRIMARY KEY (`id`),
  ADD KEY `FK_RelacionesUnidades_UnidadCociente` (`unidad_cociente`),
  ADD KEY `FK_RelacionesUnidades_UnidadDerecha` (`unidad_derecha`),
  ADD KEY `FK_RelacionesUnidades_UnidadIzquierda` (`unidad_izquierda`),
  ADD KEY `FK_RelacionesUnidades_UnidadProducto` (`unidad_producto`);

--
-- Indexes for table `sectores`
--
ALTER TABLE `sectores`
  ADD PRIMARY KEY (`id`),
  ADD KEY `FK_Sectores_Espacio` (`espacio`),
  ADD KEY `FK_Sectores_Organizacion` (`organizacion`);

--
-- Indexes for table `sectores_territoriales`
--
ALTER TABLE `sectores_territoriales`
  ADD PRIMARY KEY (`id`);

--
-- Indexes for table `solicitudes`
--
ALTER TABLE `solicitudes`
  ADD PRIMARY KEY (`id`),
  ADD KEY `FK_Solicitudes_Miembro` (`miembro`),
  ADD KEY `FK_Solicitudes_Sector` (`sector`);

--
-- Indexes for table `tipos_de_consumo`
--
ALTER TABLE `tipos_de_consumo`
  ADD PRIMARY KEY (`id`),
  ADD KEY `FK_TiposDeConsumo_Unidad` (`unidad`);

--
-- Indexes for table `tipos_de_unidad`
--
ALTER TABLE `tipos_de_unidad`
  ADD PRIMARY KEY (`id`);

--
-- Indexes for table `tipos_medio_de_transporte`
--
ALTER TABLE `tipos_medio_de_transporte`
  ADD PRIMARY KEY (`id`);

--
-- Indexes for table `tipos_servicio_contratado`
--
ALTER TABLE `tipos_servicio_contratado`
  ADD PRIMARY KEY (`id`);

--
-- Indexes for table `tramos`
--
ALTER TABLE `tramos`
  ADD PRIMARY KEY (`id`),
  ADD KEY `FK_Tramos_DistanciaRecorrida` (`distancia_recorrida`),
  ADD KEY `FK_Tramos_LugarFin` (`lugar_fin`),
  ADD KEY `FK_Tramos_LugarInicio` (`lugar_inicio`),
  ADD KEY `FK_Tramos_MedioDeTransporte` (`medio_de_transporte`),
  ADD KEY `FK_Tramos_Trayecto` (`trayecto`);

--
-- Indexes for table `transportes_publicos`
--
ALTER TABLE `transportes_publicos`
  ADD PRIMARY KEY (`id`),
  ADD KEY `FK_TransportesPublicos_Combustible` (`combustible`);

--
-- Indexes for table `trayectos`
--
ALTER TABLE `trayectos`
  ADD PRIMARY KEY (`id`),
  ADD KEY `FK_Trayectos_Fin` (`fin`),
  ADD KEY `FK_Trayectos_Inicio` (`inicio`);

--
-- Indexes for table `unidades`
--
ALTER TABLE `unidades`
  ADD PRIMARY KEY (`id`),
  ADD KEY `FK_Unidades_TipoUnidad` (`tipo_unidad`);

--
-- Indexes for table `usuarios`
--
ALTER TABLE `usuarios`
  ADD PRIMARY KEY (`id`);

--
-- Indexes for table `vehiculos_no_contaminantes`
--
ALTER TABLE `vehiculos_no_contaminantes`
  ADD PRIMARY KEY (`id`);

--
-- Indexes for table `vehiculos_particulares`
--
ALTER TABLE `vehiculos_particulares`
  ADD PRIMARY KEY (`id`),
  ADD KEY `FK_VehiculosParticulares_Combustible` (`combustible`),
  ADD KEY `FK_VehiculosParticulares_TipoServicioContratado` (`tipo_servicio_contratado`);

--
-- Constraints for dumped tables
--

--
-- Constraints for table `agentes_sectoriales`
--
ALTER TABLE `agentes_sectoriales`
  ADD CONSTRAINT `FK_AgentesSectoriales_SectorTerritorial` FOREIGN KEY (`sector_territorial`) REFERENCES `sectores_territoriales` (`id`);

--
-- Constraints for table `cantidades`
--
ALTER TABLE `cantidades`
  ADD CONSTRAINT `FK_Cantidades_Unidad` FOREIGN KEY (`unidad`) REFERENCES `unidades` (`id`);

--
-- Constraints for table `combustibles`
--
ALTER TABLE `combustibles`
  ADD CONSTRAINT `FK_Combustibles_Unidad` FOREIGN KEY (`unidad`) REFERENCES `unidades` (`id`);

--
-- Constraints for table `contactos`
--
ALTER TABLE `contactos`
  ADD CONSTRAINT `FK_Contactos_Organizacion` FOREIGN KEY (`organizacion`) REFERENCES `organizaciones` (`id`);

--
-- Constraints for table `direcciones`
--
ALTER TABLE `direcciones`
  ADD CONSTRAINT `FK_Direcciones_Localidad` FOREIGN KEY (`localidad`) REFERENCES `localidades` (`id`);

--
-- Constraints for table `espacios`
--
ALTER TABLE `espacios`
  ADD CONSTRAINT `FKrwnrvyejolbu6alu31iswkiwr` FOREIGN KEY (`id`) REFERENCES `lugares` (`id`);

--
-- Constraints for table `factores_de_emision`
--
ALTER TABLE `factores_de_emision`
  ADD CONSTRAINT `FK_FactoresDeEmision_Cantidad` FOREIGN KEY (`cantidad`) REFERENCES `cantidades` (`id`),
  ADD CONSTRAINT `FK_FactoresDeEmision_TipoConsumo` FOREIGN KEY (`tipo_consumo`) REFERENCES `tipos_de_consumo` (`id`),
  ADD CONSTRAINT `FK_FactoresDeEmision_TipoMedioDeTransporte` FOREIGN KEY (`tipo_medio_de_transporte`) REFERENCES `tipos_medio_de_transporte` (`id`);

--
-- Constraints for table `localidades`
--
ALTER TABLE `localidades`
  ADD CONSTRAINT `FK_Localidades_Municipio` FOREIGN KEY (`municipio`) REFERENCES `municipios` (`id`);

--
-- Constraints for table `lugares`
--
ALTER TABLE `lugares`
  ADD CONSTRAINT `FK_Lugares_Direccion` FOREIGN KEY (`direccion`) REFERENCES `direcciones` (`id`);

--
-- Constraints for table `mediciones`
--
ALTER TABLE `mediciones`
  ADD CONSTRAINT `FK_Mediciones_Organizacion` FOREIGN KEY (`organizacion`) REFERENCES `organizaciones` (`id`),
  ADD CONSTRAINT `FK_Mediciones_TipoConsumo` FOREIGN KEY (`tipo_consumo`) REFERENCES `tipos_de_consumo` (`id`),
  ADD CONSTRAINT `FK_Mediciones_TipoMedioDeTransporte` FOREIGN KEY (`tipo_medio_de_transporte`) REFERENCES `tipos_medio_de_transporte` (`id`),
  ADD CONSTRAINT `FK_Mediciones_ValorNumerico` FOREIGN KEY (`valor_numerico`) REFERENCES `cantidades` (`id`);

--
-- Constraints for table `medios_de_transporte`
--
ALTER TABLE `medios_de_transporte`
  ADD CONSTRAINT `FK_MediosDeTransporte_TipoMedioDeTransporte` FOREIGN KEY (`tipo_medio_de_transporte`) REFERENCES `tipos_medio_de_transporte` (`id`);

--
-- Constraints for table `miembros`
--
ALTER TABLE `miembros`
  ADD CONSTRAINT `FK_Miembros_Persona` FOREIGN KEY (`persona`) REFERENCES `personas` (`id`),
  ADD CONSTRAINT `FK_Miembros_Sector` FOREIGN KEY (`sector`) REFERENCES `sectores` (`id`),
  ADD CONSTRAINT `FK_Miembros_Usuario` FOREIGN KEY (`usuario`) REFERENCES `usuarios` (`id`);

--
-- Constraints for table `miembros_por_tramo`
--
ALTER TABLE `miembros_por_tramo`
  ADD CONSTRAINT `FK_MiembrosPorTramo_Miembro` FOREIGN KEY (`miembro`) REFERENCES `miembros` (`id`),
  ADD CONSTRAINT `FK_MiembrosPorTramo_Tramo` FOREIGN KEY (`tramo`) REFERENCES `tramos` (`id`);

--
-- Constraints for table `miembros_por_trayecto`
--
ALTER TABLE `miembros_por_trayecto`
  ADD CONSTRAINT `FK_MiembrosPorTrayecto_Miembro` FOREIGN KEY (`miembro`) REFERENCES `miembros` (`id`),
  ADD CONSTRAINT `FK_MiembrosPorTrayecto_Trayecto` FOREIGN KEY (`trayecto`) REFERENCES `trayectos` (`id`);

--
-- Constraints for table `municipios`
--
ALTER TABLE `municipios`
  ADD CONSTRAINT `FK_Municipios_Provincia` FOREIGN KEY (`provincia`) REFERENCES `provincias` (`id`);

--
-- Constraints for table `organizaciones`
--
ALTER TABLE `organizaciones`
  ADD CONSTRAINT `FK_Organizaciones_FactorK` FOREIGN KEY (`factor_k`) REFERENCES `cantidades` (`id`);

--
-- Constraints for table `organizaciones_por_sector_territorial`
--
ALTER TABLE `organizaciones_por_sector_territorial`
  ADD CONSTRAINT `FK_OrganizacionesPorSectorTerritorial_Organizacion` FOREIGN KEY (`organizacion`) REFERENCES `organizaciones` (`id`),
  ADD CONSTRAINT `FK_OrganizacionesPorSectorTerritorial_SectorTerritorial` FOREIGN KEY (`sector_territorial`) REFERENCES `sectores_territoriales` (`id`);

--
-- Constraints for table `paradas`
--
ALTER TABLE `paradas`
  ADD CONSTRAINT `FK_Paradas_DistanciaParadaSiguiente` FOREIGN KEY (`distancia_parada_siguiente`) REFERENCES `cantidades` (`id`),
  ADD CONSTRAINT `FK_Paradas_ParadaSiguiente` FOREIGN KEY (`parada_siguiente`) REFERENCES `paradas` (`id`),
  ADD CONSTRAINT `FK_Paradas_TransportePublico` FOREIGN KEY (`transporte_publico`) REFERENCES `transportes_publicos` (`id`),
  ADD CONSTRAINT `FKqwxo1jb4i30f0a8oflo4cv4yj` FOREIGN KEY (`id`) REFERENCES `lugares` (`id`);

--
-- Constraints for table `provincias`
--
ALTER TABLE `provincias`
  ADD CONSTRAINT `FK_Provincias_Pais` FOREIGN KEY (`pais`) REFERENCES `paises` (`id`);

--
-- Constraints for table `registros_calculo_hc_dato_actividad`
--
ALTER TABLE `registros_calculo_hc_dato_actividad`
  ADD CONSTRAINT `FK_RegistrosCalculoHCDatoActividad_Organizacion` FOREIGN KEY (`organizacion`) REFERENCES `organizaciones` (`id`),
  ADD CONSTRAINT `FK_RegistrosCalculoHCDatoActividad_Valor` FOREIGN KEY (`valor`) REFERENCES `cantidades` (`id`);

--
-- Constraints for table `registros_calculo_hc_trayecto`
--
ALTER TABLE `registros_calculo_hc_trayecto`
  ADD CONSTRAINT `FK_RegistrosCalculoHCTrayecto_Miembro` FOREIGN KEY (`miembro`) REFERENCES `miembros` (`id`),
  ADD CONSTRAINT `FK_RegistrosCalculoHCTrayecto_Trayecto` FOREIGN KEY (`trayecto`) REFERENCES `trayectos` (`id`),
  ADD CONSTRAINT `FK_RegistrosCalculoHCTrayecto_Valor` FOREIGN KEY (`valor`) REFERENCES `cantidades` (`id`);

--
-- Constraints for table `relaciones_unidades`
--
ALTER TABLE `relaciones_unidades`
  ADD CONSTRAINT `FK_RelacionesUnidades_UnidadCociente` FOREIGN KEY (`unidad_cociente`) REFERENCES `unidades` (`id`),
  ADD CONSTRAINT `FK_RelacionesUnidades_UnidadDerecha` FOREIGN KEY (`unidad_derecha`) REFERENCES `unidades` (`id`),
  ADD CONSTRAINT `FK_RelacionesUnidades_UnidadIzquierda` FOREIGN KEY (`unidad_izquierda`) REFERENCES `unidades` (`id`),
  ADD CONSTRAINT `FK_RelacionesUnidades_UnidadProducto` FOREIGN KEY (`unidad_producto`) REFERENCES `unidades` (`id`);

--
-- Constraints for table `sectores`
--
ALTER TABLE `sectores`
  ADD CONSTRAINT `FK_Sectores_Espacio` FOREIGN KEY (`espacio`) REFERENCES `espacios` (`id`),
  ADD CONSTRAINT `FK_Sectores_Organizacion` FOREIGN KEY (`organizacion`) REFERENCES `organizaciones` (`id`);

--
-- Constraints for table `solicitudes`
--
ALTER TABLE `solicitudes`
  ADD CONSTRAINT `FK_Solicitudes_Miembro` FOREIGN KEY (`miembro`) REFERENCES `miembros` (`id`),
  ADD CONSTRAINT `FK_Solicitudes_Sector` FOREIGN KEY (`sector`) REFERENCES `sectores` (`id`);

--
-- Constraints for table `tipos_de_consumo`
--
ALTER TABLE `tipos_de_consumo`
  ADD CONSTRAINT `FK_TiposDeConsumo_Unidad` FOREIGN KEY (`unidad`) REFERENCES `unidades` (`id`);

--
-- Constraints for table `tramos`
--
ALTER TABLE `tramos`
  ADD CONSTRAINT `FK_Tramos_DistanciaRecorrida` FOREIGN KEY (`distancia_recorrida`) REFERENCES `cantidades` (`id`),
  ADD CONSTRAINT `FK_Tramos_LugarFin` FOREIGN KEY (`lugar_fin`) REFERENCES `lugares` (`id`),
  ADD CONSTRAINT `FK_Tramos_LugarInicio` FOREIGN KEY (`lugar_inicio`) REFERENCES `lugares` (`id`),
  ADD CONSTRAINT `FK_Tramos_MedioDeTransporte` FOREIGN KEY (`medio_de_transporte`) REFERENCES `medios_de_transporte` (`id`),
  ADD CONSTRAINT `FK_Tramos_Trayecto` FOREIGN KEY (`trayecto`) REFERENCES `trayectos` (`id`);

--
-- Constraints for table `transportes_publicos`
--
ALTER TABLE `transportes_publicos`
  ADD CONSTRAINT `FK5x2o2u04fdr8t65s2rpkcj2e8` FOREIGN KEY (`id`) REFERENCES `medios_de_transporte` (`id`),
  ADD CONSTRAINT `FK_TransportesPublicos_Combustible` FOREIGN KEY (`combustible`) REFERENCES `combustibles` (`id`);

--
-- Constraints for table `trayectos`
--
ALTER TABLE `trayectos`
  ADD CONSTRAINT `FK_Trayectos_Fin` FOREIGN KEY (`fin`) REFERENCES `lugares` (`id`),
  ADD CONSTRAINT `FK_Trayectos_Inicio` FOREIGN KEY (`inicio`) REFERENCES `lugares` (`id`);

--
-- Constraints for table `unidades`
--
ALTER TABLE `unidades`
  ADD CONSTRAINT `FK_Unidades_TipoUnidad` FOREIGN KEY (`tipo_unidad`) REFERENCES `tipos_de_unidad` (`id`);

--
-- Constraints for table `vehiculos_no_contaminantes`
--
ALTER TABLE `vehiculos_no_contaminantes`
  ADD CONSTRAINT `FKofdqxy9ygp7p08hot0k63l9o7` FOREIGN KEY (`id`) REFERENCES `medios_de_transporte` (`id`);

--
-- Constraints for table `vehiculos_particulares`
--
ALTER TABLE `vehiculos_particulares`
  ADD CONSTRAINT `FK_VehiculosParticulares_Combustible` FOREIGN KEY (`combustible`) REFERENCES `combustibles` (`id`),
  ADD CONSTRAINT `FK_VehiculosParticulares_TipoServicioContratado` FOREIGN KEY (`tipo_servicio_contratado`) REFERENCES `tipos_servicio_contratado` (`id`),
  ADD CONSTRAINT `FKfrw9u29oe7r9tfc2vuo94dxk0` FOREIGN KEY (`id`) REFERENCES `medios_de_transporte` (`id`);
COMMIT;

/*!40101 SET CHARACTER_SET_CLIENT=@OLD_CHARACTER_SET_CLIENT */;
/*!40101 SET CHARACTER_SET_RESULTS=@OLD_CHARACTER_SET_RESULTS */;
/*!40101 SET COLLATION_CONNECTION=@OLD_COLLATION_CONNECTION */;
